{"type":"FeatureCollection","bbox":[0.0,0.0,-1.0,-1.0],"features":[{"type":"Feature","properties":{"tot_tpw_tot":1019,"tot_tot_tot":57157,"tot_othsvs_tot":1826,"tot_hc_sa_tot":10971,"tot_const_tot":2185,"tot_idns_tot":1753,"sa4_name16":"Adelaide - Central and Hills","tot_prosts_tot":6129,"tot_rett_tot":3964,"tot_wst_tot":1055,"tot_adsup_tot":2541,"tot_finins_tot":2640,"sa4_code16":"401","tot_rhre_tot":850,"tot_acfd_tot":6272,"tot_artsr_tot":826,"tot_edtrn_tot":5480,"tot_imt_tot":1209,"tot_pubas_tot":5249},"id":"sa4_w08e_ind_emp_by_year_arr_aust_by_prof_spkn_eng_census_2016.fid-33f230a3_16aa47c2374_-4480"},{"type":"Feature","properties":{"tot_tpw_tot":1655,"tot_tot_tot":33246,"tot_othsvs_tot":1224,"tot_hc_sa_tot":6437,"tot_const_tot":1871,"tot_idns_tot":1405,"sa4_name16":"Adelaide - North","tot_prosts_tot":1039,"tot_rett_tot":3265,"tot_wst_tot":1278,"tot_adsup_tot":1144,"tot_finins_tot":206,"sa4_code16":"402","tot_rhre_tot":307,"tot_acfd_tot":1704,"tot_artsr_tot":153,"tot_edtrn_tot":2607,"tot_imt_tot":237,"tot_pubas_tot":2097},"id":"sa4_w08e_ind_emp_by_year_arr_aust_by_prof_spkn_eng_census_2016.fid-33f230a3_16aa47c2374_-447f"},{"type":"Feature","properties":{"tot_tpw_tot":595,"tot_tot_tot":24672,"tot_othsvs_tot":974,"tot_hc_sa_tot":6826,"tot_const_tot":1503,"tot_idns_tot":815,"sa4_name16":"Adelaide - South","tot_prosts_tot":1199,"tot_rett_tot":2415,"tot_wst_tot":371,"tot_adsup_tot":851,"tot_finins_tot":598,"sa4_code16":"403","tot_rhre_tot":283,"tot_acfd_tot":2110,"tot_artsr_tot":289,"tot_edtrn_tot":2711,"tot_imt_tot":158,"tot_pubas_tot":932},"id":"sa4_w08e_ind_emp_by_year_arr_aust_by_prof_spkn_eng_census_2016.fid-33f230a3_16aa47c2374_-447e"},{"type":"Feature","properties":{"tot_tpw_tot":2979,"tot_tot_tot":32672,"tot_othsvs_tot":1672,"tot_hc_sa_tot":5310,"tot_const_tot":2011,"tot_idns_tot":1428,"sa4_name16":"Adelaide - West","tot_prosts_tot":1405,"tot_rett_tot":2739,"tot_wst_tot":1296,"tot_adsup_tot":1319,"tot_finins_tot":478,"sa4_code16":"404","tot_rhre_tot":349,"tot_acfd_tot":2014,"tot_artsr_tot":256,"tot_edtrn_tot":1447,"tot_imt_tot":374,"tot_pubas_tot":1231},"id":"sa4_w08e_ind_emp_by_year_arr_aust_by_prof_spkn_eng_census_2016.fid-33f230a3_16aa47c2374_-447d"},{"type":"Feature","properties":{"tot_tpw_tot":113,"tot_tot_tot":3953,"tot_othsvs_tot":101,"tot_hc_sa_tot":639,"tot_const_tot":184,"tot_idns_tot":146,"sa4_name16":"Barossa - Yorke - Mid North","tot_prosts_tot":118,"tot_rett_tot":325,"tot_wst_tot":56,"tot_adsup_tot":159,"tot_finins_tot":28,"sa4_code16":"405","tot_rhre_tot":18,"tot_acfd_tot":362,"tot_artsr_tot":49,"tot_edtrn_tot":329,"tot_imt_tot":20,"tot_pubas_tot":152},"id":"sa4_w08e_ind_emp_by_year_arr_aust_by_prof_spkn_eng_census_2016.fid-33f230a3_16aa47c2374_-447c"},{"type":"Feature","properties":{"tot_tpw_tot":130,"tot_tot_tot":4285,"tot_othsvs_tot":119,"tot_hc_sa_tot":726,"tot_const_tot":208,"tot_idns_tot":122,"sa4_name16":"South Australia - Outback","tot_prosts_tot":90,"tot_rett_tot":361,"tot_wst_tot":53,"tot_adsup_tot":151,"tot_finins_tot":27,"sa4_code16":"406","tot_rhre_tot":36,"tot_acfd_tot":384,"tot_artsr_tot":39,"tot_edtrn_tot":326,"tot_imt_tot":16,"tot_pubas_tot":252},"id":"sa4_w08e_ind_emp_by_year_arr_aust_by_prof_spkn_eng_census_2016.fid-33f230a3_16aa47c2374_-447b"},{"type":"Feature","properties":{"tot_tpw_tot":221,"tot_tot_tot":8782,"tot_othsvs_tot":236,"tot_hc_sa_tot":1390,"tot_const_tot":324,"tot_idns_tot":357,"sa4_name16":"South Australia - South East","tot_prosts_tot":196,"tot_rett_tot":680,"tot_wst_tot":400,"tot_adsup_tot":340,"tot_finins_tot":72,"sa4_code16":"407","tot_rhre_tot":71,"tot_acfd_tot":635,"tot_artsr_tot":65,"tot_edtrn_tot":499,"tot_imt_tot":38,"tot_pubas_tot":370},"id":"sa4_w08e_ind_emp_by_year_arr_aust_by_prof_spkn_eng_census_2016.fid-33f230a3_16aa47c2374_-447a"}]}