{"type":"FeatureCollection","bbox":[0.0,0.0,-1.0,-1.0],"features":[{"type":"Feature","properties":{"tot_tpw_tot":493,"tot_tot_tot":16226,"tot_othsvs_tot":561,"tot_hc_sa_tot":2465,"tot_const_tot":1057,"tot_idns_tot":666,"sa4_name16":"Bunbury","tot_prosts_tot":617,"tot_rett_tot":1590,"tot_wst_tot":217,"tot_adsup_tot":576,"tot_finins_tot":173,"sa4_code16":"501","tot_rhre_tot":233,"tot_acfd_tot":1584,"tot_artsr_tot":186,"tot_edtrn_tot":1326,"tot_imt_tot":105,"tot_pubas_tot":777},"id":"sa4_w08e_ind_emp_by_year_arr_aust_by_prof_spkn_eng_census_2016.fid-33f230a3_16aa47c2374_-4259"},{"type":"Feature","properties":{"tot_tpw_tot":247,"tot_tot_tot":8703,"tot_othsvs_tot":375,"tot_hc_sa_tot":1764,"tot_const_tot":704,"tot_idns_tot":340,"sa4_name16":"Mandurah","tot_prosts_tot":298,"tot_rett_tot":1079,"tot_wst_tot":111,"tot_adsup_tot":257,"tot_finins_tot":115,"sa4_code16":"502","tot_rhre_tot":180,"tot_acfd_tot":918,"tot_artsr_tot":108,"tot_edtrn_tot":890,"tot_imt_tot":64,"tot_pubas_tot":410},"id":"sa4_w08e_ind_emp_by_year_arr_aust_by_prof_spkn_eng_census_2016.fid-33f230a3_16aa47c2374_-4258"},{"type":"Feature","properties":{"tot_tpw_tot":1658,"tot_tot_tot":101782,"tot_othsvs_tot":2922,"tot_hc_sa_tot":17527,"tot_const_tot":4484,"tot_idns_tot":3871,"sa4_name16":"Perth - Inner","tot_prosts_tot":15232,"tot_rett_tot":4999,"tot_wst_tot":1012,"tot_adsup_tot":4443,"tot_finins_tot":6152,"sa4_code16":"503","tot_rhre_tot":1817,"tot_acfd_tot":9180,"tot_artsr_tot":1045,"tot_edtrn_tot":6302,"tot_imt_tot":1517,"tot_pubas_tot":8584},"id":"sa4_w08e_ind_emp_by_year_arr_aust_by_prof_spkn_eng_census_2016.fid-33f230a3_16aa47c2374_-4257"},{"type":"Feature","properties":{"tot_tpw_tot":2067,"tot_tot_tot":35534,"tot_othsvs_tot":2035,"tot_hc_sa_tot":4361,"tot_const_tot":3173,"tot_idns_tot":2208,"sa4_name16":"Perth - North East","tot_prosts_tot":1501,"tot_rett_tot":3578,"tot_wst_tot":1594,"tot_adsup_tot":1100,"tot_finins_tot":376,"sa4_code16":"504","tot_rhre_tot":512,"tot_acfd_tot":2552,"tot_artsr_tot":289,"tot_edtrn_tot":2228,"tot_imt_tot":306,"tot_pubas_tot":2086},"id":"sa4_w08e_ind_emp_by_year_arr_aust_by_prof_spkn_eng_census_2016.fid-33f230a3_16aa47c2374_-4256"},{"type":"Feature","properties":{"tot_tpw_tot":1946,"tot_tot_tot":72563,"tot_othsvs_tot":3528,"tot_hc_sa_tot":11360,"tot_const_tot":7829,"tot_idns_tot":3722,"sa4_name16":"Perth - North West","tot_prosts_tot":3998,"tot_rett_tot":9139,"tot_wst_tot":1838,"tot_adsup_tot":2771,"tot_finins_tot":1335,"sa4_code16":"505","tot_rhre_tot":1143,"tot_acfd_tot":5783,"tot_artsr_tot":858,"tot_edtrn_tot":7095,"tot_imt_tot":778,"tot_pubas_tot":3206},"id":"sa4_w08e_ind_emp_by_year_arr_aust_by_prof_spkn_eng_census_2016.fid-33f230a3_16aa47c2374_-4255"},{"type":"Feature","properties":{"tot_tpw_tot":8443,"tot_tot_tot":85279,"tot_othsvs_tot":3602,"tot_hc_sa_tot":9511,"tot_const_tot":6880,"tot_idns_tot":4581,"sa4_name16":"Perth - South East","tot_prosts_tot":4365,"tot_rett_tot":7589,"tot_wst_tot":3948,"tot_adsup_tot":3016,"tot_finins_tot":1021,"sa4_code16":"506","tot_rhre_tot":1461,"tot_acfd_tot":6580,"tot_artsr_tot":2307,"tot_edtrn_tot":7454,"tot_imt_tot":644,"tot_pubas_tot":3864},"id":"sa4_w08e_ind_emp_by_year_arr_aust_by_prof_spkn_eng_census_2016.fid-33f230a3_16aa47c2374_-4254"},{"type":"Feature","properties":{"tot_tpw_tot":2752,"tot_tot_tot":60972,"tot_othsvs_tot":2427,"tot_hc_sa_tot":10942,"tot_const_tot":5052,"tot_idns_tot":3244,"sa4_name16":"Perth - South West","tot_prosts_tot":2973,"tot_rett_tot":5960,"tot_wst_tot":1595,"tot_adsup_tot":1672,"tot_finins_tot":788,"sa4_code16":"507","tot_rhre_tot":918,"tot_acfd_tot":4930,"tot_artsr_tot":601,"tot_edtrn_tot":5349,"tot_imt_tot":318,"tot_pubas_tot":3263},"id":"sa4_w08e_ind_emp_by_year_arr_aust_by_prof_spkn_eng_census_2016.fid-33f230a3_16aa47c2374_-4253"},{"type":"Feature","properties":{"tot_tpw_tot":328,"tot_tot_tot":11659,"tot_othsvs_tot":351,"tot_hc_sa_tot":1580,"tot_const_tot":630,"tot_idns_tot":491,"sa4_name16":"Western Australia - Wheat Belt","tot_prosts_tot":380,"tot_rett_tot":796,"tot_wst_tot":430,"tot_adsup_tot":265,"tot_finins_tot":161,"sa4_code16":"509","tot_rhre_tot":106,"tot_acfd_tot":810,"tot_artsr_tot":108,"tot_edtrn_tot":954,"tot_imt_tot":63,"tot_pubas_tot":800},"id":"sa4_w08e_ind_emp_by_year_arr_aust_by_prof_spkn_eng_census_2016.fid-33f230a3_16aa47c2374_-4252"},{"type":"Feature","properties":{"tot_tpw_tot":1103,"tot_tot_tot":23096,"tot_othsvs_tot":403,"tot_hc_sa_tot":1265,"tot_const_tot":3864,"tot_idns_tot":1095,"sa4_name16":"Western Australia - Outback (North)","tot_prosts_tot":1114,"tot_rett_tot":764,"tot_wst_tot":225,"tot_adsup_tot":859,"tot_finins_tot":60,"sa4_code16":"510","tot_rhre_tot":260,"tot_acfd_tot":1875,"tot_artsr_tot":78,"tot_edtrn_tot":711,"tot_imt_tot":61,"tot_pubas_tot":719},"id":"sa4_w08e_ind_emp_by_year_arr_aust_by_prof_spkn_eng_census_2016.fid-33f230a3_16aa47c2374_-4251"},{"type":"Feature","properties":{"tot_tpw_tot":685,"tot_tot_tot":14713,"tot_othsvs_tot":450,"tot_hc_sa_tot":1648,"tot_const_tot":722,"tot_idns_tot":464,"sa4_name16":"Western Australia - Outback (South)","tot_prosts_tot":415,"tot_rett_tot":921,"tot_wst_tot":213,"tot_adsup_tot":430,"tot_finins_tot":116,"sa4_code16":"511","tot_rhre_tot":130,"tot_acfd_tot":1321,"tot_artsr_tot":116,"tot_edtrn_tot":933,"tot_imt_tot":61,"tot_pubas_tot":829},"id":"sa4_w08e_ind_emp_by_year_arr_aust_by_prof_spkn_eng_census_2016.fid-33f230a3_16aa47c2374_-4250"}]}