{"organisation":"AU_Govt_ABS_Census","name":"sa4_w08e_ind_emp_by_year_arr_aust_by_prof_spkn_eng_census_2016","title":"SA4-W08e Industry of Employment by Year of Arrival in Australia by Proficiency in Spoken English-Census 2016","legal":{"attribution":"{datasource.organisationTitle}, ({dataset.attributionYear}): {dataset.title}; accessed from AURIN Portal on {dateOfAccess}.","attributionYear":"2017","clickthrough":false,"copyrightNotice":"&copy; {datasource.organisationTitle} {dataset.copyrightYear}","copyrightYear":"2017","licenceType":"Creative Commons Attribution 2.5 Australia (CC BY 2.5 AU)"},"referenceSystemIdentifier":"urn:x-ogc:def:crs:EPSG:4283","geoLevel":"sa4_2016","key":"sa4_code16","keyRegex":null,"availability":"true","geomField":"wkb_geometry","keyword":"language,industry of employment,migration,overseas,english proficiency,industry,employment,wpp,2016,census,w08e,working population profile,arrival in australia","theme":null,"temporalExtent":{"beginDate":"2016-08-09T00:00:00","endDate":"2016-08-11T00:00:00","selectTime":false},"type":"dataset","_id":"dataset-AU_Govt_ABS_Census-sa4_w08e_ind_emp_by_year_arr_aust_by_prof_spkn_eng_census_2016-sa4_2016","bbox":null,"abstract":"SA4 based data for Industry of Employment by Year of Arrival in Australia by Proficiency in Spoken English, in Working Population Profile (WPP), 2016 Census. Count of employed persons aged 15 years and over born overseas. Excludes persons who did not state their country of birth. The year 2016 is the period 1 January 2016 to 9 August 2016. W08 is broken up into 5 sections (W08a - W08e), this section contains 'Total Construction Total' - 'Total Total Total'. The data is by SA4 2016 boundaries. Periodicity: 5-Yearly. <br/>\nNote: There are small random adjustments made to all cell values to protect the confidentiality of data. These adjustments may cause the sum of rows or columns to differ by small amounts from table totals.<br/>\nFor more information visit the data source: <a href=http://www.abs.gov.au/census>http://www.abs.gov.au/census</a>. \n","selectedAttributes":[{"name":"sa4_code16","type":"String","title":"SA4 Code 2016","description":"SA4 Code 2016.","stype":"nominal","isDimension":false},{"name":"sa4_name16","type":"String","title":"SA4 Name 2016","description":"SA4 Name 2016.","stype":"nominal","isDimension":false},{"name":"tot_acfd_tot","type":"Integer","title":"Total Accommodation and food services Total","description":"Total Accommodation and food services Total.","stype":"ratio","isDimension":false},{"name":"tot_adsup_tot","type":"Integer","title":"Total Administrative and support services Total","description":"Total Administrative and support services Total.","stype":"ratio","isDimension":false},{"name":"tot_const_tot","type":"Integer","title":"Total Construction Total","description":"Total Construction Total.","stype":"ratio","isDimension":false},{"name":"tot_artsr_tot","type":"Integer","title":"Total Arts and recreation services Total","description":"Total Arts and recreation services Total.","stype":"ratio","isDimension":false},{"name":"tot_edtrn_tot","type":"Integer","title":"Total Education and training Total","description":"Total Education and training Total.","stype":"ratio","isDimension":false},{"name":"tot_finins_tot","type":"Integer","title":"Total Financial and insurance services Total","description":"Total Financial and insurance services Total.","stype":"ratio","isDimension":false},{"name":"tot_hc_sa_tot","type":"Integer","title":"Total Health care and social assistance Total","description":"Total Health care and social assistance Total.","stype":"ratio","isDimension":false},{"name":"tot_idns_tot","type":"Integer","title":"Total Inadequately described Not stated Total","description":"Total Inadequately described Not stated Total.","stype":"ratio","isDimension":false},{"name":"tot_imt_tot","type":"Integer","title":"Total Information media and telecommunications Total","description":"Total Information media and telecommunications Total.","stype":"ratio","isDimension":false},{"name":"tot_othsvs_tot","type":"Integer","title":"Total Other services Total","description":"Total Other services Total.","stype":"ratio","isDimension":false},{"name":"tot_prosts_tot","type":"Integer","title":"Total Professional scientific and technical services Total","description":"Total Professional scientific and technical services Total.","stype":"ratio","isDimension":false},{"name":"tot_pubas_tot","type":"Integer","title":"Total Public administration and safety Total","description":"Total Public administration and safety Total.","stype":"ratio","isDimension":false},{"name":"tot_rett_tot","type":"Integer","title":"Total Retail trade Total","description":"Total Retail trade Total.","stype":"ratio","isDimension":false},{"name":"tot_rhre_tot","type":"Integer","title":"Total Rental hiring and real estate services Total","description":"Total Rental hiring and real estate services Total.","stype":"ratio","isDimension":false},{"name":"tot_tot_tot","type":"Integer","title":"Total Total Total","description":"Total Total Total.","stype":"ratio","isDimension":false},{"name":"tot_tpw_tot","type":"Integer","title":"Total Transport postal and warehousing Total","description":"Total Transport postal and warehousing Total.","stype":"ratio","isDimension":false},{"name":"tot_wst_tot","type":"Integer","title":"Total Wholesale trade Total","description":"Total Wholesale trade Total.","stype":"ratio","isDimension":false}],"filter":{"filterType":"tabular","feature":{"key":"sa4_code16","geoLevel":"sa4_2016","geoField":"ignored","year":"2006","featureBbox":[112.921113952,-35.134846436000004,129.001930016,-13.689492034999999],"featureType":"ste","featureInstance":"5","featureName":"Western Australia","referenceSystemIdentifier":"urn:x-ogc:def:crs:EPSG:4283","prefix":"","keyTransform":null},"states":["5"]}}