{"organisation":"NSW_Govt_BOCSAR","name":"non_domestic_assaults_robberies_sydney_lga_2013_2016","title":"BOCSAR Non-domestic Assaults and Robberies Sydney LGA (Point) 2013-2016","legal":{"copyrightYear":"2017","attributionYear":"2017","attribution":"{datasource.organisationTitle}, ({dataset.attributionYear}): {dataset.title}; accessed from AURIN Portal on {dateOfAccess}.","clickthrough":false,"licenceType":"Creative Commons Attribution 3.0 Australia (CC BY 3.0 AU)","copyrightNotice":"&copy; {datasource.organisationTitle} {dataset.copyrightYear}"},"referenceSystemIdentifier":"urn:x-ogc:def:crs:EPSG:4283","geoLevel":"NA","key":"unique_id","keyRegex":null,"availability":"true","geomField":"the_geom","keyword":"2013,2016,Sydney,Sydney lga,outdoor,crime,non-domestic,robbery,assault","theme":null,"temporalExtent":{"beginDate":"2013-01-01T00:00:00","endDate":"2016-03-31T00:00:00","selectTime":false},"type":"dataset","_id":"dataset-NSW_Govt_BOCSAR-non_domestic_assaults_robberies_sydney_lga_2013_2016-NA","bbox":null,"abstract":"These data reflect criminal incidents recorded by the NSW Police Force on their Computerised Operational Policing System (COPS). Criminal incidents can be either reported to police or detected by police through pro-active activity.  This dataset has been compiled by the NSW Bureau of Crime Statistics and Research from a quarterly COPS download receives from the NSW Police Force. It contains incidents reported between January 2013 and March 2016 where the incident occurred at an outdoor or public place (including parks, streets, footpaths) within the Sydney Local Government Area for the following offence categories:\n<ul>\n<li>Non-domestic violence related assault</li>\n<li>Robbery</li>\n<li>Graffiti</li>\n<li>Steal from motor vehicle</li>\n<li>Motor vehicle theft</li>\n<li>Possession and/or use of amphetamines</li>\n<li>Possession and/or use of cannabis</li>\n<li>Possession and/or use of cocaine</li>\n<li>Possession and/or use of ecstasy</li>\n<li>Possession and/or use of narcotics</li>\n<li>Possession and/or use of other drugs</li>\n<li>Robbery with a firearm</li>\n<li>Robbery with a weapon that isn?t a firearm</li>\n<li>Robbery without a weapon</li>\n</ul><br/>\nThe letters bcsr in the fields refers to BOCSAR which stands for Bureau of Crime Statistics and Research, NSW.\n<br/>In the field \"time interval\" all incidents happening between T and T+1 are assigned to T o'clock. For instance, all instanced that occurred from 3:00pm to 3:59pm are assigned to 3. One-hour interval is deemed as the basis.\n","selectedAttributes":[{"name":"unique_id","type":"Integer","title":"unique identification","description":"Unique Identification","stype":"ordinal","isDimension":false},{"name":"lganame","type":"String","title":"LGA name","description":"Sydney Local Government Area","stype":"nominal","isDimension":false},{"name":"locsurb","type":"String","title":"suburb","description":"Suburb where the incident occurred","stype":"nominal","isDimension":false},{"name":"bcsrcat","type":"String","title":"offence category","description":"Offence categories categorised by BOCSAR","stype":"nominal","categories":[{"key":"Graffiti","label":"Graffiti"},{"key":"Motor vehicle theft","label":"Motor vehicle theft"},{"key":"Non-domestic violence related assault","label":"Non-domestic violence related assault"},{"key":"Possession and/or use of amphetamines","label":"Possession and/or use of amphetamines"},{"key":"Possession and/or use of cannabis","label":"Possession and/or use of cannabis"},{"key":"Possession and/or use of cocaine","label":"Possession and/or use of cocaine"},{"key":"Possession and/or use of ecstasy","label":"Possession and/or use of ecstasy"},{"key":"Possession and/or use of narcotics","label":"Possession and/or use of narcotics"},{"key":"Possession and/or use of other drugs","label":"Possession and/or use of other drugs"},{"key":"Robbery with a firearm","label":"Robbery with a firearm"},{"key":"Robbery with a weapon not a firearm","label":"Robbery with a weapon not a firearm"},{"key":"Robbery without a weapon","label":"Robbery without a weapon"},{"key":"Steal from motor vehicle","label":"Steal from motor vehicle"}],"filterValue":["Non-domestic violence related assault"],"isDimension":false},{"name":"eventyr","type":"Integer","title":"year the incident was reported to police","description":"The year when the incident was reported to police; sometimes there is a delay in reporting so the incident year and the event year can differ.","stype":"interval","isDimension":false}],"filter":{"filterType":"tabular","spatial":{"bbox":[140.999278016,-37.505059998,159.109219008,-28.157019914]},"where":"(bcsrcat IN ('Non-domestic violence related assault'))","states":["1"]}}