{"type":"FeatureCollection","bbox":[0.0,0.0,-1.0,-1.0],"features":[{"type":"Feature","properties":{"hl_p_homeless_tot":984,"sa4_code11":"401","sa4_name_2011":"Adelaide - Central and Hills"},"id":"sa4_estimating_homelessness_2011.401"},{"type":"Feature","properties":{"hl_p_homeless_tot":1447,"sa4_code11":"402","sa4_name_2011":"Adelaide - North"},"id":"sa4_estimating_homelessness_2011.402"},{"type":"Feature","properties":{"hl_p_homeless_tot":812,"sa4_code11":"403","sa4_name_2011":"Adelaide - South"},"id":"sa4_estimating_homelessness_2011.403"},{"type":"Feature","properties":{"hl_p_homeless_tot":845,"sa4_code11":"404","sa4_name_2011":"Adelaide - West"},"id":"sa4_estimating_homelessness_2011.404"},{"type":"Feature","properties":{"hl_p_homeless_tot":218,"sa4_code11":"405","sa4_name_2011":"Barossa - Yorke - Mid North"},"id":"sa4_estimating_homelessness_2011.405"},{"type":"Feature","properties":{"hl_p_homeless_tot":1003,"sa4_code11":"406","sa4_name_2011":"South Australia - Outback"},"id":"sa4_estimating_homelessness_2011.406"},{"type":"Feature","properties":{"hl_p_homeless_tot":523,"sa4_code11":"407","sa4_name_2011":"South Australia - South East"},"id":"sa4_estimating_homelessness_2011.407"}]}