{"type":"FeatureCollection","bbox":[0.0,0.0,-1.0,-1.0],"features":[{"type":"Feature","properties":{"sa4_code16":"401","hl_p_homeless_tot":1078,"sa4_name_2016":"Adelaide - Central and Hills"},"id":"sa4_estimating_homelessness_2016.401"},{"type":"Feature","properties":{"sa4_code16":"402","hl_p_homeless_tot":1618,"sa4_name_2016":"Adelaide - North"},"id":"sa4_estimating_homelessness_2016.402"},{"type":"Feature","properties":{"sa4_code16":"403","hl_p_homeless_tot":986,"sa4_name_2016":"Adelaide - South"},"id":"sa4_estimating_homelessness_2016.403"},{"type":"Feature","properties":{"sa4_code16":"404","hl_p_homeless_tot":945,"sa4_name_2016":"Adelaide - West"},"id":"sa4_estimating_homelessness_2016.404"},{"type":"Feature","properties":{"sa4_code16":"405","hl_p_homeless_tot":237,"sa4_name_2016":"Barossa - Yorke - Mid North"},"id":"sa4_estimating_homelessness_2016.405"},{"type":"Feature","properties":{"sa4_code16":"406","hl_p_homeless_tot":695,"sa4_name_2016":"South Australia - Outback"},"id":"sa4_estimating_homelessness_2016.406"},{"type":"Feature","properties":{"sa4_code16":"407","hl_p_homeless_tot":637,"sa4_name_2016":"South Australia - South East"},"id":"sa4_estimating_homelessness_2016.407"}]}