{"type":"FeatureCollection","bbox":[0.0,0.0,-1.0,-1.0],"features":[{"type":"Feature","properties":{"sa2_name16":"Kulin","total_migration_rate":11.7935,"mig_pop_total":3875,"total_migration":457,"sa2_code16":"509031247"},"id":"natsem_social_indicators_migration_rate_sa2_2016.509031247"},{"type":"Feature","properties":{"sa2_name16":"Murray","total_migration_rate":17.5109,"mig_pop_total":2290,"total_migration":401,"sa2_code16":"509031248"},"id":"natsem_social_indicators_migration_rate_sa2_2016.509031248"},{"type":"Feature","properties":{"sa2_name16":"Kalgoorlie - North","total_migration_rate":26.0368,"mig_pop_total":8150,"total_migration":2122,"sa2_code16":"511031280"},"id":"natsem_social_indicators_migration_rate_sa2_2016.511031280"},{"type":"Feature","properties":{"sa2_name16":"Kalgoorlie Airport","total_migration_rate":0.0,"mig_pop_total":0,"total_migration":0,"sa2_code16":"511031281"},"id":"natsem_social_indicators_migration_rate_sa2_2016.511031281"},{"type":"Feature","properties":{"sa2_name16":"Kambalda - Coolgardie - Norseman","total_migration_rate":22.1647,"mig_pop_total":3862,"total_migration":856,"sa2_code16":"511031282"},"id":"natsem_social_indicators_migration_rate_sa2_2016.511031282"},{"type":"Feature","properties":{"sa2_name16":"Augusta","total_migration_rate":21.0117,"mig_pop_total":4883,"total_migration":1026,"sa2_code16":"501011001"},"id":"natsem_social_indicators_migration_rate_sa2_2016.501011001"},{"type":"Feature","properties":{"sa2_name16":"Busselton","total_migration_rate":19.5523,"mig_pop_total":24437,"total_migration":4778,"sa2_code16":"501011002"},"id":"natsem_social_indicators_migration_rate_sa2_2016.501011002"},{"type":"Feature","properties":{"sa2_name16":"Busselton Region","total_migration_rate":20.1126,"mig_pop_total":9412,"total_migration":1893,"sa2_code16":"501011003"},"id":"natsem_social_indicators_migration_rate_sa2_2016.501011003"},{"type":"Feature","properties":{"sa2_name16":"Margaret River","total_migration_rate":24.9346,"mig_pop_total":8029,"total_migration":2002,"sa2_code16":"501011004"},"id":"natsem_social_indicators_migration_rate_sa2_2016.501011004"},{"type":"Feature","properties":{"sa2_name16":"Australind - Leschenault","total_migration_rate":21.1917,"mig_pop_total":16346,"total_migration":3464,"sa2_code16":"501021005"},"id":"natsem_social_indicators_migration_rate_sa2_2016.501021005"},{"type":"Feature","properties":{"sa2_name16":"Capel","total_migration_rate":15.8867,"mig_pop_total":4765,"total_migration":757,"sa2_code16":"501021007"},"id":"natsem_social_indicators_migration_rate_sa2_2016.501021007"},{"type":"Feature","properties":{"sa2_name16":"College Grove - Carey Park","total_migration_rate":19.9449,"mig_pop_total":6172,"total_migration":1231,"sa2_code16":"501021008"},"id":"natsem_social_indicators_migration_rate_sa2_2016.501021008"},{"type":"Feature","properties":{"sa2_name16":"Collie","total_migration_rate":12.218,"mig_pop_total":7890,"total_migration":964,"sa2_code16":"501021009"},"id":"natsem_social_indicators_migration_rate_sa2_2016.501021009"},{"type":"Feature","properties":{"sa2_name16":"Dardanup","total_migration_rate":14.5329,"mig_pop_total":2890,"total_migration":420,"sa2_code16":"501021010"},"id":"natsem_social_indicators_migration_rate_sa2_2016.501021010"},{"type":"Feature","properties":{"sa2_name16":"Dalyellup","total_migration_rate":29.0903,"mig_pop_total":8453,"total_migration":2459,"sa2_code16":"501021251"},"id":"natsem_social_indicators_migration_rate_sa2_2016.501021251"},{"type":"Feature","properties":{"sa2_name16":"Davenport","total_migration_rate":0.0,"mig_pop_total":11,"total_migration":0,"sa2_code16":"501021011"},"id":"natsem_social_indicators_migration_rate_sa2_2016.501021011"},{"type":"Feature","properties":{"sa2_name16":"Eaton - Pelican Point","total_migration_rate":19.0871,"mig_pop_total":10976,"total_migration":2095,"sa2_code16":"501021012"},"id":"natsem_social_indicators_migration_rate_sa2_2016.501021012"},{"type":"Feature","properties":{"sa2_name16":"Harvey","total_migration_rate":19.8137,"mig_pop_total":8050,"total_migration":1595,"sa2_code16":"501021014"},"id":"natsem_social_indicators_migration_rate_sa2_2016.501021014"},{"type":"Feature","properties":{"sa2_name16":"East Bunbury - Glen Iris","total_migration_rate":21.5876,"mig_pop_total":6513,"total_migration":1406,"sa2_code16":"501021015"},"id":"natsem_social_indicators_migration_rate_sa2_2016.501021015"},{"type":"Feature","properties":{"sa2_name16":"Waroona","total_migration_rate":18.4786,"mig_pop_total":3615,"total_migration":668,"sa2_code16":"501021016"},"id":"natsem_social_indicators_migration_rate_sa2_2016.501021016"},{"type":"Feature","properties":{"sa2_name16":"Gelorup - Stratham","total_migration_rate":18.5664,"mig_pop_total":2860,"total_migration":531,"sa2_code16":"501021252"},"id":"natsem_social_indicators_migration_rate_sa2_2016.501021252"},{"type":"Feature","properties":{"sa2_name16":"South Bunbury - Bunbury","total_migration_rate":25.2288,"mig_pop_total":11146,"total_migration":2812,"sa2_code16":"501021253"},"id":"natsem_social_indicators_migration_rate_sa2_2016.501021253"},{"type":"Feature","properties":{"sa2_name16":"Withers - Usher","total_migration_rate":20.5435,"mig_pop_total":4673,"total_migration":960,"sa2_code16":"501021254"},"id":"natsem_social_indicators_migration_rate_sa2_2016.501021254"},{"type":"Feature","properties":{"sa2_name16":"Bridgetown - Boyup Brook","total_migration_rate":22.2643,"mig_pop_total":5803,"total_migration":1292,"sa2_code16":"501031017"},"id":"natsem_social_indicators_migration_rate_sa2_2016.501031017"},{"type":"Feature","properties":{"sa2_name16":"Donnybrook - Balingup","total_migration_rate":19.3394,"mig_pop_total":5238,"total_migration":1013,"sa2_code16":"501031018"},"id":"natsem_social_indicators_migration_rate_sa2_2016.501031018"},{"type":"Feature","properties":{"sa2_name16":"Manjimup","total_migration_rate":14.76,"mig_pop_total":5000,"total_migration":738,"sa2_code16":"501031019"},"id":"natsem_social_indicators_migration_rate_sa2_2016.501031019"},{"type":"Feature","properties":{"sa2_name16":"Pemberton","total_migration_rate":20.8538,"mig_pop_total":4474,"total_migration":933,"sa2_code16":"501031020"},"id":"natsem_social_indicators_migration_rate_sa2_2016.501031020"},{"type":"Feature","properties":{"sa2_name16":"Dawesville - Bouvard","total_migration_rate":27.7837,"mig_pop_total":6619,"total_migration":1839,"sa2_code16":"502011021"},"id":"natsem_social_indicators_migration_rate_sa2_2016.502011021"},{"type":"Feature","properties":{"sa2_name16":"Falcon - Wannanup","total_migration_rate":26.1424,"mig_pop_total":8228,"total_migration":2151,"sa2_code16":"502011022"},"id":"natsem_social_indicators_migration_rate_sa2_2016.502011022"},{"type":"Feature","properties":{"sa2_name16":"Greenfields","total_migration_rate":24.3847,"mig_pop_total":9182,"total_migration":2239,"sa2_code16":"502011023"},"id":"natsem_social_indicators_migration_rate_sa2_2016.502011023"},{"type":"Feature","properties":{"sa2_name16":"Halls Head - Erskine","total_migration_rate":31.1718,"mig_pop_total":17272,"total_migration":5384,"sa2_code16":"502011024"},"id":"natsem_social_indicators_migration_rate_sa2_2016.502011024"},{"type":"Feature","properties":{"sa2_name16":"Ballajura","total_migration_rate":37.7616,"mig_pop_total":17870,"total_migration":6748,"sa2_code16":"504031056"},"id":"natsem_social_indicators_migration_rate_sa2_2016.504031056"},{"type":"Feature","properties":{"sa2_name16":"Mandurah","total_migration_rate":30.7072,"mig_pop_total":8187,"total_migration":2514,"sa2_code16":"502011025"},"id":"natsem_social_indicators_migration_rate_sa2_2016.502011025"},{"type":"Feature","properties":{"sa2_name16":"Mandurah - East","total_migration_rate":21.1778,"mig_pop_total":5383,"total_migration":1140,"sa2_code16":"502011026"},"id":"natsem_social_indicators_migration_rate_sa2_2016.502011026"},{"type":"Feature","properties":{"sa2_name16":"Mandurah - North","total_migration_rate":33.3214,"mig_pop_total":16752,"total_migration":5582,"sa2_code16":"502011027"},"id":"natsem_social_indicators_migration_rate_sa2_2016.502011027"},{"type":"Feature","properties":{"sa2_name16":"Mandurah - South","total_migration_rate":28.0163,"mig_pop_total":9341,"total_migration":2617,"sa2_code16":"502011028"},"id":"natsem_social_indicators_migration_rate_sa2_2016.502011028"},{"type":"Feature","properties":{"sa2_name16":"Pinjarra","total_migration_rate":19.0904,"mig_pop_total":8685,"total_migration":1658,"sa2_code16":"502011029"},"id":"natsem_social_indicators_migration_rate_sa2_2016.502011029"},{"type":"Feature","properties":{"sa2_name16":"City Beach","total_migration_rate":31.1826,"mig_pop_total":6308,"total_migration":1967,"sa2_code16":"503011030"},"id":"natsem_social_indicators_migration_rate_sa2_2016.503011030"},{"type":"Feature","properties":{"sa2_name16":"Malaga","total_migration_rate":0.0,"mig_pop_total":4,"total_migration":0,"sa2_code16":"504031063"},"id":"natsem_social_indicators_migration_rate_sa2_2016.504031063"},{"type":"Feature","properties":{"sa2_name16":"Claremont (WA)","total_migration_rate":33.5611,"mig_pop_total":7464,"total_migration":2505,"sa2_code16":"503011031"},"id":"natsem_social_indicators_migration_rate_sa2_2016.503011031"},{"type":"Feature","properties":{"sa2_name16":"Cottesloe","total_migration_rate":26.8466,"mig_pop_total":6891,"total_migration":1850,"sa2_code16":"503011032"},"id":"natsem_social_indicators_migration_rate_sa2_2016.503011032"},{"type":"Feature","properties":{"sa2_name16":"Floreat","total_migration_rate":26.6693,"mig_pop_total":7608,"total_migration":2029,"sa2_code16":"503011033"},"id":"natsem_social_indicators_migration_rate_sa2_2016.503011033"},{"type":"Feature","properties":{"sa2_name16":"Mosman Park - Peppermint Grove","total_migration_rate":33.8568,"mig_pop_total":9552,"total_migration":3234,"sa2_code16":"503011034"},"id":"natsem_social_indicators_migration_rate_sa2_2016.503011034"},{"type":"Feature","properties":{"sa2_name16":"Nedlands - Dalkeith - Crawley","total_migration_rate":41.6813,"mig_pop_total":17665,"total_migration":7363,"sa2_code16":"503011035"},"id":"natsem_social_indicators_migration_rate_sa2_2016.503011035"},{"type":"Feature","properties":{"sa2_name16":"Swanbourne - Mount Claremont","total_migration_rate":30.1227,"mig_pop_total":8233,"total_migration":2480,"sa2_code16":"503011036"},"id":"natsem_social_indicators_migration_rate_sa2_2016.503011036"},{"type":"Feature","properties":{"sa2_name16":"Kings Park (WA)","total_migration_rate":0.0,"mig_pop_total":8,"total_migration":0,"sa2_code16":"503021037"},"id":"natsem_social_indicators_migration_rate_sa2_2016.503021037"},{"type":"Feature","properties":{"sa2_name16":"Mount Hawthorn - Leederville","total_migration_rate":29.879,"mig_pop_total":10084,"total_migration":3013,"sa2_code16":"503021038"},"id":"natsem_social_indicators_migration_rate_sa2_2016.503021038"},{"type":"Feature","properties":{"sa2_name16":"Mount Lawley - Inglewood","total_migration_rate":33.4495,"mig_pop_total":15202,"total_migration":5085,"sa2_code16":"503021039"},"id":"natsem_social_indicators_migration_rate_sa2_2016.503021039"},{"type":"Feature","properties":{"sa2_name16":"North Perth","total_migration_rate":33.9467,"mig_pop_total":8260,"total_migration":2804,"sa2_code16":"503021040"},"id":"natsem_social_indicators_migration_rate_sa2_2016.503021040"},{"type":"Feature","properties":{"sa2_name16":"Perth City","total_migration_rate":59.2928,"mig_pop_total":26413,"total_migration":15661,"sa2_code16":"503021041"},"id":"natsem_social_indicators_migration_rate_sa2_2016.503021041"},{"type":"Feature","properties":{"sa2_name16":"Subiaco - Shenton Park","total_migration_rate":38.3071,"mig_pop_total":15240,"total_migration":5838,"sa2_code16":"503021042"},"id":"natsem_social_indicators_migration_rate_sa2_2016.503021042"},{"type":"Feature","properties":{"sa2_name16":"Melaleuca - Lexia","total_migration_rate":0.0,"mig_pop_total":0,"total_migration":0,"sa2_code16":"504031064"},"id":"natsem_social_indicators_migration_rate_sa2_2016.504031064"},{"type":"Feature","properties":{"sa2_name16":"Wembley - West Leederville - Glendalough","total_migration_rate":41.3901,"mig_pop_total":16545,"total_migration":6848,"sa2_code16":"503021043"},"id":"natsem_social_indicators_migration_rate_sa2_2016.503021043"},{"type":"Feature","properties":{"sa2_name16":"Bassendean - Eden Hill - Ashfield","total_migration_rate":30.5514,"mig_pop_total":14127,"total_migration":4316,"sa2_code16":"504011044"},"id":"natsem_social_indicators_migration_rate_sa2_2016.504011044"},{"type":"Feature","properties":{"sa2_name16":"Stratton - Jane Brook","total_migration_rate":22.6438,"mig_pop_total":6483,"total_migration":1468,"sa2_code16":"504031067"},"id":"natsem_social_indicators_migration_rate_sa2_2016.504031067"},{"type":"Feature","properties":{"sa2_name16":"Bayswater - Embleton - Bedford","total_migration_rate":35.3056,"mig_pop_total":21583,"total_migration":7620,"sa2_code16":"504011045"},"id":"natsem_social_indicators_migration_rate_sa2_2016.504011045"},{"type":"Feature","properties":{"sa2_name16":"Maylands","total_migration_rate":45.9326,"mig_pop_total":11580,"total_migration":5319,"sa2_code16":"504011046"},"id":"natsem_social_indicators_migration_rate_sa2_2016.504011046"},{"type":"Feature","properties":{"sa2_name16":"Morley","total_migration_rate":46.3845,"mig_pop_total":20343,"total_migration":9436,"sa2_code16":"504011047"},"id":"natsem_social_indicators_migration_rate_sa2_2016.504011047"},{"type":"Feature","properties":{"sa2_name16":"Noranda","total_migration_rate":43.0283,"mig_pop_total":7595,"total_migration":3268,"sa2_code16":"504011048"},"id":"natsem_social_indicators_migration_rate_sa2_2016.504011048"},{"type":"Feature","properties":{"sa2_name16":"Chidlow","total_migration_rate":23.1962,"mig_pop_total":4449,"total_migration":1032,"sa2_code16":"504021049"},"id":"natsem_social_indicators_migration_rate_sa2_2016.504021049"},{"type":"Feature","properties":{"sa2_name16":"Glen Forrest - Darlington","total_migration_rate":28.9587,"mig_pop_total":6713,"total_migration":1944,"sa2_code16":"504021050"},"id":"natsem_social_indicators_migration_rate_sa2_2016.504021050"},{"type":"Feature","properties":{"sa2_name16":"Helena Valley - Koongamia","total_migration_rate":24.1243,"mig_pop_total":5053,"total_migration":1219,"sa2_code16":"504021051"},"id":"natsem_social_indicators_migration_rate_sa2_2016.504021051"},{"type":"Feature","properties":{"sa2_name16":"Malmalling - Reservoir","total_migration_rate":0.0,"mig_pop_total":7,"total_migration":0,"sa2_code16":"504021052"},"id":"natsem_social_indicators_migration_rate_sa2_2016.504021052"},{"type":"Feature","properties":{"sa2_name16":"Mundaring","total_migration_rate":24.5732,"mig_pop_total":12066,"total_migration":2965,"sa2_code16":"504021053"},"id":"natsem_social_indicators_migration_rate_sa2_2016.504021053"},{"type":"Feature","properties":{"sa2_name16":"Swan View - Greenmount - Midvale","total_migration_rate":26.5274,"mig_pop_total":11294,"total_migration":2996,"sa2_code16":"504021054"},"id":"natsem_social_indicators_migration_rate_sa2_2016.504021054"},{"type":"Feature","properties":{"sa2_name16":"Avon Valley National Park","total_migration_rate":0.0,"mig_pop_total":8,"total_migration":0,"sa2_code16":"504031055"},"id":"natsem_social_indicators_migration_rate_sa2_2016.504031055"},{"type":"Feature","properties":{"sa2_name16":"Beechboro","total_migration_rate":43.5988,"mig_pop_total":16950,"total_migration":7390,"sa2_code16":"504031057"},"id":"natsem_social_indicators_migration_rate_sa2_2016.504031057"},{"type":"Feature","properties":{"sa2_name16":"Craigie - Beldon","total_migration_rate":33.8146,"mig_pop_total":9212,"total_migration":3115,"sa2_code16":"505011070"},"id":"natsem_social_indicators_migration_rate_sa2_2016.505011070"},{"type":"Feature","properties":{"sa2_name16":"Bullsbrook","total_migration_rate":25.0762,"mig_pop_total":4594,"total_migration":1152,"sa2_code16":"504031058"},"id":"natsem_social_indicators_migration_rate_sa2_2016.504031058"},{"type":"Feature","properties":{"sa2_name16":"Currambine - Kinross","total_migration_rate":50.4118,"mig_pop_total":13235,"total_migration":6672,"sa2_code16":"505011071"},"id":"natsem_social_indicators_migration_rate_sa2_2016.505011071"},{"type":"Feature","properties":{"sa2_name16":"Ellenbrook","total_migration_rate":35.6126,"mig_pop_total":33856,"total_migration":12057,"sa2_code16":"504031059"},"id":"natsem_social_indicators_migration_rate_sa2_2016.504031059"},{"type":"Feature","properties":{"sa2_name16":"Duncraig","total_migration_rate":34.259,"mig_pop_total":14764,"total_migration":5058,"sa2_code16":"505011072"},"id":"natsem_social_indicators_migration_rate_sa2_2016.505011072"},{"type":"Feature","properties":{"sa2_name16":"Gidgegannup","total_migration_rate":22.9735,"mig_pop_total":2529,"total_migration":581,"sa2_code16":"504031060"},"id":"natsem_social_indicators_migration_rate_sa2_2016.504031060"},{"type":"Feature","properties":{"sa2_name16":"Hazelmere - Guildford","total_migration_rate":29.5179,"mig_pop_total":3879,"total_migration":1145,"sa2_code16":"504031061"},"id":"natsem_social_indicators_migration_rate_sa2_2016.504031061"},{"type":"Feature","properties":{"sa2_name16":"Lockridge - Kiara","total_migration_rate":38.69,"mig_pop_total":9832,"total_migration":3804,"sa2_code16":"504031062"},"id":"natsem_social_indicators_migration_rate_sa2_2016.504031062"},{"type":"Feature","properties":{"sa2_name16":"Middle Swan - Herne Hill","total_migration_rate":29.2919,"mig_pop_total":4957,"total_migration":1452,"sa2_code16":"504031065"},"id":"natsem_social_indicators_migration_rate_sa2_2016.504031065"},{"type":"Feature","properties":{"sa2_name16":"Midland - Guildford","total_migration_rate":36.2423,"mig_pop_total":9362,"total_migration":3393,"sa2_code16":"504031066"},"id":"natsem_social_indicators_migration_rate_sa2_2016.504031066"},{"type":"Feature","properties":{"sa2_name16":"Greenwood - Warwick","total_migration_rate":31.0749,"mig_pop_total":12811,"total_migration":3981,"sa2_code16":"505011073"},"id":"natsem_social_indicators_migration_rate_sa2_2016.505011073"},{"type":"Feature","properties":{"sa2_name16":"The Vines","total_migration_rate":36.0128,"mig_pop_total":9380,"total_migration":3378,"sa2_code16":"504031068"},"id":"natsem_social_indicators_migration_rate_sa2_2016.504031068"},{"type":"Feature","properties":{"sa2_name16":"Walyunga National Park","total_migration_rate":0.0,"mig_pop_total":0,"total_migration":0,"sa2_code16":"504031069"},"id":"natsem_social_indicators_migration_rate_sa2_2016.504031069"},{"type":"Feature","properties":{"sa2_name16":"Heathridge - Connolly","total_migration_rate":42.1744,"mig_pop_total":9814,"total_migration":4139,"sa2_code16":"505011074"},"id":"natsem_social_indicators_migration_rate_sa2_2016.505011074"},{"type":"Feature","properties":{"sa2_name16":"Iluka - Burns Beach","total_migration_rate":53.8635,"mig_pop_total":8412,"total_migration":4531,"sa2_code16":"505011076"},"id":"natsem_social_indicators_migration_rate_sa2_2016.505011076"},{"type":"Feature","properties":{"sa2_name16":"Hillarys","total_migration_rate":36.7996,"mig_pop_total":10405,"total_migration":3829,"sa2_code16":"505011075"},"id":"natsem_social_indicators_migration_rate_sa2_2016.505011075"},{"type":"Feature","properties":{"sa2_name16":"Joondalup - Edgewater","total_migration_rate":48.9946,"mig_pop_total":12881,"total_migration":6311,"sa2_code16":"505011077"},"id":"natsem_social_indicators_migration_rate_sa2_2016.505011077"},{"type":"Feature","properties":{"sa2_name16":"Kingsley","total_migration_rate":33.0888,"mig_pop_total":12542,"total_migration":4150,"sa2_code16":"505011078"},"id":"natsem_social_indicators_migration_rate_sa2_2016.505011078"},{"type":"Feature","properties":{"sa2_name16":"Mullaloo - Kallaroo","total_migration_rate":40.4941,"mig_pop_total":10525,"total_migration":4262,"sa2_code16":"505011079"},"id":"natsem_social_indicators_migration_rate_sa2_2016.505011079"},{"type":"Feature","properties":{"sa2_name16":"Sorrento - Marmion","total_migration_rate":30.0011,"mig_pop_total":9233,"total_migration":2770,"sa2_code16":"505011082"},"id":"natsem_social_indicators_migration_rate_sa2_2016.505011082"},{"type":"Feature","properties":{"sa2_name16":"Ocean Reef","total_migration_rate":46.955,"mig_pop_total":7537,"total_migration":3539,"sa2_code16":"505011080"},"id":"natsem_social_indicators_migration_rate_sa2_2016.505011080"},{"type":"Feature","properties":{"sa2_name16":"Padbury","total_migration_rate":34.5114,"mig_pop_total":7838,"total_migration":2705,"sa2_code16":"505011081"},"id":"natsem_social_indicators_migration_rate_sa2_2016.505011081"},{"type":"Feature","properties":{"sa2_name16":"Woodvale","total_migration_rate":38.9468,"mig_pop_total":9020,"total_migration":3513,"sa2_code16":"505011083"},"id":"natsem_social_indicators_migration_rate_sa2_2016.505011083"},{"type":"Feature","properties":{"sa2_name16":"Balcatta - Hamersley","total_migration_rate":37.563,"mig_pop_total":14296,"total_migration":5370,"sa2_code16":"505021084"},"id":"natsem_social_indicators_migration_rate_sa2_2016.505021084"},{"type":"Feature","properties":{"sa2_name16":"Balga - Mirrabooka","total_migration_rate":53.7569,"mig_pop_total":18273,"total_migration":9823,"sa2_code16":"505021085"},"id":"natsem_social_indicators_migration_rate_sa2_2016.505021085"},{"type":"Feature","properties":{"sa2_name16":"Dianella","total_migration_rate":43.2481,"mig_pop_total":22875,"total_migration":9893,"sa2_code16":"505021086"},"id":"natsem_social_indicators_migration_rate_sa2_2016.505021086"},{"type":"Feature","properties":{"sa2_name16":"Herdsman","total_migration_rate":0.0,"mig_pop_total":0,"total_migration":0,"sa2_code16":"505021087"},"id":"natsem_social_indicators_migration_rate_sa2_2016.505021087"},{"type":"Feature","properties":{"sa2_name16":"Innaloo - Doubleview","total_migration_rate":35.2013,"mig_pop_total":15275,"total_migration":5377,"sa2_code16":"505021088"},"id":"natsem_social_indicators_migration_rate_sa2_2016.505021088"},{"type":"Feature","properties":{"sa2_name16":"Karrinyup - Gwelup - Carine","total_migration_rate":29.0343,"mig_pop_total":19353,"total_migration":5619,"sa2_code16":"505021089"},"id":"natsem_social_indicators_migration_rate_sa2_2016.505021089"},{"type":"Feature","properties":{"sa2_name16":"Nollamara - Westminster","total_migration_rate":54.0709,"mig_pop_total":16225,"total_migration":8773,"sa2_code16":"505021090"},"id":"natsem_social_indicators_migration_rate_sa2_2016.505021090"},{"type":"Feature","properties":{"sa2_name16":"Osborne Park Industrial","total_migration_rate":0.0,"mig_pop_total":7,"total_migration":0,"sa2_code16":"505021091"},"id":"natsem_social_indicators_migration_rate_sa2_2016.505021091"},{"type":"Feature","properties":{"sa2_name16":"Scarborough","total_migration_rate":35.9689,"mig_pop_total":14140,"total_migration":5086,"sa2_code16":"505021092"},"id":"natsem_social_indicators_migration_rate_sa2_2016.505021092"},{"type":"Feature","properties":{"sa2_name16":"Stirling - Osborne Park","total_migration_rate":44.2483,"mig_pop_total":12918,"total_migration":5716,"sa2_code16":"505021093"},"id":"natsem_social_indicators_migration_rate_sa2_2016.505021093"},{"type":"Feature","properties":{"sa2_name16":"Butler - Merriwa - Ridgewood","total_migration_rate":44.0745,"mig_pop_total":21205,"total_migration":9346,"sa2_code16":"505031099"},"id":"natsem_social_indicators_migration_rate_sa2_2016.505031099"},{"type":"Feature","properties":{"sa2_name16":"Trigg - North Beach - Watermans Bay","total_migration_rate":25.2658,"mig_pop_total":7148,"total_migration":1806,"sa2_code16":"505021094"},"id":"natsem_social_indicators_migration_rate_sa2_2016.505021094"},{"type":"Feature","properties":{"sa2_name16":"Tuart Hill - Joondanna","total_migration_rate":44.9515,"mig_pop_total":11023,"total_migration":4955,"sa2_code16":"505021095"},"id":"natsem_social_indicators_migration_rate_sa2_2016.505021095"},{"type":"Feature","properties":{"sa2_name16":"Wembley Downs - Churchlands - Woodlands","total_migration_rate":34.6727,"mig_pop_total":13414,"total_migration":4651,"sa2_code16":"505021096"},"id":"natsem_social_indicators_migration_rate_sa2_2016.505021096"},{"type":"Feature","properties":{"sa2_name16":"Girrawheen","total_migration_rate":45.4257,"mig_pop_total":8198,"total_migration":3724,"sa2_code16":"505031102"},"id":"natsem_social_indicators_migration_rate_sa2_2016.505031102"},{"type":"Feature","properties":{"sa2_name16":"Yokine - Coolbinia - Menora","total_migration_rate":38.9221,"mig_pop_total":14547,"total_migration":5662,"sa2_code16":"505021097"},"id":"natsem_social_indicators_migration_rate_sa2_2016.505021097"},{"type":"Feature","properties":{"sa2_name16":"Alexander Heights - Koondoola","total_migration_rate":44.0396,"mig_pop_total":11308,"total_migration":4980,"sa2_code16":"505031098"},"id":"natsem_social_indicators_migration_rate_sa2_2016.505031098"},{"type":"Feature","properties":{"sa2_name16":"Carramar","total_migration_rate":46.8145,"mig_pop_total":15743,"total_migration":7370,"sa2_code16":"505031100"},"id":"natsem_social_indicators_migration_rate_sa2_2016.505031100"},{"type":"Feature","properties":{"sa2_name16":"Clarkson","total_migration_rate":46.9222,"mig_pop_total":12054,"total_migration":5656,"sa2_code16":"505031101"},"id":"natsem_social_indicators_migration_rate_sa2_2016.505031101"},{"type":"Feature","properties":{"sa2_name16":"Madeley - Darch - Landsdale","total_migration_rate":40.0238,"mig_pop_total":24368,"total_migration":9753,"sa2_code16":"505031103"},"id":"natsem_social_indicators_migration_rate_sa2_2016.505031103"},{"type":"Feature","properties":{"sa2_name16":"Marangaroo","total_migration_rate":41.1895,"mig_pop_total":9920,"total_migration":4086,"sa2_code16":"505031104"},"id":"natsem_social_indicators_migration_rate_sa2_2016.505031104"},{"type":"Feature","properties":{"sa2_name16":"Mindarie - Quinns Rocks - Jindalee","total_migration_rate":50.6819,"mig_pop_total":17671,"total_migration":8956,"sa2_code16":"505031105"},"id":"natsem_social_indicators_migration_rate_sa2_2016.505031105"},{"type":"Feature","properties":{"sa2_name16":"North Coogee","total_migration_rate":36.5466,"mig_pop_total":2137,"total_migration":781,"sa2_code16":"507011158"},"id":"natsem_social_indicators_migration_rate_sa2_2016.507011158"},{"type":"Feature","properties":{"sa2_name16":"Neerabup National Park","total_migration_rate":0.0,"mig_pop_total":5,"total_migration":0,"sa2_code16":"505031106"},"id":"natsem_social_indicators_migration_rate_sa2_2016.505031106"},{"type":"Feature","properties":{"sa2_name16":"Leeming","total_migration_rate":37.8827,"mig_pop_total":10419,"total_migration":3947,"sa2_code16":"507041180"},"id":"natsem_social_indicators_migration_rate_sa2_2016.507041180"},{"type":"Feature","properties":{"sa2_name16":"Tapping - Ashby - Sinagra","total_migration_rate":46.1096,"mig_pop_total":12685,"total_migration":5849,"sa2_code16":"505031107"},"id":"natsem_social_indicators_migration_rate_sa2_2016.505031107"},{"type":"Feature","properties":{"sa2_name16":"Alkimos - Eglinton","total_migration_rate":50.1448,"mig_pop_total":7253,"total_migration":3637,"sa2_code16":"505031255"},"id":"natsem_social_indicators_migration_rate_sa2_2016.505031255"},{"type":"Feature","properties":{"sa2_name16":"Wanneroo","total_migration_rate":38.2941,"mig_pop_total":24304,"total_migration":9307,"sa2_code16":"505031108"},"id":"natsem_social_indicators_migration_rate_sa2_2016.505031108"},{"type":"Feature","properties":{"sa2_name16":"Yanchep","total_migration_rate":42.0835,"mig_pop_total":7977,"total_migration":3357,"sa2_code16":"505031258"},"id":"natsem_social_indicators_migration_rate_sa2_2016.505031258"},{"type":"Feature","properties":{"sa2_name16":"Carabooda - Pinjar","total_migration_rate":31.9444,"mig_pop_total":648,"total_migration":207,"sa2_code16":"505031256"},"id":"natsem_social_indicators_migration_rate_sa2_2016.505031256"},{"type":"Feature","properties":{"sa2_name16":"Seville Grove","total_migration_rate":34.4038,"mig_pop_total":9653,"total_migration":3321,"sa2_code16":"506011117"},"id":"natsem_social_indicators_migration_rate_sa2_2016.506011117"},{"type":"Feature","properties":{"sa2_name16":"Belmont - Ascot - Redcliffe","total_migration_rate":41.6026,"mig_pop_total":12867,"total_migration":5353,"sa2_code16":"506021118"},"id":"natsem_social_indicators_migration_rate_sa2_2016.506021118"},{"type":"Feature","properties":{"sa2_name16":"Two Rocks","total_migration_rate":30.824,"mig_pop_total":2670,"total_migration":823,"sa2_code16":"505031257"},"id":"natsem_social_indicators_migration_rate_sa2_2016.505031257"},{"type":"Feature","properties":{"sa2_name16":"Armadale - Wungong - Brookdale","total_migration_rate":32.6316,"mig_pop_total":17195,"total_migration":5611,"sa2_code16":"506011110"},"id":"natsem_social_indicators_migration_rate_sa2_2016.506011110"},{"type":"Feature","properties":{"sa2_name16":"East Victoria Park - Carlisle","total_migration_rate":42.0262,"mig_pop_total":15043,"total_migration":6322,"sa2_code16":"506021119"},"id":"natsem_social_indicators_migration_rate_sa2_2016.506021119"},{"type":"Feature","properties":{"sa2_name16":"Ashendon - Lesley","total_migration_rate":0.0,"mig_pop_total":11,"total_migration":0,"sa2_code16":"506011111"},"id":"natsem_social_indicators_migration_rate_sa2_2016.506011111"},{"type":"Feature","properties":{"sa2_name16":"Kewdale Commercial","total_migration_rate":0.0,"mig_pop_total":8,"total_migration":0,"sa2_code16":"506021120"},"id":"natsem_social_indicators_migration_rate_sa2_2016.506021120"},{"type":"Feature","properties":{"sa2_name16":"Camillo - Champion Lakes","total_migration_rate":33.8999,"mig_pop_total":5177,"total_migration":1755,"sa2_code16":"506011112"},"id":"natsem_social_indicators_migration_rate_sa2_2016.506011112"},{"type":"Feature","properties":{"sa2_name16":"Forrestdale - Harrisdale - Piara Waters","total_migration_rate":48.4339,"mig_pop_total":18613,"total_migration":9015,"sa2_code16":"506011113"},"id":"natsem_social_indicators_migration_rate_sa2_2016.506011113"},{"type":"Feature","properties":{"sa2_name16":"Kelmscott","total_migration_rate":34.7341,"mig_pop_total":9590,"total_migration":3331,"sa2_code16":"506011114"},"id":"natsem_social_indicators_migration_rate_sa2_2016.506011114"},{"type":"Feature","properties":{"sa2_name16":"Canning Vale - West","total_migration_rate":47.6684,"mig_pop_total":9650,"total_migration":4600,"sa2_code16":"506031125"},"id":"natsem_social_indicators_migration_rate_sa2_2016.506031125"},{"type":"Feature","properties":{"sa2_name16":"Mount Nasura - Mount Richon - Bedfordale","total_migration_rate":34.189,"mig_pop_total":7441,"total_migration":2544,"sa2_code16":"506011115"},"id":"natsem_social_indicators_migration_rate_sa2_2016.506011115"},{"type":"Feature","properties":{"sa2_name16":"Canning Vale Commercial","total_migration_rate":0.0,"mig_pop_total":0,"total_migration":0,"sa2_code16":"506031126"},"id":"natsem_social_indicators_migration_rate_sa2_2016.506031126"},{"type":"Feature","properties":{"sa2_name16":"Roleystone","total_migration_rate":30.6965,"mig_pop_total":6662,"total_migration":2045,"sa2_code16":"506011116"},"id":"natsem_social_indicators_migration_rate_sa2_2016.506011116"},{"type":"Feature","properties":{"sa2_name16":"Perth Airport","total_migration_rate":0.0,"mig_pop_total":0,"total_migration":0,"sa2_code16":"506021121"},"id":"natsem_social_indicators_migration_rate_sa2_2016.506021121"},{"type":"Feature","properties":{"sa2_name16":"Willetton","total_migration_rate":51.5399,"mig_pop_total":17664,"total_migration":9104,"sa2_code16":"506031131"},"id":"natsem_social_indicators_migration_rate_sa2_2016.506031131"},{"type":"Feature","properties":{"sa2_name16":"Rivervale - Kewdale - Cloverdale","total_migration_rate":47.1787,"mig_pop_total":22614,"total_migration":10669,"sa2_code16":"506021122"},"id":"natsem_social_indicators_migration_rate_sa2_2016.506021122"},{"type":"Feature","properties":{"sa2_name16":"Victoria Park - Lathlain - Burswood","total_migration_rate":46.4098,"mig_pop_total":13286,"total_migration":6166,"sa2_code16":"506021123"},"id":"natsem_social_indicators_migration_rate_sa2_2016.506021123"},{"type":"Feature","properties":{"sa2_name16":"Bentley - Wilson - St James","total_migration_rate":54.3079,"mig_pop_total":18327,"total_migration":9953,"sa2_code16":"506031124"},"id":"natsem_social_indicators_migration_rate_sa2_2016.506031124"},{"type":"Feature","properties":{"sa2_name16":"Cannington - Queens Park","total_migration_rate":61.7351,"mig_pop_total":16817,"total_migration":10382,"sa2_code16":"506031127"},"id":"natsem_social_indicators_migration_rate_sa2_2016.506031127"},{"type":"Feature","properties":{"sa2_name16":"Parkwood - Ferndale - Lynwood","total_migration_rate":46.7814,"mig_pop_total":13189,"total_migration":6170,"sa2_code16":"506031128"},"id":"natsem_social_indicators_migration_rate_sa2_2016.506031128"},{"type":"Feature","properties":{"sa2_name16":"Riverton - Shelley - Rossmoyne","total_migration_rate":49.4943,"mig_pop_total":12953,"total_migration":6411,"sa2_code16":"506031129"},"id":"natsem_social_indicators_migration_rate_sa2_2016.506031129"},{"type":"Feature","properties":{"sa2_name16":"Welshpool","total_migration_rate":0.0,"mig_pop_total":9,"total_migration":0,"sa2_code16":"506031130"},"id":"natsem_social_indicators_migration_rate_sa2_2016.506031130"},{"type":"Feature","properties":{"sa2_name16":"Beckenham - Kenwick - Langford","total_migration_rate":50.3172,"mig_pop_total":17815,"total_migration":8964,"sa2_code16":"506041132"},"id":"natsem_social_indicators_migration_rate_sa2_2016.506041132"},{"type":"Feature","properties":{"sa2_name16":"Canning Vale - East","total_migration_rate":52.8078,"mig_pop_total":22224,"total_migration":11736,"sa2_code16":"506041133"},"id":"natsem_social_indicators_migration_rate_sa2_2016.506041133"},{"type":"Feature","properties":{"sa2_name16":"Gosnells","total_migration_rate":38.113,"mig_pop_total":18453,"total_migration":7033,"sa2_code16":"506041134"},"id":"natsem_social_indicators_migration_rate_sa2_2016.506041134"},{"type":"Feature","properties":{"sa2_name16":"Byford","total_migration_rate":29.3916,"mig_pop_total":15188,"total_migration":4464,"sa2_code16":"506061142"},"id":"natsem_social_indicators_migration_rate_sa2_2016.506061142"},{"type":"Feature","properties":{"sa2_name16":"Mundijong","total_migration_rate":22.3095,"mig_pop_total":5984,"total_migration":1335,"sa2_code16":"506061143"},"id":"natsem_social_indicators_migration_rate_sa2_2016.506061143"},{"type":"Feature","properties":{"sa2_name16":"Huntingdale - Southern River","total_migration_rate":43.8096,"mig_pop_total":18254,"total_migration":7997,"sa2_code16":"506041135"},"id":"natsem_social_indicators_migration_rate_sa2_2016.506041135"},{"type":"Feature","properties":{"sa2_name16":"Maddington - Orange Grove - Martin","total_migration_rate":45.0255,"mig_pop_total":12735,"total_migration":5734,"sa2_code16":"506041136"},"id":"natsem_social_indicators_migration_rate_sa2_2016.506041136"},{"type":"Feature","properties":{"sa2_name16":"Serpentine - Jarrahdale","total_migration_rate":25.0314,"mig_pop_total":3979,"total_migration":996,"sa2_code16":"506061144"},"id":"natsem_social_indicators_migration_rate_sa2_2016.506061144"},{"type":"Feature","properties":{"sa2_name16":"Trafalgar (WA)","total_migration_rate":0.0,"mig_pop_total":0,"total_migration":0,"sa2_code16":"511031284"},"id":"natsem_social_indicators_migration_rate_sa2_2016.511031284"},{"type":"Feature","properties":{"sa2_name16":"Thornlie","total_migration_rate":43.6286,"mig_pop_total":22036,"total_migration":9614,"sa2_code16":"506041137"},"id":"natsem_social_indicators_migration_rate_sa2_2016.506041137"},{"type":"Feature","properties":{"sa2_name16":"Geraldton","total_migration_rate":17.817,"mig_pop_total":10490,"total_migration":1869,"sa2_code16":"511041285"},"id":"natsem_social_indicators_migration_rate_sa2_2016.511041285"},{"type":"Feature","properties":{"sa2_name16":"Geraldton - East","total_migration_rate":11.8265,"mig_pop_total":7238,"total_migration":856,"sa2_code16":"511041286"},"id":"natsem_social_indicators_migration_rate_sa2_2016.511041286"},{"type":"Feature","properties":{"sa2_name16":"Geraldton - North","total_migration_rate":14.793,"mig_pop_total":7125,"total_migration":1054,"sa2_code16":"511041287"},"id":"natsem_social_indicators_migration_rate_sa2_2016.511041287"},{"type":"Feature","properties":{"sa2_name16":"Geraldton - South","total_migration_rate":19.5352,"mig_pop_total":9337,"total_migration":1824,"sa2_code16":"511041288"},"id":"natsem_social_indicators_migration_rate_sa2_2016.511041288"},{"type":"Feature","properties":{"sa2_name16":"Irwin","total_migration_rate":14.5354,"mig_pop_total":3261,"total_migration":474,"sa2_code16":"511041289"},"id":"natsem_social_indicators_migration_rate_sa2_2016.511041289"},{"type":"Feature","properties":{"sa2_name16":"Meekatharra","total_migration_rate":19.958,"mig_pop_total":2380,"total_migration":475,"sa2_code16":"511041290"},"id":"natsem_social_indicators_migration_rate_sa2_2016.511041290"},{"type":"Feature","properties":{"sa2_name16":"Morawa","total_migration_rate":13.4241,"mig_pop_total":3598,"total_migration":483,"sa2_code16":"511041291"},"id":"natsem_social_indicators_migration_rate_sa2_2016.511041291"},{"type":"Feature","properties":{"sa2_name16":"Northampton - Mullewa - Greenough","total_migration_rate":13.0989,"mig_pop_total":5176,"total_migration":678,"sa2_code16":"511041292"},"id":"natsem_social_indicators_migration_rate_sa2_2016.511041292"},{"type":"Feature","properties":{"sa2_name16":"Forrestfield - Wattle Grove","total_migration_rate":34.6554,"mig_pop_total":17573,"total_migration":6090,"sa2_code16":"506051138"},"id":"natsem_social_indicators_migration_rate_sa2_2016.506051138"},{"type":"Feature","properties":{"sa2_name16":"High Wycombe","total_migration_rate":26.5184,"mig_pop_total":11328,"total_migration":3004,"sa2_code16":"506051139"},"id":"natsem_social_indicators_migration_rate_sa2_2016.506051139"},{"type":"Feature","properties":{"sa2_name16":"Kalamunda - Maida Vale - Gooseberry Hill","total_migration_rate":32.0811,"mig_pop_total":14108,"total_migration":4526,"sa2_code16":"506051140"},"id":"natsem_social_indicators_migration_rate_sa2_2016.506051140"},{"type":"Feature","properties":{"sa2_name16":"Lesmurdie - Bickley - Carmel","total_migration_rate":27.9795,"mig_pop_total":10933,"total_migration":3059,"sa2_code16":"506051141"},"id":"natsem_social_indicators_migration_rate_sa2_2016.506051141"},{"type":"Feature","properties":{"sa2_name16":"Como","total_migration_rate":38.3011,"mig_pop_total":12997,"total_migration":4978,"sa2_code16":"506071145"},"id":"natsem_social_indicators_migration_rate_sa2_2016.506071145"},{"type":"Feature","properties":{"sa2_name16":"Coolbellup","total_migration_rate":31.894,"mig_pop_total":7550,"total_migration":2408,"sa2_code16":"507011153"},"id":"natsem_social_indicators_migration_rate_sa2_2016.507011153"},{"type":"Feature","properties":{"sa2_name16":"Manning - Waterford","total_migration_rate":40.3864,"mig_pop_total":10818,"total_migration":4369,"sa2_code16":"506071146"},"id":"natsem_social_indicators_migration_rate_sa2_2016.506071146"},{"type":"Feature","properties":{"sa2_name16":"South Perth - Kensington","total_migration_rate":37.8626,"mig_pop_total":15308,"total_migration":5796,"sa2_code16":"506071147"},"id":"natsem_social_indicators_migration_rate_sa2_2016.506071147"},{"type":"Feature","properties":{"sa2_name16":"Banjup","total_migration_rate":36.3344,"mig_pop_total":16772,"total_migration":6094,"sa2_code16":"507011148"},"id":"natsem_social_indicators_migration_rate_sa2_2016.507011148"},{"type":"Feature","properties":{"sa2_name16":"Bibra Industrial","total_migration_rate":0.0,"mig_pop_total":0,"total_migration":0,"sa2_code16":"507011150"},"id":"natsem_social_indicators_migration_rate_sa2_2016.507011150"},{"type":"Feature","properties":{"sa2_name16":"Bibra Lake","total_migration_rate":0.0,"mig_pop_total":0,"total_migration":0,"sa2_code16":"507011151"},"id":"natsem_social_indicators_migration_rate_sa2_2016.507011151"},{"type":"Feature","properties":{"sa2_name16":"Hamilton Hill","total_migration_rate":38.4656,"mig_pop_total":9463,"total_migration":3640,"sa2_code16":"507011154"},"id":"natsem_social_indicators_migration_rate_sa2_2016.507011154"},{"type":"Feature","properties":{"sa2_name16":"Coogee","total_migration_rate":31.7849,"mig_pop_total":8331,"total_migration":2648,"sa2_code16":"507011152"},"id":"natsem_social_indicators_migration_rate_sa2_2016.507011152"},{"type":"Feature","properties":{"sa2_name16":"Henderson","total_migration_rate":0.0,"mig_pop_total":0,"total_migration":0,"sa2_code16":"507011155"},"id":"natsem_social_indicators_migration_rate_sa2_2016.507011155"},{"type":"Feature","properties":{"sa2_name16":"South Lake - Cockburn Central","total_migration_rate":36.6008,"mig_pop_total":10773,"total_migration":3943,"sa2_code16":"507011159"},"id":"natsem_social_indicators_migration_rate_sa2_2016.507011159"},{"type":"Feature","properties":{"sa2_name16":"Spearwood","total_migration_rate":39.3154,"mig_pop_total":9261,"total_migration":3641,"sa2_code16":"507011160"},"id":"natsem_social_indicators_migration_rate_sa2_2016.507011160"},{"type":"Feature","properties":{"sa2_name16":"Success - Hammond Park","total_migration_rate":42.6938,"mig_pop_total":13995,"total_migration":5975,"sa2_code16":"507011161"},"id":"natsem_social_indicators_migration_rate_sa2_2016.507011161"},{"type":"Feature","properties":{"sa2_name16":"Yangebup","total_migration_rate":30.5623,"mig_pop_total":6953,"total_migration":2125,"sa2_code16":"507011163"},"id":"natsem_social_indicators_migration_rate_sa2_2016.507011163"},{"type":"Feature","properties":{"sa2_name16":"Beeliar - Wattleup","total_migration_rate":33.6914,"mig_pop_total":7726,"total_migration":2603,"sa2_code16":"507011259"},"id":"natsem_social_indicators_migration_rate_sa2_2016.507011259"},{"type":"Feature","properties":{"sa2_name16":"Jandakot","total_migration_rate":40.3737,"mig_pop_total":2462,"total_migration":994,"sa2_code16":"507011260"},"id":"natsem_social_indicators_migration_rate_sa2_2016.507011260"},{"type":"Feature","properties":{"sa2_name16":"East Fremantle","total_migration_rate":25.3968,"mig_pop_total":6867,"total_migration":1744,"sa2_code16":"507021164"},"id":"natsem_social_indicators_migration_rate_sa2_2016.507021164"},{"type":"Feature","properties":{"sa2_name16":"Fremantle","total_migration_rate":34.0439,"mig_pop_total":13042,"total_migration":4440,"sa2_code16":"507021165"},"id":"natsem_social_indicators_migration_rate_sa2_2016.507021165"},{"type":"Feature","properties":{"sa2_name16":"Fremantle - South","total_migration_rate":32.4196,"mig_pop_total":13316,"total_migration":4317,"sa2_code16":"507021166"},"id":"natsem_social_indicators_migration_rate_sa2_2016.507021166"},{"type":"Feature","properties":{"sa2_name16":"O'Connor (WA)","total_migration_rate":0.0,"mig_pop_total":8,"total_migration":0,"sa2_code16":"507021167"},"id":"natsem_social_indicators_migration_rate_sa2_2016.507021167"},{"type":"Feature","properties":{"sa2_name16":"Cooloongup","total_migration_rate":31.958,"mig_pop_total":7901,"total_migration":2525,"sa2_code16":"507051186"},"id":"natsem_social_indicators_migration_rate_sa2_2016.507051186"},{"type":"Feature","properties":{"sa2_name16":"Bertram - Wellard (West)","total_migration_rate":44.7966,"mig_pop_total":13251,"total_migration":5936,"sa2_code16":"507031169"},"id":"natsem_social_indicators_migration_rate_sa2_2016.507031169"},{"type":"Feature","properties":{"sa2_name16":"Calista","total_migration_rate":32.8528,"mig_pop_total":6937,"total_migration":2279,"sa2_code16":"507031170"},"id":"natsem_social_indicators_migration_rate_sa2_2016.507031170"},{"type":"Feature","properties":{"sa2_name16":"Katanning","total_migration_rate":22.8115,"mig_pop_total":3941,"total_migration":899,"sa2_code16":"509011230"},"id":"natsem_social_indicators_migration_rate_sa2_2016.509011230"},{"type":"Feature","properties":{"sa2_name16":"Kojonup","total_migration_rate":14.4159,"mig_pop_total":3732,"total_migration":538,"sa2_code16":"509011231"},"id":"natsem_social_indicators_migration_rate_sa2_2016.509011231"},{"type":"Feature","properties":{"sa2_name16":"Little Grove - Elleker","total_migration_rate":18.6585,"mig_pop_total":3414,"total_migration":637,"sa2_code16":"509011232"},"id":"natsem_social_indicators_migration_rate_sa2_2016.509011232"},{"type":"Feature","properties":{"sa2_name16":"Hope Valley - Postans","total_migration_rate":0.0,"mig_pop_total":46,"total_migration":0,"sa2_code16":"507031172"},"id":"natsem_social_indicators_migration_rate_sa2_2016.507031172"},{"type":"Feature","properties":{"sa2_name16":"Merredin","total_migration_rate":15.9526,"mig_pop_total":4645,"total_migration":741,"sa2_code16":"509021240"},"id":"natsem_social_indicators_migration_rate_sa2_2016.509021240"},{"type":"Feature","properties":{"sa2_name16":"Moora","total_migration_rate":15.792,"mig_pop_total":4230,"total_migration":668,"sa2_code16":"509021241"},"id":"natsem_social_indicators_migration_rate_sa2_2016.509021241"},{"type":"Feature","properties":{"sa2_name16":"Mukinbudin","total_migration_rate":14.7038,"mig_pop_total":2768,"total_migration":407,"sa2_code16":"509021242"},"id":"natsem_social_indicators_migration_rate_sa2_2016.509021242"},{"type":"Feature","properties":{"sa2_name16":"Kwinana Industrial","total_migration_rate":0.0,"mig_pop_total":17,"total_migration":0,"sa2_code16":"507031173"},"id":"natsem_social_indicators_migration_rate_sa2_2016.507031173"},{"type":"Feature","properties":{"sa2_name16":"Parmelia - Orelia","total_migration_rate":33.2655,"mig_pop_total":9830,"total_migration":3270,"sa2_code16":"507031174"},"id":"natsem_social_indicators_migration_rate_sa2_2016.507031174"},{"type":"Feature","properties":{"sa2_name16":"Melville","total_migration_rate":26.5783,"mig_pop_total":15539,"total_migration":4130,"sa2_code16":"507041181"},"id":"natsem_social_indicators_migration_rate_sa2_2016.507041181"},{"type":"Feature","properties":{"sa2_name16":"Casuarina - Wandi","total_migration_rate":32.3575,"mig_pop_total":5841,"total_migration":1890,"sa2_code16":"507031261"},"id":"natsem_social_indicators_migration_rate_sa2_2016.507031261"},{"type":"Feature","properties":{"sa2_name16":"Applecross - Ardross","total_migration_rate":40.0228,"mig_pop_total":10514,"total_migration":4208,"sa2_code16":"507041175"},"id":"natsem_social_indicators_migration_rate_sa2_2016.507041175"},{"type":"Feature","properties":{"sa2_name16":"Bateman","total_migration_rate":42.8093,"mig_pop_total":3581,"total_migration":1533,"sa2_code16":"507041176"},"id":"natsem_social_indicators_migration_rate_sa2_2016.507041176"},{"type":"Feature","properties":{"sa2_name16":"Bicton - Palmyra","total_migration_rate":27.0203,"mig_pop_total":12820,"total_migration":3464,"sa2_code16":"507041177"},"id":"natsem_social_indicators_migration_rate_sa2_2016.507041177"},{"type":"Feature","properties":{"sa2_name16":"Winthrop","total_migration_rate":47.6647,"mig_pop_total":5738,"total_migration":2735,"sa2_code16":"507041184"},"id":"natsem_social_indicators_migration_rate_sa2_2016.507041184"},{"type":"Feature","properties":{"sa2_name16":"Booragoon","total_migration_rate":39.0036,"mig_pop_total":13750,"total_migration":5363,"sa2_code16":"507041178"},"id":"natsem_social_indicators_migration_rate_sa2_2016.507041178"},{"type":"Feature","properties":{"sa2_name16":"Bull Creek","total_migration_rate":45.6267,"mig_pop_total":7500,"total_migration":3422,"sa2_code16":"507041179"},"id":"natsem_social_indicators_migration_rate_sa2_2016.507041179"},{"type":"Feature","properties":{"sa2_name16":"Murdoch - Kardinya","total_migration_rate":41.5941,"mig_pop_total":11593,"total_migration":4822,"sa2_code16":"507041182"},"id":"natsem_social_indicators_migration_rate_sa2_2016.507041182"},{"type":"Feature","properties":{"sa2_name16":"Willagee","total_migration_rate":27.4183,"mig_pop_total":4497,"total_migration":1233,"sa2_code16":"507041183"},"id":"natsem_social_indicators_migration_rate_sa2_2016.507041183"},{"type":"Feature","properties":{"sa2_name16":"Baldivis","total_migration_rate":35.3137,"mig_pop_total":30314,"total_migration":10705,"sa2_code16":"507051185"},"id":"natsem_social_indicators_migration_rate_sa2_2016.507051185"},{"type":"Feature","properties":{"sa2_name16":"Port Kennedy","total_migration_rate":32.5494,"mig_pop_total":12799,"total_migration":4166,"sa2_code16":"507051187"},"id":"natsem_social_indicators_migration_rate_sa2_2016.507051187"},{"type":"Feature","properties":{"sa2_name16":"Rockingham","total_migration_rate":39.4992,"mig_pop_total":13737,"total_migration":5426,"sa2_code16":"507051188"},"id":"natsem_social_indicators_migration_rate_sa2_2016.507051188"},{"type":"Feature","properties":{"sa2_name16":"Rockingham Lakes","total_migration_rate":0.0,"mig_pop_total":0,"total_migration":0,"sa2_code16":"507051189"},"id":"natsem_social_indicators_migration_rate_sa2_2016.507051189"},{"type":"Feature","properties":{"sa2_name16":"Safety Bay - Shoalwater","total_migration_rate":32.2127,"mig_pop_total":10738,"total_migration":3459,"sa2_code16":"507051190"},"id":"natsem_social_indicators_migration_rate_sa2_2016.507051190"},{"type":"Feature","properties":{"sa2_name16":"Singleton - Golden Bay - Secret Harbour","total_migration_rate":34.5541,"mig_pop_total":18458,"total_migration":6378,"sa2_code16":"507051191"},"id":"natsem_social_indicators_migration_rate_sa2_2016.507051191"},{"type":"Feature","properties":{"sa2_name16":"Waikiki","total_migration_rate":33.6825,"mig_pop_total":11647,"total_migration":3923,"sa2_code16":"507051192"},"id":"natsem_social_indicators_migration_rate_sa2_2016.507051192"},{"type":"Feature","properties":{"sa2_name16":"Warnbro","total_migration_rate":30.8626,"mig_pop_total":9808,"total_migration":3027,"sa2_code16":"507051193"},"id":"natsem_social_indicators_migration_rate_sa2_2016.507051193"},{"type":"Feature","properties":{"sa2_name16":"Albany","total_migration_rate":23.5711,"mig_pop_total":13262,"total_migration":3126,"sa2_code16":"509011225"},"id":"natsem_social_indicators_migration_rate_sa2_2016.509011225"},{"type":"Feature","properties":{"sa2_name16":"Albany Region","total_migration_rate":17.5964,"mig_pop_total":3137,"total_migration":552,"sa2_code16":"509011226"},"id":"natsem_social_indicators_migration_rate_sa2_2016.509011226"},{"type":"Feature","properties":{"sa2_name16":"Bayonet Head - Lower King","total_migration_rate":19.8113,"mig_pop_total":4558,"total_migration":903,"sa2_code16":"509011227"},"id":"natsem_social_indicators_migration_rate_sa2_2016.509011227"},{"type":"Feature","properties":{"sa2_name16":"Denmark","total_migration_rate":25.3024,"mig_pop_total":5209,"total_migration":1318,"sa2_code16":"509011228"},"id":"natsem_social_indicators_migration_rate_sa2_2016.509011228"},{"type":"Feature","properties":{"sa2_name16":"Gnowangerup","total_migration_rate":14.1782,"mig_pop_total":2525,"total_migration":358,"sa2_code16":"509011229"},"id":"natsem_social_indicators_migration_rate_sa2_2016.509011229"},{"type":"Feature","properties":{"sa2_name16":"McKail - Willyung","total_migration_rate":17.402,"mig_pop_total":9723,"total_migration":1692,"sa2_code16":"509011233"},"id":"natsem_social_indicators_migration_rate_sa2_2016.509011233"},{"type":"Feature","properties":{"sa2_name16":"Plantagenet","total_migration_rate":21.1522,"mig_pop_total":4600,"total_migration":973,"sa2_code16":"509011234"},"id":"natsem_social_indicators_migration_rate_sa2_2016.509011234"},{"type":"Feature","properties":{"sa2_name16":"Stirling Range National Park","total_migration_rate":0.0,"mig_pop_total":0,"total_migration":0,"sa2_code16":"509011235"},"id":"natsem_social_indicators_migration_rate_sa2_2016.509011235"},{"type":"Feature","properties":{"sa2_name16":"Toodyay","total_migration_rate":23.9787,"mig_pop_total":3941,"total_migration":945,"sa2_code16":"509021244"},"id":"natsem_social_indicators_migration_rate_sa2_2016.509021244"},{"type":"Feature","properties":{"sa2_name16":"Chittering","total_migration_rate":25.8196,"mig_pop_total":4911,"total_migration":1268,"sa2_code16":"509021236"},"id":"natsem_social_indicators_migration_rate_sa2_2016.509021236"},{"type":"Feature","properties":{"sa2_name16":"Cunderdin","total_migration_rate":14.6516,"mig_pop_total":3631,"total_migration":532,"sa2_code16":"509021237"},"id":"natsem_social_indicators_migration_rate_sa2_2016.509021237"},{"type":"Feature","properties":{"sa2_name16":"Dowerin","total_migration_rate":12.2807,"mig_pop_total":3648,"total_migration":448,"sa2_code16":"509021238"},"id":"natsem_social_indicators_migration_rate_sa2_2016.509021238"},{"type":"Feature","properties":{"sa2_name16":"Gingin - Dandaragan","total_migration_rate":22.1136,"mig_pop_total":7466,"total_migration":1651,"sa2_code16":"509021239"},"id":"natsem_social_indicators_migration_rate_sa2_2016.509021239"},{"type":"Feature","properties":{"sa2_name16":"Northam","total_migration_rate":22.2836,"mig_pop_total":9958,"total_migration":2219,"sa2_code16":"509021243"},"id":"natsem_social_indicators_migration_rate_sa2_2016.509021243"},{"type":"Feature","properties":{"sa2_name16":"York - Beverley","total_migration_rate":19.133,"mig_pop_total":4683,"total_migration":896,"sa2_code16":"509021245"},"id":"natsem_social_indicators_migration_rate_sa2_2016.509021245"},{"type":"Feature","properties":{"sa2_name16":"Brookton","total_migration_rate":13.3231,"mig_pop_total":3265,"total_migration":435,"sa2_code16":"509031246"},"id":"natsem_social_indicators_migration_rate_sa2_2016.509031246"},{"type":"Feature","properties":{"sa2_name16":"Narrogin","total_migration_rate":17.0932,"mig_pop_total":4142,"total_migration":708,"sa2_code16":"509031249"},"id":"natsem_social_indicators_migration_rate_sa2_2016.509031249"},{"type":"Feature","properties":{"sa2_name16":"Wagin","total_migration_rate":13.1042,"mig_pop_total":4365,"total_migration":572,"sa2_code16":"509031250"},"id":"natsem_social_indicators_migration_rate_sa2_2016.509031250"},{"type":"Feature","properties":{"sa2_name16":"Broome","total_migration_rate":18.6499,"mig_pop_total":12118,"total_migration":2260,"sa2_code16":"510011262"},"id":"natsem_social_indicators_migration_rate_sa2_2016.510011262"},{"type":"Feature","properties":{"sa2_name16":"Derby - West Kimberley","total_migration_rate":8.49794,"mig_pop_total":7037,"total_migration":598,"sa2_code16":"510011263"},"id":"natsem_social_indicators_migration_rate_sa2_2016.510011263"},{"type":"Feature","properties":{"sa2_name16":"Halls Creek","total_migration_rate":6.0405,"mig_pop_total":2864,"total_migration":173,"sa2_code16":"510011264"},"id":"natsem_social_indicators_migration_rate_sa2_2016.510011264"},{"type":"Feature","properties":{"sa2_name16":"Kununurra","total_migration_rate":14.9429,"mig_pop_total":6217,"total_migration":929,"sa2_code16":"510011265"},"id":"natsem_social_indicators_migration_rate_sa2_2016.510011265"},{"type":"Feature","properties":{"sa2_name16":"Roebuck","total_migration_rate":6.23188,"mig_pop_total":2070,"total_migration":129,"sa2_code16":"510011266"},"id":"natsem_social_indicators_migration_rate_sa2_2016.510011266"},{"type":"Feature","properties":{"sa2_name16":"East Pilbara","total_migration_rate":22.3682,"mig_pop_total":5253,"total_migration":1175,"sa2_code16":"510021267"},"id":"natsem_social_indicators_migration_rate_sa2_2016.510021267"},{"type":"Feature","properties":{"sa2_name16":"Newman","total_migration_rate":25.7405,"mig_pop_total":3815,"total_migration":982,"sa2_code16":"510021268"},"id":"natsem_social_indicators_migration_rate_sa2_2016.510021268"},{"type":"Feature","properties":{"sa2_name16":"Port Hedland","total_migration_rate":26.2006,"mig_pop_total":3748,"total_migration":982,"sa2_code16":"510021269"},"id":"natsem_social_indicators_migration_rate_sa2_2016.510021269"},{"type":"Feature","properties":{"sa2_name16":"South Hedland","total_migration_rate":24.5018,"mig_pop_total":7828,"total_migration":1918,"sa2_code16":"510021270"},"id":"natsem_social_indicators_migration_rate_sa2_2016.510021270"},{"type":"Feature","properties":{"sa2_name16":"Ashburton (WA)","total_migration_rate":32.0779,"mig_pop_total":10780,"total_migration":3458,"sa2_code16":"510031271"},"id":"natsem_social_indicators_migration_rate_sa2_2016.510031271"},{"type":"Feature","properties":{"sa2_name16":"Karratha","total_migration_rate":25.0811,"mig_pop_total":13879,"total_migration":3481,"sa2_code16":"510031272"},"id":"natsem_social_indicators_migration_rate_sa2_2016.510031272"},{"type":"Feature","properties":{"sa2_name16":"Roebourne","total_migration_rate":19.5751,"mig_pop_total":4848,"total_migration":949,"sa2_code16":"510031273"},"id":"natsem_social_indicators_migration_rate_sa2_2016.510031273"},{"type":"Feature","properties":{"sa2_name16":"Esperance","total_migration_rate":14.4033,"mig_pop_total":10692,"total_migration":1540,"sa2_code16":"511011274"},"id":"natsem_social_indicators_migration_rate_sa2_2016.511011274"},{"type":"Feature","properties":{"sa2_name16":"Esperance Region","total_migration_rate":16.0147,"mig_pop_total":3272,"total_migration":524,"sa2_code16":"511011275"},"id":"natsem_social_indicators_migration_rate_sa2_2016.511011275"},{"type":"Feature","properties":{"sa2_name16":"Carnarvon","total_migration_rate":20.4268,"mig_pop_total":4264,"total_migration":871,"sa2_code16":"511021276"},"id":"natsem_social_indicators_migration_rate_sa2_2016.511021276"},{"type":"Feature","properties":{"sa2_name16":"Exmouth","total_migration_rate":18.8978,"mig_pop_total":3847,"total_migration":727,"sa2_code16":"511021277"},"id":"natsem_social_indicators_migration_rate_sa2_2016.511021277"},{"type":"Feature","properties":{"sa2_name16":"Boulder","total_migration_rate":21.3892,"mig_pop_total":6162,"total_migration":1318,"sa2_code16":"511031278"},"id":"natsem_social_indicators_migration_rate_sa2_2016.511031278"},{"type":"Feature","properties":{"sa2_name16":"Kalgoorlie","total_migration_rate":29.6603,"mig_pop_total":12451,"total_migration":3693,"sa2_code16":"511031279"},"id":"natsem_social_indicators_migration_rate_sa2_2016.511031279"},{"type":"Feature","properties":{"sa2_name16":"Leinster - Leonora","total_migration_rate":15.8762,"mig_pop_total":3943,"total_migration":626,"sa2_code16":"511031283"},"id":"natsem_social_indicators_migration_rate_sa2_2016.511031283"}]}