{"organisation":"UC_NATSEM","name":"natsem_social_indicators_migration_rate_sa2_2016","title":"NATSEM - Social and Economic Indicators - Migration Rate SA2 2016","legal":{"copyrightYear":"2018","attributionYear":"2018","attribution":"{datasource.organisationTitle}, ({dataset.attributionYear}): {dataset.title}; accessed from AURIN Portal on {dateOfAccess}.","clickthrough":false,"licenceType":"Creative Commons Attribution 4.0 International (CC BY 4.0)","copyrightNotice":"&copy; {datasource.organisationTitle} {dataset.copyrightYear}"},"referenceSystemIdentifier":"urn:x-ogc:def:crs:EPSG:4283","geoLevel":"sa2_2016","key":"sa2_code16","keyRegex":null,"availability":"true","geomField":"wkb_geometry","keyword":"indicators,Australia,sa2,economic,migration,socio economic,model,social","theme":null,"temporalExtent":{"beginDate":"2016-01-01T00:00:00","endDate":"2016-12-31T00:00:00","selectTime":false},"type":"dataset","_id":"dataset-UC_NATSEM-natsem_social_indicators_migration_rate_sa2_2016-sa2_2016","bbox":null,"abstract":"This dataset presents the migration rate in small regions of Australia based on the 2016 Census and aggregated following the 2016 edition of the Australian Statistical Geography Standard (ASGS). The data has been provided by The National Centre for Social and Economic Modelling (NATSEM).<br/><br/>\n\n\nThe migration rate is the proportion of people in the area who were not born in Australia, that is, who have migrated to Australia in the past.<br/><br/>\n\n\nAll indicators were extracted from the ABS Tablebuilder system using the usual residence profile. For usual residence data, the ABS moves people back to where they live, rather than using the location the data were collected (place of enumeration). Usual residence data is preferred for individual level data because it removes the effect of respondents travelling or holidaying.<br/><br/>\n\nFor more information please view the <a href=\"https://apps.aurin.org.au/gate/technicalreports/NATSEM/AURIN%20Social%20Data%20Technical%20Report%20Nov%202018.pdf\" target=\"_blank\">NATSEM Technical Report</a>.<br/><br/>\n\nPlease note: \n<ul>\n<li>AURIN has spatially enabled the original data provided directly from NATSEM.</li>\n<li>Where data values are NULL, the data is either unpublished or not applicable mathematically.</li>\n<li>In the calculation, Inadequately Described, At sea, Not Stated and Overseas Visitor were excluded from both the numerator and denominator as there is no information on these respondents.</li>\n<li>Methodology between the 2016 NATSEM and 2011 OECD data release may have changed, please refer to the technical report for parity status and specific changes.</li>\n</ul>\n","selectedAttributes":[{"name":"sa2_code16","type":"String","title":"SA2 Code","description":"SA2 Code.","isDimension":false},{"name":"sa2_name16","type":"String","title":"SA2 Name","description":"SA2 Name.","isDimension":false},{"name":"mig_pop_total","type":"Integer","title":"Number of people in the area (excluding NS, at sea and inadequately described BPLP)","description":"BPLP = Sum of 1 to 9.","stype":"ratio","isDimension":false},{"name":"total_migration","type":"Integer","title":"Number of people in the area who are born overseas","description":"BPLP = (1 to 9) - 11 (Australia (includes External Territories).","stype":"ratio","isDimension":false},{"name":"total_migration_rate","type":"Double","title":"Percent of people in the area who are born overseas","description":"[BPLP = Sum of (1 to 9) - 11 (Australia (includes External Territories)] / [BPLP = Sum of (1 to 9)].","stype":"ratio","isDimension":false}],"filter":{"filterType":"tabular","feature":{"key":"sa2_code16","geoLevel":"sa2_2016","geoField":"ignored","year":"2006","featureBbox":[112.921113952,-35.134846436000004,129.001930016,-13.689492034999999],"featureType":"ste","featureInstance":"5","featureName":"Western Australia","referenceSystemIdentifier":"urn:x-ogc:def:crs:EPSG:4283","prefix":"","keyTransform":null},"states":["5"]}}