{"type":"FeatureCollection","bbox":[0.0,0.0,-1.0,-1.0],"features":[{"type":"Feature","properties":{"sa2_name16":"Kulin","unemployment_rate":2.91726,"labourforce_total":2091,"sa2_code16":"509031247"},"id":"natsem_social_indicators_unemployment_sa2_2016.509031247"},{"type":"Feature","properties":{"sa2_name16":"Murray","unemployment_rate":6.8819,"labourforce_total":1177,"sa2_code16":"509031248"},"id":"natsem_social_indicators_unemployment_sa2_2016.509031248"},{"type":"Feature","properties":{"sa2_name16":"Kalgoorlie - North","unemployment_rate":4.22057,"labourforce_total":4715,"sa2_code16":"511031280"},"id":"natsem_social_indicators_unemployment_sa2_2016.511031280"},{"type":"Feature","properties":{"sa2_name16":"Kalgoorlie Airport","unemployment_rate":0.0,"labourforce_total":0,"sa2_code16":"511031281"},"id":"natsem_social_indicators_unemployment_sa2_2016.511031281"},{"type":"Feature","properties":{"sa2_name16":"Kambalda - Coolgardie - Norseman","unemployment_rate":9.09091,"labourforce_total":2024,"sa2_code16":"511031282"},"id":"natsem_social_indicators_unemployment_sa2_2016.511031282"},{"type":"Feature","properties":{"sa2_name16":"Augusta","unemployment_rate":4.80034,"labourforce_total":2354,"sa2_code16":"501011001"},"id":"natsem_social_indicators_unemployment_sa2_2016.501011001"},{"type":"Feature","properties":{"sa2_name16":"Busselton","unemployment_rate":6.55767,"labourforce_total":11254,"sa2_code16":"501011002"},"id":"natsem_social_indicators_unemployment_sa2_2016.501011002"},{"type":"Feature","properties":{"sa2_name16":"Busselton Region","unemployment_rate":4.4718,"labourforce_total":4875,"sa2_code16":"501011003"},"id":"natsem_social_indicators_unemployment_sa2_2016.501011003"},{"type":"Feature","properties":{"sa2_name16":"Margaret River","unemployment_rate":4.57502,"labourforce_total":4459,"sa2_code16":"501011004"},"id":"natsem_social_indicators_unemployment_sa2_2016.501011004"},{"type":"Feature","properties":{"sa2_name16":"Australind - Leschenault","unemployment_rate":8.25003,"labourforce_total":8303,"sa2_code16":"501021005"},"id":"natsem_social_indicators_unemployment_sa2_2016.501021005"},{"type":"Feature","properties":{"sa2_name16":"Capel","unemployment_rate":5.61798,"labourforce_total":2403,"sa2_code16":"501021007"},"id":"natsem_social_indicators_unemployment_sa2_2016.501021007"},{"type":"Feature","properties":{"sa2_name16":"College Grove - Carey Park","unemployment_rate":10.5773,"labourforce_total":2893,"sa2_code16":"501021008"},"id":"natsem_social_indicators_unemployment_sa2_2016.501021008"},{"type":"Feature","properties":{"sa2_name16":"Collie","unemployment_rate":11.2735,"labourforce_total":3557,"sa2_code16":"501021009"},"id":"natsem_social_indicators_unemployment_sa2_2016.501021009"},{"type":"Feature","properties":{"sa2_name16":"Dardanup","unemployment_rate":6.53034,"labourforce_total":1516,"sa2_code16":"501021010"},"id":"natsem_social_indicators_unemployment_sa2_2016.501021010"},{"type":"Feature","properties":{"sa2_name16":"Dalyellup","unemployment_rate":7.77306,"labourforce_total":4477,"sa2_code16":"501021251"},"id":"natsem_social_indicators_unemployment_sa2_2016.501021251"},{"type":"Feature","properties":{"sa2_name16":"Davenport","unemployment_rate":0.0,"labourforce_total":0,"sa2_code16":"501021011"},"id":"natsem_social_indicators_unemployment_sa2_2016.501021011"},{"type":"Feature","properties":{"sa2_name16":"Eaton - Pelican Point","unemployment_rate":7.14414,"labourforce_total":5571,"sa2_code16":"501021012"},"id":"natsem_social_indicators_unemployment_sa2_2016.501021012"},{"type":"Feature","properties":{"sa2_name16":"Harvey","unemployment_rate":7.27038,"labourforce_total":3865,"sa2_code16":"501021014"},"id":"natsem_social_indicators_unemployment_sa2_2016.501021014"},{"type":"Feature","properties":{"sa2_name16":"East Bunbury - Glen Iris","unemployment_rate":9.40381,"labourforce_total":3254,"sa2_code16":"501021015"},"id":"natsem_social_indicators_unemployment_sa2_2016.501021015"},{"type":"Feature","properties":{"sa2_name16":"Waroona","unemployment_rate":8.8585,"labourforce_total":1682,"sa2_code16":"501021016"},"id":"natsem_social_indicators_unemployment_sa2_2016.501021016"},{"type":"Feature","properties":{"sa2_name16":"Gelorup - Stratham","unemployment_rate":6.64876,"labourforce_total":1489,"sa2_code16":"501021252"},"id":"natsem_social_indicators_unemployment_sa2_2016.501021252"},{"type":"Feature","properties":{"sa2_name16":"South Bunbury - Bunbury","unemployment_rate":7.23974,"labourforce_total":5677,"sa2_code16":"501021253"},"id":"natsem_social_indicators_unemployment_sa2_2016.501021253"},{"type":"Feature","properties":{"sa2_name16":"Withers - Usher","unemployment_rate":12.4067,"labourforce_total":2144,"sa2_code16":"501021254"},"id":"natsem_social_indicators_unemployment_sa2_2016.501021254"},{"type":"Feature","properties":{"sa2_name16":"Bridgetown - Boyup Brook","unemployment_rate":5.9819,"labourforce_total":2541,"sa2_code16":"501031017"},"id":"natsem_social_indicators_unemployment_sa2_2016.501031017"},{"type":"Feature","properties":{"sa2_name16":"Donnybrook - Balingup","unemployment_rate":6.81542,"labourforce_total":2465,"sa2_code16":"501031018"},"id":"natsem_social_indicators_unemployment_sa2_2016.501031018"},{"type":"Feature","properties":{"sa2_name16":"Manjimup","unemployment_rate":5.40759,"labourforce_total":2478,"sa2_code16":"501031019"},"id":"natsem_social_indicators_unemployment_sa2_2016.501031019"},{"type":"Feature","properties":{"sa2_name16":"Pemberton","unemployment_rate":6.37681,"labourforce_total":2070,"sa2_code16":"501031020"},"id":"natsem_social_indicators_unemployment_sa2_2016.501031020"},{"type":"Feature","properties":{"sa2_name16":"Dawesville - Bouvard","unemployment_rate":10.7301,"labourforce_total":2945,"sa2_code16":"502011021"},"id":"natsem_social_indicators_unemployment_sa2_2016.502011021"},{"type":"Feature","properties":{"sa2_name16":"Falcon - Wannanup","unemployment_rate":10.7875,"labourforce_total":3708,"sa2_code16":"502011022"},"id":"natsem_social_indicators_unemployment_sa2_2016.502011022"},{"type":"Feature","properties":{"sa2_name16":"Greenfields","unemployment_rate":12.9825,"labourforce_total":3705,"sa2_code16":"502011023"},"id":"natsem_social_indicators_unemployment_sa2_2016.502011023"},{"type":"Feature","properties":{"sa2_name16":"Halls Head - Erskine","unemployment_rate":9.85279,"labourforce_total":7744,"sa2_code16":"502011024"},"id":"natsem_social_indicators_unemployment_sa2_2016.502011024"},{"type":"Feature","properties":{"sa2_name16":"Ballajura","unemployment_rate":9.15819,"labourforce_total":9729,"sa2_code16":"504031056"},"id":"natsem_social_indicators_unemployment_sa2_2016.504031056"},{"type":"Feature","properties":{"sa2_name16":"Mandurah","unemployment_rate":14.4599,"labourforce_total":3527,"sa2_code16":"502011025"},"id":"natsem_social_indicators_unemployment_sa2_2016.502011025"},{"type":"Feature","properties":{"sa2_name16":"Mandurah - East","unemployment_rate":10.0648,"labourforce_total":2315,"sa2_code16":"502011026"},"id":"natsem_social_indicators_unemployment_sa2_2016.502011026"},{"type":"Feature","properties":{"sa2_name16":"Mandurah - North","unemployment_rate":9.70687,"labourforce_total":8324,"sa2_code16":"502011027"},"id":"natsem_social_indicators_unemployment_sa2_2016.502011027"},{"type":"Feature","properties":{"sa2_name16":"Mandurah - South","unemployment_rate":12.5374,"labourforce_total":3677,"sa2_code16":"502011028"},"id":"natsem_social_indicators_unemployment_sa2_2016.502011028"},{"type":"Feature","properties":{"sa2_name16":"Pinjarra","unemployment_rate":9.74197,"labourforce_total":3798,"sa2_code16":"502011029"},"id":"natsem_social_indicators_unemployment_sa2_2016.502011029"},{"type":"Feature","properties":{"sa2_name16":"City Beach","unemployment_rate":5.33757,"labourforce_total":2829,"sa2_code16":"503011030"},"id":"natsem_social_indicators_unemployment_sa2_2016.503011030"},{"type":"Feature","properties":{"sa2_name16":"Malaga","unemployment_rate":0.0,"labourforce_total":0,"sa2_code16":"504031063"},"id":"natsem_social_indicators_unemployment_sa2_2016.504031063"},{"type":"Feature","properties":{"sa2_name16":"Claremont (WA)","unemployment_rate":6.40496,"labourforce_total":3388,"sa2_code16":"503011031"},"id":"natsem_social_indicators_unemployment_sa2_2016.503011031"},{"type":"Feature","properties":{"sa2_name16":"Cottesloe","unemployment_rate":4.811,"labourforce_total":3492,"sa2_code16":"503011032"},"id":"natsem_social_indicators_unemployment_sa2_2016.503011032"},{"type":"Feature","properties":{"sa2_name16":"Floreat","unemployment_rate":5.15464,"labourforce_total":3880,"sa2_code16":"503011033"},"id":"natsem_social_indicators_unemployment_sa2_2016.503011033"},{"type":"Feature","properties":{"sa2_name16":"Mosman Park - Peppermint Grove","unemployment_rate":5.95598,"labourforce_total":4634,"sa2_code16":"503011034"},"id":"natsem_social_indicators_unemployment_sa2_2016.503011034"},{"type":"Feature","properties":{"sa2_name16":"Nedlands - Dalkeith - Crawley","unemployment_rate":9.49233,"labourforce_total":8017,"sa2_code16":"503011035"},"id":"natsem_social_indicators_unemployment_sa2_2016.503011035"},{"type":"Feature","properties":{"sa2_name16":"Swanbourne - Mount Claremont","unemployment_rate":5.07945,"labourforce_total":3839,"sa2_code16":"503011036"},"id":"natsem_social_indicators_unemployment_sa2_2016.503011036"},{"type":"Feature","properties":{"sa2_name16":"Kings Park (WA)","unemployment_rate":0.0,"labourforce_total":0,"sa2_code16":"503021037"},"id":"natsem_social_indicators_unemployment_sa2_2016.503021037"},{"type":"Feature","properties":{"sa2_name16":"Mount Hawthorn - Leederville","unemployment_rate":5.58659,"labourforce_total":6086,"sa2_code16":"503021038"},"id":"natsem_social_indicators_unemployment_sa2_2016.503021038"},{"type":"Feature","properties":{"sa2_name16":"Mount Lawley - Inglewood","unemployment_rate":6.11863,"labourforce_total":9087,"sa2_code16":"503021039"},"id":"natsem_social_indicators_unemployment_sa2_2016.503021039"},{"type":"Feature","properties":{"sa2_name16":"North Perth","unemployment_rate":5.69139,"labourforce_total":4867,"sa2_code16":"503021040"},"id":"natsem_social_indicators_unemployment_sa2_2016.503021040"},{"type":"Feature","properties":{"sa2_name16":"Perth City","unemployment_rate":8.12015,"labourforce_total":18411,"sa2_code16":"503021041"},"id":"natsem_social_indicators_unemployment_sa2_2016.503021041"},{"type":"Feature","properties":{"sa2_name16":"Subiaco - Shenton Park","unemployment_rate":5.96941,"labourforce_total":8108,"sa2_code16":"503021042"},"id":"natsem_social_indicators_unemployment_sa2_2016.503021042"},{"type":"Feature","properties":{"sa2_name16":"Melaleuca - Lexia","unemployment_rate":0.0,"labourforce_total":0,"sa2_code16":"504031064"},"id":"natsem_social_indicators_unemployment_sa2_2016.504031064"},{"type":"Feature","properties":{"sa2_name16":"Wembley - West Leederville - Glendalough","unemployment_rate":7.01092,"labourforce_total":9528,"sa2_code16":"503021043"},"id":"natsem_social_indicators_unemployment_sa2_2016.503021043"},{"type":"Feature","properties":{"sa2_name16":"Bassendean - Eden Hill - Ashfield","unemployment_rate":8.1303,"labourforce_total":7552,"sa2_code16":"504011044"},"id":"natsem_social_indicators_unemployment_sa2_2016.504011044"},{"type":"Feature","properties":{"sa2_name16":"Stratton - Jane Brook","unemployment_rate":8.08475,"labourforce_total":3587,"sa2_code16":"504031067"},"id":"natsem_social_indicators_unemployment_sa2_2016.504031067"},{"type":"Feature","properties":{"sa2_name16":"Bayswater - Embleton - Bedford","unemployment_rate":7.14758,"labourforce_total":12088,"sa2_code16":"504011045"},"id":"natsem_social_indicators_unemployment_sa2_2016.504011045"},{"type":"Feature","properties":{"sa2_name16":"Maylands","unemployment_rate":7.62392,"labourforce_total":7424,"sa2_code16":"504011046"},"id":"natsem_social_indicators_unemployment_sa2_2016.504011046"},{"type":"Feature","properties":{"sa2_name16":"Morley","unemployment_rate":8.92708,"labourforce_total":10765,"sa2_code16":"504011047"},"id":"natsem_social_indicators_unemployment_sa2_2016.504011047"},{"type":"Feature","properties":{"sa2_name16":"Noranda","unemployment_rate":7.76674,"labourforce_total":3824,"sa2_code16":"504011048"},"id":"natsem_social_indicators_unemployment_sa2_2016.504011048"},{"type":"Feature","properties":{"sa2_name16":"Chidlow","unemployment_rate":7.16312,"labourforce_total":1410,"sa2_code16":"504021049"},"id":"natsem_social_indicators_unemployment_sa2_2016.504021049"},{"type":"Feature","properties":{"sa2_name16":"Glen Forrest - Darlington","unemployment_rate":6.13388,"labourforce_total":3391,"sa2_code16":"504021050"},"id":"natsem_social_indicators_unemployment_sa2_2016.504021050"},{"type":"Feature","properties":{"sa2_name16":"Helena Valley - Koongamia","unemployment_rate":7.34381,"labourforce_total":2737,"sa2_code16":"504021051"},"id":"natsem_social_indicators_unemployment_sa2_2016.504021051"},{"type":"Feature","properties":{"sa2_name16":"Malmalling - Reservoir","unemployment_rate":0.0,"labourforce_total":0,"sa2_code16":"504021052"},"id":"natsem_social_indicators_unemployment_sa2_2016.504021052"},{"type":"Feature","properties":{"sa2_name16":"Mundaring","unemployment_rate":6.63331,"labourforce_total":6196,"sa2_code16":"504021053"},"id":"natsem_social_indicators_unemployment_sa2_2016.504021053"},{"type":"Feature","properties":{"sa2_name16":"Swan View - Greenmount - Midvale","unemployment_rate":9.86761,"labourforce_total":5665,"sa2_code16":"504021054"},"id":"natsem_social_indicators_unemployment_sa2_2016.504021054"},{"type":"Feature","properties":{"sa2_name16":"Avon Valley National Park","unemployment_rate":0.0,"labourforce_total":0,"sa2_code16":"504031055"},"id":"natsem_social_indicators_unemployment_sa2_2016.504031055"},{"type":"Feature","properties":{"sa2_name16":"Beechboro","unemployment_rate":8.86533,"labourforce_total":8866,"sa2_code16":"504031057"},"id":"natsem_social_indicators_unemployment_sa2_2016.504031057"},{"type":"Feature","properties":{"sa2_name16":"Craigie - Beldon","unemployment_rate":7.76699,"labourforce_total":5253,"sa2_code16":"505011070"},"id":"natsem_social_indicators_unemployment_sa2_2016.505011070"},{"type":"Feature","properties":{"sa2_name16":"Bullsbrook","unemployment_rate":6.48734,"labourforce_total":2528,"sa2_code16":"504031058"},"id":"natsem_social_indicators_unemployment_sa2_2016.504031058"},{"type":"Feature","properties":{"sa2_name16":"Currambine - Kinross","unemployment_rate":7.75552,"labourforce_total":7788,"sa2_code16":"505011071"},"id":"natsem_social_indicators_unemployment_sa2_2016.505011071"},{"type":"Feature","properties":{"sa2_name16":"Ellenbrook","unemployment_rate":7.96417,"labourforce_total":18533,"sa2_code16":"504031059"},"id":"natsem_social_indicators_unemployment_sa2_2016.504031059"},{"type":"Feature","properties":{"sa2_name16":"Duncraig","unemployment_rate":6.18113,"labourforce_total":7442,"sa2_code16":"505011072"},"id":"natsem_social_indicators_unemployment_sa2_2016.505011072"},{"type":"Feature","properties":{"sa2_name16":"Gidgegannup","unemployment_rate":5.7554,"labourforce_total":1390,"sa2_code16":"504031060"},"id":"natsem_social_indicators_unemployment_sa2_2016.504031060"},{"type":"Feature","properties":{"sa2_name16":"Hazelmere - Guildford","unemployment_rate":7.45573,"labourforce_total":2146,"sa2_code16":"504031061"},"id":"natsem_social_indicators_unemployment_sa2_2016.504031061"},{"type":"Feature","properties":{"sa2_name16":"Lockridge - Kiara","unemployment_rate":8.36601,"labourforce_total":5355,"sa2_code16":"504031062"},"id":"natsem_social_indicators_unemployment_sa2_2016.504031062"},{"type":"Feature","properties":{"sa2_name16":"Middle Swan - Herne Hill","unemployment_rate":10.1944,"labourforce_total":2521,"sa2_code16":"504031065"},"id":"natsem_social_indicators_unemployment_sa2_2016.504031065"},{"type":"Feature","properties":{"sa2_name16":"Midland - Guildford","unemployment_rate":11.1679,"labourforce_total":4889,"sa2_code16":"504031066"},"id":"natsem_social_indicators_unemployment_sa2_2016.504031066"},{"type":"Feature","properties":{"sa2_name16":"Greenwood - Warwick","unemployment_rate":7.15685,"labourforce_total":6637,"sa2_code16":"505011073"},"id":"natsem_social_indicators_unemployment_sa2_2016.505011073"},{"type":"Feature","properties":{"sa2_name16":"The Vines","unemployment_rate":6.93542,"labourforce_total":5234,"sa2_code16":"504031068"},"id":"natsem_social_indicators_unemployment_sa2_2016.504031068"},{"type":"Feature","properties":{"sa2_name16":"Walyunga National Park","unemployment_rate":0.0,"labourforce_total":0,"sa2_code16":"504031069"},"id":"natsem_social_indicators_unemployment_sa2_2016.504031069"},{"type":"Feature","properties":{"sa2_name16":"Heathridge - Connolly","unemployment_rate":7.06359,"labourforce_total":5677,"sa2_code16":"505011074"},"id":"natsem_social_indicators_unemployment_sa2_2016.505011074"},{"type":"Feature","properties":{"sa2_name16":"Iluka - Burns Beach","unemployment_rate":6.1131,"labourforce_total":5022,"sa2_code16":"505011076"},"id":"natsem_social_indicators_unemployment_sa2_2016.505011076"},{"type":"Feature","properties":{"sa2_name16":"Hillarys","unemployment_rate":6.71284,"labourforce_total":5631,"sa2_code16":"505011075"},"id":"natsem_social_indicators_unemployment_sa2_2016.505011075"},{"type":"Feature","properties":{"sa2_name16":"Joondalup - Edgewater","unemployment_rate":9.32622,"labourforce_total":7495,"sa2_code16":"505011077"},"id":"natsem_social_indicators_unemployment_sa2_2016.505011077"},{"type":"Feature","properties":{"sa2_name16":"Kingsley","unemployment_rate":6.14266,"labourforce_total":6463,"sa2_code16":"505011078"},"id":"natsem_social_indicators_unemployment_sa2_2016.505011078"},{"type":"Feature","properties":{"sa2_name16":"Mullaloo - Kallaroo","unemployment_rate":6.36771,"labourforce_total":5575,"sa2_code16":"505011079"},"id":"natsem_social_indicators_unemployment_sa2_2016.505011079"},{"type":"Feature","properties":{"sa2_name16":"Sorrento - Marmion","unemployment_rate":5.98,"labourforce_total":4699,"sa2_code16":"505011082"},"id":"natsem_social_indicators_unemployment_sa2_2016.505011082"},{"type":"Feature","properties":{"sa2_name16":"Ocean Reef","unemployment_rate":7.08175,"labourforce_total":4208,"sa2_code16":"505011080"},"id":"natsem_social_indicators_unemployment_sa2_2016.505011080"},{"type":"Feature","properties":{"sa2_name16":"Padbury","unemployment_rate":6.83085,"labourforce_total":4304,"sa2_code16":"505011081"},"id":"natsem_social_indicators_unemployment_sa2_2016.505011081"},{"type":"Feature","properties":{"sa2_name16":"Woodvale","unemployment_rate":6.43037,"labourforce_total":5163,"sa2_code16":"505011083"},"id":"natsem_social_indicators_unemployment_sa2_2016.505011083"},{"type":"Feature","properties":{"sa2_name16":"Balcatta - Hamersley","unemployment_rate":6.96888,"labourforce_total":7390,"sa2_code16":"505021084"},"id":"natsem_social_indicators_unemployment_sa2_2016.505021084"},{"type":"Feature","properties":{"sa2_name16":"Balga - Mirrabooka","unemployment_rate":13.037,"labourforce_total":8775,"sa2_code16":"505021085"},"id":"natsem_social_indicators_unemployment_sa2_2016.505021085"},{"type":"Feature","properties":{"sa2_name16":"Dianella","unemployment_rate":7.64174,"labourforce_total":11712,"sa2_code16":"505021086"},"id":"natsem_social_indicators_unemployment_sa2_2016.505021086"},{"type":"Feature","properties":{"sa2_name16":"Herdsman","unemployment_rate":0.0,"labourforce_total":0,"sa2_code16":"505021087"},"id":"natsem_social_indicators_unemployment_sa2_2016.505021087"},{"type":"Feature","properties":{"sa2_name16":"Innaloo - Doubleview","unemployment_rate":6.02767,"labourforce_total":9108,"sa2_code16":"505021088"},"id":"natsem_social_indicators_unemployment_sa2_2016.505021088"},{"type":"Feature","properties":{"sa2_name16":"Karrinyup - Gwelup - Carine","unemployment_rate":5.41431,"labourforce_total":9715,"sa2_code16":"505021089"},"id":"natsem_social_indicators_unemployment_sa2_2016.505021089"},{"type":"Feature","properties":{"sa2_name16":"Nollamara - Westminster","unemployment_rate":9.73851,"labourforce_total":9293,"sa2_code16":"505021090"},"id":"natsem_social_indicators_unemployment_sa2_2016.505021090"},{"type":"Feature","properties":{"sa2_name16":"Osborne Park Industrial","unemployment_rate":0.0,"labourforce_total":0,"sa2_code16":"505021091"},"id":"natsem_social_indicators_unemployment_sa2_2016.505021091"},{"type":"Feature","properties":{"sa2_name16":"Scarborough","unemployment_rate":6.01626,"labourforce_total":9225,"sa2_code16":"505021092"},"id":"natsem_social_indicators_unemployment_sa2_2016.505021092"},{"type":"Feature","properties":{"sa2_name16":"Stirling - Osborne Park","unemployment_rate":7.20263,"labourforce_total":7289,"sa2_code16":"505021093"},"id":"natsem_social_indicators_unemployment_sa2_2016.505021093"},{"type":"Feature","properties":{"sa2_name16":"Butler - Merriwa - Ridgewood","unemployment_rate":10.4098,"labourforce_total":10615,"sa2_code16":"505031099"},"id":"natsem_social_indicators_unemployment_sa2_2016.505031099"},{"type":"Feature","properties":{"sa2_name16":"Trigg - North Beach - Watermans Bay","unemployment_rate":5.87276,"labourforce_total":3678,"sa2_code16":"505021094"},"id":"natsem_social_indicators_unemployment_sa2_2016.505021094"},{"type":"Feature","properties":{"sa2_name16":"Tuart Hill - Joondanna","unemployment_rate":7.36999,"labourforce_total":6730,"sa2_code16":"505021095"},"id":"natsem_social_indicators_unemployment_sa2_2016.505021095"},{"type":"Feature","properties":{"sa2_name16":"Wembley Downs - Churchlands - Woodlands","unemployment_rate":5.91133,"labourforce_total":6496,"sa2_code16":"505021096"},"id":"natsem_social_indicators_unemployment_sa2_2016.505021096"},{"type":"Feature","properties":{"sa2_name16":"Girrawheen","unemployment_rate":12.9531,"labourforce_total":3752,"sa2_code16":"505031102"},"id":"natsem_social_indicators_unemployment_sa2_2016.505031102"},{"type":"Feature","properties":{"sa2_name16":"Yokine - Coolbinia - Menora","unemployment_rate":6.83214,"labourforce_total":7816,"sa2_code16":"505021097"},"id":"natsem_social_indicators_unemployment_sa2_2016.505021097"},{"type":"Feature","properties":{"sa2_name16":"Alexander Heights - Koondoola","unemployment_rate":10.9778,"labourforce_total":5584,"sa2_code16":"505031098"},"id":"natsem_social_indicators_unemployment_sa2_2016.505031098"},{"type":"Feature","properties":{"sa2_name16":"Carramar","unemployment_rate":8.01293,"labourforce_total":8973,"sa2_code16":"505031100"},"id":"natsem_social_indicators_unemployment_sa2_2016.505031100"},{"type":"Feature","properties":{"sa2_name16":"Clarkson","unemployment_rate":10.1188,"labourforce_total":6987,"sa2_code16":"505031101"},"id":"natsem_social_indicators_unemployment_sa2_2016.505031101"},{"type":"Feature","properties":{"sa2_name16":"Madeley - Darch - Landsdale","unemployment_rate":6.73866,"labourforce_total":13519,"sa2_code16":"505031103"},"id":"natsem_social_indicators_unemployment_sa2_2016.505031103"},{"type":"Feature","properties":{"sa2_name16":"Marangaroo","unemployment_rate":9.70018,"labourforce_total":5103,"sa2_code16":"505031104"},"id":"natsem_social_indicators_unemployment_sa2_2016.505031104"},{"type":"Feature","properties":{"sa2_name16":"Mindarie - Quinns Rocks - Jindalee","unemployment_rate":8.6611,"labourforce_total":10068,"sa2_code16":"505031105"},"id":"natsem_social_indicators_unemployment_sa2_2016.505031105"},{"type":"Feature","properties":{"sa2_name16":"North Coogee","unemployment_rate":4.85584,"labourforce_total":1318,"sa2_code16":"507011158"},"id":"natsem_social_indicators_unemployment_sa2_2016.507011158"},{"type":"Feature","properties":{"sa2_name16":"Neerabup National Park","unemployment_rate":0.0,"labourforce_total":0,"sa2_code16":"505031106"},"id":"natsem_social_indicators_unemployment_sa2_2016.505031106"},{"type":"Feature","properties":{"sa2_name16":"Leeming","unemployment_rate":6.19254,"labourforce_total":5765,"sa2_code16":"507041180"},"id":"natsem_social_indicators_unemployment_sa2_2016.507041180"},{"type":"Feature","properties":{"sa2_name16":"Tapping - Ashby - Sinagra","unemployment_rate":6.79725,"labourforce_total":6841,"sa2_code16":"505031107"},"id":"natsem_social_indicators_unemployment_sa2_2016.505031107"},{"type":"Feature","properties":{"sa2_name16":"Alkimos - Eglinton","unemployment_rate":6.40416,"labourforce_total":4419,"sa2_code16":"505031255"},"id":"natsem_social_indicators_unemployment_sa2_2016.505031255"},{"type":"Feature","properties":{"sa2_name16":"Wanneroo","unemployment_rate":7.48126,"labourforce_total":13340,"sa2_code16":"505031108"},"id":"natsem_social_indicators_unemployment_sa2_2016.505031108"},{"type":"Feature","properties":{"sa2_name16":"Yanchep","unemployment_rate":9.42972,"labourforce_total":3998,"sa2_code16":"505031258"},"id":"natsem_social_indicators_unemployment_sa2_2016.505031258"},{"type":"Feature","properties":{"sa2_name16":"Carabooda - Pinjar","unemployment_rate":6.64894,"labourforce_total":376,"sa2_code16":"505031256"},"id":"natsem_social_indicators_unemployment_sa2_2016.505031256"},{"type":"Feature","properties":{"sa2_name16":"Seville Grove","unemployment_rate":9.19037,"labourforce_total":5027,"sa2_code16":"506011117"},"id":"natsem_social_indicators_unemployment_sa2_2016.506011117"},{"type":"Feature","properties":{"sa2_name16":"Belmont - Ascot - Redcliffe","unemployment_rate":8.30778,"labourforce_total":7174,"sa2_code16":"506021118"},"id":"natsem_social_indicators_unemployment_sa2_2016.506021118"},{"type":"Feature","properties":{"sa2_name16":"Two Rocks","unemployment_rate":11.9159,"labourforce_total":1284,"sa2_code16":"505031257"},"id":"natsem_social_indicators_unemployment_sa2_2016.505031257"},{"type":"Feature","properties":{"sa2_name16":"Armadale - Wungong - Brookdale","unemployment_rate":13.335,"labourforce_total":7949,"sa2_code16":"506011110"},"id":"natsem_social_indicators_unemployment_sa2_2016.506011110"},{"type":"Feature","properties":{"sa2_name16":"East Victoria Park - Carlisle","unemployment_rate":8.50045,"labourforce_total":8976,"sa2_code16":"506021119"},"id":"natsem_social_indicators_unemployment_sa2_2016.506021119"},{"type":"Feature","properties":{"sa2_name16":"Ashendon - Lesley","unemployment_rate":0.0,"labourforce_total":0,"sa2_code16":"506011111"},"id":"natsem_social_indicators_unemployment_sa2_2016.506011111"},{"type":"Feature","properties":{"sa2_name16":"Kewdale Commercial","unemployment_rate":0.0,"labourforce_total":0,"sa2_code16":"506021120"},"id":"natsem_social_indicators_unemployment_sa2_2016.506021120"},{"type":"Feature","properties":{"sa2_name16":"Camillo - Champion Lakes","unemployment_rate":11.3671,"labourforce_total":2604,"sa2_code16":"506011112"},"id":"natsem_social_indicators_unemployment_sa2_2016.506011112"},{"type":"Feature","properties":{"sa2_name16":"Forrestdale - Harrisdale - Piara Waters","unemployment_rate":7.22212,"labourforce_total":10994,"sa2_code16":"506011113"},"id":"natsem_social_indicators_unemployment_sa2_2016.506011113"},{"type":"Feature","properties":{"sa2_name16":"Kelmscott","unemployment_rate":10.3058,"labourforce_total":4774,"sa2_code16":"506011114"},"id":"natsem_social_indicators_unemployment_sa2_2016.506011114"},{"type":"Feature","properties":{"sa2_name16":"Canning Vale - West","unemployment_rate":8.73786,"labourforce_total":5459,"sa2_code16":"506031125"},"id":"natsem_social_indicators_unemployment_sa2_2016.506031125"},{"type":"Feature","properties":{"sa2_name16":"Mount Nasura - Mount Richon - Bedfordale","unemployment_rate":6.96285,"labourforce_total":3849,"sa2_code16":"506011115"},"id":"natsem_social_indicators_unemployment_sa2_2016.506011115"},{"type":"Feature","properties":{"sa2_name16":"Canning Vale Commercial","unemployment_rate":0.0,"labourforce_total":0,"sa2_code16":"506031126"},"id":"natsem_social_indicators_unemployment_sa2_2016.506031126"},{"type":"Feature","properties":{"sa2_name16":"Roleystone","unemployment_rate":6.46527,"labourforce_total":3542,"sa2_code16":"506011116"},"id":"natsem_social_indicators_unemployment_sa2_2016.506011116"},{"type":"Feature","properties":{"sa2_name16":"Perth Airport","unemployment_rate":0.0,"labourforce_total":0,"sa2_code16":"506021121"},"id":"natsem_social_indicators_unemployment_sa2_2016.506021121"},{"type":"Feature","properties":{"sa2_name16":"Willetton","unemployment_rate":9.52919,"labourforce_total":8857,"sa2_code16":"506031131"},"id":"natsem_social_indicators_unemployment_sa2_2016.506031131"},{"type":"Feature","properties":{"sa2_name16":"Rivervale - Kewdale - Cloverdale","unemployment_rate":9.39384,"labourforce_total":12604,"sa2_code16":"506021122"},"id":"natsem_social_indicators_unemployment_sa2_2016.506021122"},{"type":"Feature","properties":{"sa2_name16":"Victoria Park - Lathlain - Burswood","unemployment_rate":8.06951,"labourforce_total":8402,"sa2_code16":"506021123"},"id":"natsem_social_indicators_unemployment_sa2_2016.506021123"},{"type":"Feature","properties":{"sa2_name16":"Bentley - Wilson - St James","unemployment_rate":13.8259,"labourforce_total":9352,"sa2_code16":"506031124"},"id":"natsem_social_indicators_unemployment_sa2_2016.506031124"},{"type":"Feature","properties":{"sa2_name16":"Cannington - Queens Park","unemployment_rate":11.2122,"labourforce_total":9347,"sa2_code16":"506031127"},"id":"natsem_social_indicators_unemployment_sa2_2016.506031127"},{"type":"Feature","properties":{"sa2_name16":"Parkwood - Ferndale - Lynwood","unemployment_rate":9.19607,"labourforce_total":6916,"sa2_code16":"506031128"},"id":"natsem_social_indicators_unemployment_sa2_2016.506031128"},{"type":"Feature","properties":{"sa2_name16":"Riverton - Shelley - Rossmoyne","unemployment_rate":8.9483,"labourforce_total":6247,"sa2_code16":"506031129"},"id":"natsem_social_indicators_unemployment_sa2_2016.506031129"},{"type":"Feature","properties":{"sa2_name16":"Welshpool","unemployment_rate":0.0,"labourforce_total":0,"sa2_code16":"506031130"},"id":"natsem_social_indicators_unemployment_sa2_2016.506031130"},{"type":"Feature","properties":{"sa2_name16":"Beckenham - Kenwick - Langford","unemployment_rate":11.105,"labourforce_total":9059,"sa2_code16":"506041132"},"id":"natsem_social_indicators_unemployment_sa2_2016.506041132"},{"type":"Feature","properties":{"sa2_name16":"Canning Vale - East","unemployment_rate":8.27445,"labourforce_total":11747,"sa2_code16":"506041133"},"id":"natsem_social_indicators_unemployment_sa2_2016.506041133"},{"type":"Feature","properties":{"sa2_name16":"Gosnells","unemployment_rate":12.1331,"labourforce_total":8687,"sa2_code16":"506041134"},"id":"natsem_social_indicators_unemployment_sa2_2016.506041134"},{"type":"Feature","properties":{"sa2_name16":"Byford","unemployment_rate":7.21749,"labourforce_total":8327,"sa2_code16":"506061142"},"id":"natsem_social_indicators_unemployment_sa2_2016.506061142"},{"type":"Feature","properties":{"sa2_name16":"Mundijong","unemployment_rate":7.06275,"labourforce_total":3299,"sa2_code16":"506061143"},"id":"natsem_social_indicators_unemployment_sa2_2016.506061143"},{"type":"Feature","properties":{"sa2_name16":"Huntingdale - Southern River","unemployment_rate":8.25753,"labourforce_total":9894,"sa2_code16":"506041135"},"id":"natsem_social_indicators_unemployment_sa2_2016.506041135"},{"type":"Feature","properties":{"sa2_name16":"Maddington - Orange Grove - Martin","unemployment_rate":12.1792,"labourforce_total":6117,"sa2_code16":"506041136"},"id":"natsem_social_indicators_unemployment_sa2_2016.506041136"},{"type":"Feature","properties":{"sa2_name16":"Serpentine - Jarrahdale","unemployment_rate":7.72532,"labourforce_total":1864,"sa2_code16":"506061144"},"id":"natsem_social_indicators_unemployment_sa2_2016.506061144"},{"type":"Feature","properties":{"sa2_name16":"Trafalgar (WA)","unemployment_rate":0.0,"labourforce_total":0,"sa2_code16":"511031284"},"id":"natsem_social_indicators_unemployment_sa2_2016.511031284"},{"type":"Feature","properties":{"sa2_name16":"Thornlie","unemployment_rate":9.25585,"labourforce_total":11409,"sa2_code16":"506041137"},"id":"natsem_social_indicators_unemployment_sa2_2016.506041137"},{"type":"Feature","properties":{"sa2_name16":"Geraldton","unemployment_rate":10.9654,"labourforce_total":4879,"sa2_code16":"511041285"},"id":"natsem_social_indicators_unemployment_sa2_2016.511041285"},{"type":"Feature","properties":{"sa2_name16":"Geraldton - East","unemployment_rate":10.9256,"labourforce_total":3414,"sa2_code16":"511041286"},"id":"natsem_social_indicators_unemployment_sa2_2016.511041286"},{"type":"Feature","properties":{"sa2_name16":"Geraldton - North","unemployment_rate":7.25654,"labourforce_total":3707,"sa2_code16":"511041287"},"id":"natsem_social_indicators_unemployment_sa2_2016.511041287"},{"type":"Feature","properties":{"sa2_name16":"Geraldton - South","unemployment_rate":6.96892,"labourforce_total":5051,"sa2_code16":"511041288"},"id":"natsem_social_indicators_unemployment_sa2_2016.511041288"},{"type":"Feature","properties":{"sa2_name16":"Irwin","unemployment_rate":7.83046,"labourforce_total":1392,"sa2_code16":"511041289"},"id":"natsem_social_indicators_unemployment_sa2_2016.511041289"},{"type":"Feature","properties":{"sa2_name16":"Meekatharra","unemployment_rate":6.90936,"labourforce_total":1346,"sa2_code16":"511041290"},"id":"natsem_social_indicators_unemployment_sa2_2016.511041290"},{"type":"Feature","properties":{"sa2_name16":"Morawa","unemployment_rate":5.92142,"labourforce_total":1807,"sa2_code16":"511041291"},"id":"natsem_social_indicators_unemployment_sa2_2016.511041291"},{"type":"Feature","properties":{"sa2_name16":"Northampton - Mullewa - Greenough","unemployment_rate":6.62894,"labourforce_total":2474,"sa2_code16":"511041292"},"id":"natsem_social_indicators_unemployment_sa2_2016.511041292"},{"type":"Feature","properties":{"sa2_name16":"Forrestfield - Wattle Grove","unemployment_rate":7.67386,"labourforce_total":9591,"sa2_code16":"506051138"},"id":"natsem_social_indicators_unemployment_sa2_2016.506051138"},{"type":"Feature","properties":{"sa2_name16":"High Wycombe","unemployment_rate":8.08484,"labourforce_total":6271,"sa2_code16":"506051139"},"id":"natsem_social_indicators_unemployment_sa2_2016.506051139"},{"type":"Feature","properties":{"sa2_name16":"Kalamunda - Maida Vale - Gooseberry Hill","unemployment_rate":6.63473,"labourforce_total":6888,"sa2_code16":"506051140"},"id":"natsem_social_indicators_unemployment_sa2_2016.506051140"},{"type":"Feature","properties":{"sa2_name16":"Lesmurdie - Bickley - Carmel","unemployment_rate":6.41956,"labourforce_total":5234,"sa2_code16":"506051141"},"id":"natsem_social_indicators_unemployment_sa2_2016.506051141"},{"type":"Feature","properties":{"sa2_name16":"Como","unemployment_rate":6.98471,"labourforce_total":7588,"sa2_code16":"506071145"},"id":"natsem_social_indicators_unemployment_sa2_2016.506071145"},{"type":"Feature","properties":{"sa2_name16":"Coolbellup","unemployment_rate":9.72359,"labourforce_total":4052,"sa2_code16":"507011153"},"id":"natsem_social_indicators_unemployment_sa2_2016.507011153"},{"type":"Feature","properties":{"sa2_name16":"Manning - Waterford","unemployment_rate":9.20078,"labourforce_total":5130,"sa2_code16":"506071146"},"id":"natsem_social_indicators_unemployment_sa2_2016.506071146"},{"type":"Feature","properties":{"sa2_name16":"South Perth - Kensington","unemployment_rate":6.58499,"labourforce_total":8489,"sa2_code16":"506071147"},"id":"natsem_social_indicators_unemployment_sa2_2016.506071147"},{"type":"Feature","properties":{"sa2_name16":"Banjup","unemployment_rate":6.46219,"labourforce_total":9455,"sa2_code16":"507011148"},"id":"natsem_social_indicators_unemployment_sa2_2016.507011148"},{"type":"Feature","properties":{"sa2_name16":"Bibra Industrial","unemployment_rate":0.0,"labourforce_total":0,"sa2_code16":"507011150"},"id":"natsem_social_indicators_unemployment_sa2_2016.507011150"},{"type":"Feature","properties":{"sa2_name16":"Bibra Lake","unemployment_rate":0.0,"labourforce_total":0,"sa2_code16":"507011151"},"id":"natsem_social_indicators_unemployment_sa2_2016.507011151"},{"type":"Feature","properties":{"sa2_name16":"Hamilton Hill","unemployment_rate":9.82253,"labourforce_total":4846,"sa2_code16":"507011154"},"id":"natsem_social_indicators_unemployment_sa2_2016.507011154"},{"type":"Feature","properties":{"sa2_name16":"Coogee","unemployment_rate":6.37276,"labourforce_total":4582,"sa2_code16":"507011152"},"id":"natsem_social_indicators_unemployment_sa2_2016.507011152"},{"type":"Feature","properties":{"sa2_name16":"Henderson","unemployment_rate":0.0,"labourforce_total":0,"sa2_code16":"507011155"},"id":"natsem_social_indicators_unemployment_sa2_2016.507011155"},{"type":"Feature","properties":{"sa2_name16":"South Lake - Cockburn Central","unemployment_rate":8.79495,"labourforce_total":6174,"sa2_code16":"507011159"},"id":"natsem_social_indicators_unemployment_sa2_2016.507011159"},{"type":"Feature","properties":{"sa2_name16":"Spearwood","unemployment_rate":8.04744,"labourforce_total":4722,"sa2_code16":"507011160"},"id":"natsem_social_indicators_unemployment_sa2_2016.507011160"},{"type":"Feature","properties":{"sa2_name16":"Success - Hammond Park","unemployment_rate":7.20157,"labourforce_total":8151,"sa2_code16":"507011161"},"id":"natsem_social_indicators_unemployment_sa2_2016.507011161"},{"type":"Feature","properties":{"sa2_name16":"Yangebup","unemployment_rate":8.50904,"labourforce_total":3984,"sa2_code16":"507011163"},"id":"natsem_social_indicators_unemployment_sa2_2016.507011163"},{"type":"Feature","properties":{"sa2_name16":"Beeliar - Wattleup","unemployment_rate":7.26543,"labourforce_total":4487,"sa2_code16":"507011259"},"id":"natsem_social_indicators_unemployment_sa2_2016.507011259"},{"type":"Feature","properties":{"sa2_name16":"Jandakot","unemployment_rate":6.73813,"labourforce_total":1306,"sa2_code16":"507011260"},"id":"natsem_social_indicators_unemployment_sa2_2016.507011260"},{"type":"Feature","properties":{"sa2_name16":"East Fremantle","unemployment_rate":5.8255,"labourforce_total":3725,"sa2_code16":"507021164"},"id":"natsem_social_indicators_unemployment_sa2_2016.507021164"},{"type":"Feature","properties":{"sa2_name16":"Fremantle","unemployment_rate":7.212,"labourforce_total":7335,"sa2_code16":"507021165"},"id":"natsem_social_indicators_unemployment_sa2_2016.507021165"},{"type":"Feature","properties":{"sa2_name16":"Fremantle - South","unemployment_rate":7.8395,"labourforce_total":7003,"sa2_code16":"507021166"},"id":"natsem_social_indicators_unemployment_sa2_2016.507021166"},{"type":"Feature","properties":{"sa2_name16":"O'Connor (WA)","unemployment_rate":0.0,"labourforce_total":0,"sa2_code16":"507021167"},"id":"natsem_social_indicators_unemployment_sa2_2016.507021167"},{"type":"Feature","properties":{"sa2_name16":"Cooloongup","unemployment_rate":13.8672,"labourforce_total":3721,"sa2_code16":"507051186"},"id":"natsem_social_indicators_unemployment_sa2_2016.507051186"},{"type":"Feature","properties":{"sa2_name16":"Bertram - Wellard (West)","unemployment_rate":9.57376,"labourforce_total":7531,"sa2_code16":"507031169"},"id":"natsem_social_indicators_unemployment_sa2_2016.507031169"},{"type":"Feature","properties":{"sa2_name16":"Calista","unemployment_rate":14.4036,"labourforce_total":3152,"sa2_code16":"507031170"},"id":"natsem_social_indicators_unemployment_sa2_2016.507031170"},{"type":"Feature","properties":{"sa2_name16":"Katanning","unemployment_rate":5.96634,"labourforce_total":1961,"sa2_code16":"509011230"},"id":"natsem_social_indicators_unemployment_sa2_2016.509011230"},{"type":"Feature","properties":{"sa2_name16":"Kojonup","unemployment_rate":4.03092,"labourforce_total":1811,"sa2_code16":"509011231"},"id":"natsem_social_indicators_unemployment_sa2_2016.509011231"},{"type":"Feature","properties":{"sa2_name16":"Little Grove - Elleker","unemployment_rate":2.91525,"labourforce_total":1475,"sa2_code16":"509011232"},"id":"natsem_social_indicators_unemployment_sa2_2016.509011232"},{"type":"Feature","properties":{"sa2_name16":"Hope Valley - Postans","unemployment_rate":0.0,"labourforce_total":0,"sa2_code16":"507031172"},"id":"natsem_social_indicators_unemployment_sa2_2016.507031172"},{"type":"Feature","properties":{"sa2_name16":"Merredin","unemployment_rate":5.07181,"labourforce_total":2228,"sa2_code16":"509021240"},"id":"natsem_social_indicators_unemployment_sa2_2016.509021240"},{"type":"Feature","properties":{"sa2_name16":"Moora","unemployment_rate":4.55591,"labourforce_total":2173,"sa2_code16":"509021241"},"id":"natsem_social_indicators_unemployment_sa2_2016.509021241"},{"type":"Feature","properties":{"sa2_name16":"Mukinbudin","unemployment_rate":5.51075,"labourforce_total":1488,"sa2_code16":"509021242"},"id":"natsem_social_indicators_unemployment_sa2_2016.509021242"},{"type":"Feature","properties":{"sa2_name16":"Kwinana Industrial","unemployment_rate":0.0,"labourforce_total":0,"sa2_code16":"507031173"},"id":"natsem_social_indicators_unemployment_sa2_2016.507031173"},{"type":"Feature","properties":{"sa2_name16":"Parmelia - Orelia","unemployment_rate":12.7677,"labourforce_total":4762,"sa2_code16":"507031174"},"id":"natsem_social_indicators_unemployment_sa2_2016.507031174"},{"type":"Feature","properties":{"sa2_name16":"Melville","unemployment_rate":5.28865,"labourforce_total":7847,"sa2_code16":"507041181"},"id":"natsem_social_indicators_unemployment_sa2_2016.507041181"},{"type":"Feature","properties":{"sa2_name16":"Casuarina - Wandi","unemployment_rate":7.06868,"labourforce_total":2985,"sa2_code16":"507031261"},"id":"natsem_social_indicators_unemployment_sa2_2016.507031261"},{"type":"Feature","properties":{"sa2_name16":"Applecross - Ardross","unemployment_rate":6.34128,"labourforce_total":5204,"sa2_code16":"507041175"},"id":"natsem_social_indicators_unemployment_sa2_2016.507041175"},{"type":"Feature","properties":{"sa2_name16":"Bateman","unemployment_rate":8.0819,"labourforce_total":1856,"sa2_code16":"507041176"},"id":"natsem_social_indicators_unemployment_sa2_2016.507041176"},{"type":"Feature","properties":{"sa2_name16":"Bicton - Palmyra","unemployment_rate":6.50992,"labourforce_total":6805,"sa2_code16":"507041177"},"id":"natsem_social_indicators_unemployment_sa2_2016.507041177"},{"type":"Feature","properties":{"sa2_name16":"Winthrop","unemployment_rate":6.96181,"labourforce_total":2959,"sa2_code16":"507041184"},"id":"natsem_social_indicators_unemployment_sa2_2016.507041184"},{"type":"Feature","properties":{"sa2_name16":"Booragoon","unemployment_rate":7.1657,"labourforce_total":6880,"sa2_code16":"507041178"},"id":"natsem_social_indicators_unemployment_sa2_2016.507041178"},{"type":"Feature","properties":{"sa2_name16":"Bull Creek","unemployment_rate":8.32846,"labourforce_total":3422,"sa2_code16":"507041179"},"id":"natsem_social_indicators_unemployment_sa2_2016.507041179"},{"type":"Feature","properties":{"sa2_name16":"Murdoch - Kardinya","unemployment_rate":8.91603,"labourforce_total":5978,"sa2_code16":"507041182"},"id":"natsem_social_indicators_unemployment_sa2_2016.507041182"},{"type":"Feature","properties":{"sa2_name16":"Willagee","unemployment_rate":7.81032,"labourforce_total":2151,"sa2_code16":"507041183"},"id":"natsem_social_indicators_unemployment_sa2_2016.507041183"},{"type":"Feature","properties":{"sa2_name16":"Baldivis","unemployment_rate":7.8435,"labourforce_total":16434,"sa2_code16":"507051185"},"id":"natsem_social_indicators_unemployment_sa2_2016.507051185"},{"type":"Feature","properties":{"sa2_name16":"Port Kennedy","unemployment_rate":10.7008,"labourforce_total":6635,"sa2_code16":"507051187"},"id":"natsem_social_indicators_unemployment_sa2_2016.507051187"},{"type":"Feature","properties":{"sa2_name16":"Rockingham","unemployment_rate":10.9297,"labourforce_total":6615,"sa2_code16":"507051188"},"id":"natsem_social_indicators_unemployment_sa2_2016.507051188"},{"type":"Feature","properties":{"sa2_name16":"Rockingham Lakes","unemployment_rate":0.0,"labourforce_total":0,"sa2_code16":"507051189"},"id":"natsem_social_indicators_unemployment_sa2_2016.507051189"},{"type":"Feature","properties":{"sa2_name16":"Safety Bay - Shoalwater","unemployment_rate":10.4787,"labourforce_total":4972,"sa2_code16":"507051190"},"id":"natsem_social_indicators_unemployment_sa2_2016.507051190"},{"type":"Feature","properties":{"sa2_name16":"Singleton - Golden Bay - Secret Harbour","unemployment_rate":8.8669,"labourforce_total":10105,"sa2_code16":"507051191"},"id":"natsem_social_indicators_unemployment_sa2_2016.507051191"},{"type":"Feature","properties":{"sa2_name16":"Waikiki","unemployment_rate":10.1999,"labourforce_total":5902,"sa2_code16":"507051192"},"id":"natsem_social_indicators_unemployment_sa2_2016.507051192"},{"type":"Feature","properties":{"sa2_name16":"Warnbro","unemployment_rate":12.4059,"labourforce_total":5046,"sa2_code16":"507051193"},"id":"natsem_social_indicators_unemployment_sa2_2016.507051193"},{"type":"Feature","properties":{"sa2_name16":"Albany","unemployment_rate":5.33446,"labourforce_total":5905,"sa2_code16":"509011225"},"id":"natsem_social_indicators_unemployment_sa2_2016.509011225"},{"type":"Feature","properties":{"sa2_name16":"Albany Region","unemployment_rate":4.48343,"labourforce_total":1539,"sa2_code16":"509011226"},"id":"natsem_social_indicators_unemployment_sa2_2016.509011226"},{"type":"Feature","properties":{"sa2_name16":"Bayonet Head - Lower King","unemployment_rate":5.11628,"labourforce_total":2150,"sa2_code16":"509011227"},"id":"natsem_social_indicators_unemployment_sa2_2016.509011227"},{"type":"Feature","properties":{"sa2_name16":"Denmark","unemployment_rate":5.14541,"labourforce_total":2235,"sa2_code16":"509011228"},"id":"natsem_social_indicators_unemployment_sa2_2016.509011228"},{"type":"Feature","properties":{"sa2_name16":"Gnowangerup","unemployment_rate":1.6129,"labourforce_total":1364,"sa2_code16":"509011229"},"id":"natsem_social_indicators_unemployment_sa2_2016.509011229"},{"type":"Feature","properties":{"sa2_name16":"McKail - Willyung","unemployment_rate":6.13665,"labourforce_total":4742,"sa2_code16":"509011233"},"id":"natsem_social_indicators_unemployment_sa2_2016.509011233"},{"type":"Feature","properties":{"sa2_name16":"Plantagenet","unemployment_rate":7.51953,"labourforce_total":2048,"sa2_code16":"509011234"},"id":"natsem_social_indicators_unemployment_sa2_2016.509011234"},{"type":"Feature","properties":{"sa2_name16":"Stirling Range National Park","unemployment_rate":0.0,"labourforce_total":0,"sa2_code16":"509011235"},"id":"natsem_social_indicators_unemployment_sa2_2016.509011235"},{"type":"Feature","properties":{"sa2_name16":"Toodyay","unemployment_rate":8.60274,"labourforce_total":1825,"sa2_code16":"509021244"},"id":"natsem_social_indicators_unemployment_sa2_2016.509021244"},{"type":"Feature","properties":{"sa2_name16":"Chittering","unemployment_rate":6.18557,"labourforce_total":2522,"sa2_code16":"509021236"},"id":"natsem_social_indicators_unemployment_sa2_2016.509021236"},{"type":"Feature","properties":{"sa2_name16":"Cunderdin","unemployment_rate":5.29634,"labourforce_total":1586,"sa2_code16":"509021237"},"id":"natsem_social_indicators_unemployment_sa2_2016.509021237"},{"type":"Feature","properties":{"sa2_name16":"Dowerin","unemployment_rate":5.97101,"labourforce_total":1725,"sa2_code16":"509021238"},"id":"natsem_social_indicators_unemployment_sa2_2016.509021238"},{"type":"Feature","properties":{"sa2_name16":"Gingin - Dandaragan","unemployment_rate":6.1707,"labourforce_total":3468,"sa2_code16":"509021239"},"id":"natsem_social_indicators_unemployment_sa2_2016.509021239"},{"type":"Feature","properties":{"sa2_name16":"Northam","unemployment_rate":8.87188,"labourforce_total":4441,"sa2_code16":"509021243"},"id":"natsem_social_indicators_unemployment_sa2_2016.509021243"},{"type":"Feature","properties":{"sa2_name16":"York - Beverley","unemployment_rate":6.00924,"labourforce_total":1947,"sa2_code16":"509021245"},"id":"natsem_social_indicators_unemployment_sa2_2016.509021245"},{"type":"Feature","properties":{"sa2_name16":"Brookton","unemployment_rate":7.56646,"labourforce_total":1467,"sa2_code16":"509031246"},"id":"natsem_social_indicators_unemployment_sa2_2016.509031246"},{"type":"Feature","properties":{"sa2_name16":"Narrogin","unemployment_rate":5.72354,"labourforce_total":1852,"sa2_code16":"509031249"},"id":"natsem_social_indicators_unemployment_sa2_2016.509031249"},{"type":"Feature","properties":{"sa2_name16":"Wagin","unemployment_rate":5.34532,"labourforce_total":2114,"sa2_code16":"509031250"},"id":"natsem_social_indicators_unemployment_sa2_2016.509031250"},{"type":"Feature","properties":{"sa2_name16":"Broome","unemployment_rate":4.91589,"labourforce_total":6896,"sa2_code16":"510011262"},"id":"natsem_social_indicators_unemployment_sa2_2016.510011262"},{"type":"Feature","properties":{"sa2_name16":"Derby - West Kimberley","unemployment_rate":14.6775,"labourforce_total":2589,"sa2_code16":"510011263"},"id":"natsem_social_indicators_unemployment_sa2_2016.510011263"},{"type":"Feature","properties":{"sa2_name16":"Halls Creek","unemployment_rate":18.2254,"labourforce_total":834,"sa2_code16":"510011264"},"id":"natsem_social_indicators_unemployment_sa2_2016.510011264"},{"type":"Feature","properties":{"sa2_name16":"Kununurra","unemployment_rate":6.7527,"labourforce_total":3332,"sa2_code16":"510011265"},"id":"natsem_social_indicators_unemployment_sa2_2016.510011265"},{"type":"Feature","properties":{"sa2_name16":"Roebuck","unemployment_rate":21.3049,"labourforce_total":751,"sa2_code16":"510011266"},"id":"natsem_social_indicators_unemployment_sa2_2016.510011266"},{"type":"Feature","properties":{"sa2_name16":"East Pilbara","unemployment_rate":3.81738,"labourforce_total":3877,"sa2_code16":"510021267"},"id":"natsem_social_indicators_unemployment_sa2_2016.510021267"},{"type":"Feature","properties":{"sa2_name16":"Newman","unemployment_rate":4.9201,"labourforce_total":2378,"sa2_code16":"510021268"},"id":"natsem_social_indicators_unemployment_sa2_2016.510021268"},{"type":"Feature","properties":{"sa2_name16":"Port Hedland","unemployment_rate":3.84,"labourforce_total":2500,"sa2_code16":"510021269"},"id":"natsem_social_indicators_unemployment_sa2_2016.510021269"},{"type":"Feature","properties":{"sa2_name16":"South Hedland","unemployment_rate":6.139,"labourforce_total":4561,"sa2_code16":"510021270"},"id":"natsem_social_indicators_unemployment_sa2_2016.510021270"},{"type":"Feature","properties":{"sa2_name16":"Ashburton (WA)","unemployment_rate":1.9751,"labourforce_total":8354,"sa2_code16":"510031271"},"id":"natsem_social_indicators_unemployment_sa2_2016.510031271"},{"type":"Feature","properties":{"sa2_name16":"Karratha","unemployment_rate":5.54162,"labourforce_total":8373,"sa2_code16":"510031272"},"id":"natsem_social_indicators_unemployment_sa2_2016.510031272"},{"type":"Feature","properties":{"sa2_name16":"Roebourne","unemployment_rate":7.39823,"labourforce_total":2825,"sa2_code16":"510031273"},"id":"natsem_social_indicators_unemployment_sa2_2016.510031273"},{"type":"Feature","properties":{"sa2_name16":"Esperance","unemployment_rate":4.9468,"labourforce_total":5357,"sa2_code16":"511011274"},"id":"natsem_social_indicators_unemployment_sa2_2016.511011274"},{"type":"Feature","properties":{"sa2_name16":"Esperance Region","unemployment_rate":4.53446,"labourforce_total":1654,"sa2_code16":"511011275"},"id":"natsem_social_indicators_unemployment_sa2_2016.511011275"},{"type":"Feature","properties":{"sa2_name16":"Carnarvon","unemployment_rate":7.41784,"labourforce_total":2130,"sa2_code16":"511021276"},"id":"natsem_social_indicators_unemployment_sa2_2016.511021276"},{"type":"Feature","properties":{"sa2_name16":"Exmouth","unemployment_rate":4.65007,"labourforce_total":2129,"sa2_code16":"511021277"},"id":"natsem_social_indicators_unemployment_sa2_2016.511021277"},{"type":"Feature","properties":{"sa2_name16":"Boulder","unemployment_rate":7.91728,"labourforce_total":3385,"sa2_code16":"511031278"},"id":"natsem_social_indicators_unemployment_sa2_2016.511031278"},{"type":"Feature","properties":{"sa2_name16":"Kalgoorlie","unemployment_rate":6.15685,"labourforce_total":7179,"sa2_code16":"511031279"},"id":"natsem_social_indicators_unemployment_sa2_2016.511031279"},{"type":"Feature","properties":{"sa2_name16":"Leinster - Leonora","unemployment_rate":10.3828,"labourforce_total":1907,"sa2_code16":"511031283"},"id":"natsem_social_indicators_unemployment_sa2_2016.511031283"}]}