{"organisation":"UC_NATSEM","name":"natsem_social_indicators_unemployment_sa2_2016","title":"NATSEM - Social and Economic Indicators - Unemployment Rate SA2 2016","legal":{"copyrightYear":"2018","attributionYear":"2018","attribution":"{datasource.organisationTitle}, ({dataset.attributionYear}): {dataset.title}; accessed from AURIN Portal on {dateOfAccess}.","clickthrough":false,"licenceType":"Creative Commons Attribution 4.0 International (CC BY 4.0)","copyrightNotice":"&copy; {datasource.organisationTitle} {dataset.copyrightYear}"},"referenceSystemIdentifier":"urn:x-ogc:def:crs:EPSG:4283","geoLevel":"sa2_2016","key":"sa2_code16","keyRegex":null,"availability":"true","geomField":"wkb_geometry","keyword":"indicators,Australia,sa2,economic,model,social,unemployment,socio economic","theme":null,"temporalExtent":{"beginDate":"2016-01-01T00:00:00","endDate":"2016-12-31T00:00:00","selectTime":false},"type":"dataset","_id":"dataset-UC_NATSEM-natsem_social_indicators_unemployment_sa2_2016-sa2_2016","bbox":null,"abstract":"This dataset presents the unemployment rate of the population in small regions of Australia based on the 2016 Census and aggregated following the 2016 edition of the Australian Statistical Geography Standard (ASGS). The data has been provided by The National Centre for Social and Economic Modelling (NATSEM).<br/><br/>\n\n\nThis indicator is the number of people unemployed, and the unemployment rate is the number of people unemployed divided by the number of people in the labour force.<br/><br/>\n\n\nAll indicators were extracted from the ABS Tablebuilder system using the usual residence profile. For usual residence data, the ABS moves people back to where they live, rather than using the location the data were collected (place of enumeration). Usual residence data is preferred for individual level data because it removes the effect of respondents travelling or holidaying.<br/><br/>\n\nFor more information please view the <a href=\"https://apps.aurin.org.au/gate/technicalreports/NATSEM/AURIN%20Social%20Data%20Technical%20Report%20Nov%202018.pdf\" target=\"_blank\">NATSEM Technical Report</a>.<br/><br/>\n\nPlease note: \n<ul>\n<li>AURIN has spatially enabled the original data provided directly from NATSEM.</li>\n<li>Where data values are NULL, the data is either unpublished or not applicable mathematically.</li>\n<li>The treatment of Not Stated and Overseas Visitor data is to exclude them from both the numerator and the denominator.</li>\n<li>Methodology between the 2016 NATSEM and 2011 OECD data release may have changed, please refer to the technical report for parity status and specific changes.</li>\n</ul>\n","selectedAttributes":[{"name":"sa2_code16","type":"String","title":"SA2 Code","description":"SA2 Code.","isDimension":false},{"name":"labourforce_total","type":"Integer","title":"Number of people in the labour force total","description":"[Labour Force Status_LFSP =  Sum of (1 2 3 4 5)].","stype":"ratio","isDimension":false},{"name":"sa2_name16","type":"String","title":"SA2 Name","description":"SA2 Name.","isDimension":false},{"name":"unemployment_rate","type":"Double","title":"Unemployment rate in the area","description":"[Labour Force Status_LFSP =  Sum of (4 5)] / [Labour Force Status_LFSP =  Sum of (1 2 3 4 5)].","stype":"ratio","isDimension":false}],"filter":{"filterType":"tabular","feature":{"key":"sa2_code16","geoLevel":"sa2_2016","geoField":"ignored","year":"2006","featureBbox":[112.921113952,-35.134846436000004,129.001930016,-13.689492034999999],"featureType":"ste","featureInstance":"5","featureName":"Western Australia","referenceSystemIdentifier":"urn:x-ogc:def:crs:EPSG:4283","prefix":"","keyTransform":null},"states":["5"]}}