{"type":"FeatureCollection","bbox":[0.0,0.0,-1.0,-1.0],"features":[{"type":"Feature","properties":{"tot_tot_tot":61574,"tot_othsvs_tot":1699,"tot_hc_sa_tot":8733,"tot_const_tot":2061,"tot_idns_tot":1800,"sa4_name16":"Australian Capital Territory","tot_prosts_tot":6383,"tot_rett_tot":4190,"tot_wst_tot":553,"tot_adsup_tot":2061,"tot_finins_tot":976,"sa4_code16":"801","tot_rhre_tot":654,"tot_acfd_tot":5387,"tot_edtrn_tot":6100,"tot_imt_tot":957,"tot_pubas_tot":16339},"id":"sa4_w08e_ind_emp_by_year_arr_aust_by_prof_spkn_eng_census_2016.fid-33f230a3_16aa47c2374_-4adb"}]}