{"type":"FeatureCollection","bbox":[0.0,0.0,-1.0,-1.0],"features":[{"type":"Feature","properties":{"sa4_code16":"101","hl_p_homeless_tot":656,"sa4_name_2016":"Capital Region"},"id":"sa4_estimating_homelessness_2016.101"},{"type":"Feature","properties":{"sa4_code16":"102","hl_p_homeless_tot":1031,"sa4_name_2016":"Central Coast"},"id":"sa4_estimating_homelessness_2016.102"},{"type":"Feature","properties":{"sa4_code16":"103","hl_p_homeless_tot":457,"sa4_name_2016":"Central West"},"id":"sa4_estimating_homelessness_2016.103"},{"type":"Feature","properties":{"sa4_code16":"104","hl_p_homeless_tot":615,"sa4_name_2016":"Coffs Harbour - Grafton"},"id":"sa4_estimating_homelessness_2016.104"},{"type":"Feature","properties":{"sa4_code16":"105","hl_p_homeless_tot":500,"sa4_name_2016":"Far West and Orana"},"id":"sa4_estimating_homelessness_2016.105"},{"type":"Feature","properties":{"sa4_code16":"106","hl_p_homeless_tot":539,"sa4_name_2016":"Hunter Valley exc Newcastle"},"id":"sa4_estimating_homelessness_2016.106"},{"type":"Feature","properties":{"sa4_code16":"107","hl_p_homeless_tot":1013,"sa4_name_2016":"Illawarra"},"id":"sa4_estimating_homelessness_2016.107"},{"type":"Feature","properties":{"sa4_code16":"108","hl_p_homeless_tot":683,"sa4_name_2016":"Mid North Coast"},"id":"sa4_estimating_homelessness_2016.108"},{"type":"Feature","properties":{"sa4_code16":"109","hl_p_homeless_tot":231,"sa4_name_2016":"Murray"},"id":"sa4_estimating_homelessness_2016.109"},{"type":"Feature","properties":{"sa4_code16":"110","hl_p_homeless_tot":775,"sa4_name_2016":"New England and North West"},"id":"sa4_estimating_homelessness_2016.110"},{"type":"Feature","properties":{"sa4_code16":"111","hl_p_homeless_tot":1208,"sa4_name_2016":"Newcastle and Lake Macquarie"},"id":"sa4_estimating_homelessness_2016.111"},{"type":"Feature","properties":{"sa4_code16":"112","hl_p_homeless_tot":1267,"sa4_name_2016":"Richmond - Tweed"},"id":"sa4_estimating_homelessness_2016.112"},{"type":"Feature","properties":{"sa4_code16":"113","hl_p_homeless_tot":389,"sa4_name_2016":"Riverina"},"id":"sa4_estimating_homelessness_2016.113"},{"type":"Feature","properties":{"sa4_code16":"114","hl_p_homeless_tot":363,"sa4_name_2016":"Southern Highlands and Shoalhaven"},"id":"sa4_estimating_homelessness_2016.114"},{"type":"Feature","properties":{"sa4_code16":"115","hl_p_homeless_tot":383,"sa4_name_2016":"Sydney - Baulkham Hills and Hawkesbury"},"id":"sa4_estimating_homelessness_2016.115"},{"type":"Feature","properties":{"sa4_code16":"116","hl_p_homeless_tot":1554,"sa4_name_2016":"Sydney - Blacktown"},"id":"sa4_estimating_homelessness_2016.116"},{"type":"Feature","properties":{"sa4_code16":"117","hl_p_homeless_tot":6196,"sa4_name_2016":"Sydney - City and Inner South"},"id":"sa4_estimating_homelessness_2016.117"},{"type":"Feature","properties":{"sa4_code16":"118","hl_p_homeless_tot":1481,"sa4_name_2016":"Sydney - Eastern Suburbs"},"id":"sa4_estimating_homelessness_2016.118"},{"type":"Feature","properties":{"sa4_code16":"119","hl_p_homeless_tot":3710,"sa4_name_2016":"Sydney - Inner South West"},"id":"sa4_estimating_homelessness_2016.119"},{"type":"Feature","properties":{"sa4_code16":"120","hl_p_homeless_tot":2572,"sa4_name_2016":"Sydney - Inner West"},"id":"sa4_estimating_homelessness_2016.120"},{"type":"Feature","properties":{"sa4_code16":"121","hl_p_homeless_tot":1036,"sa4_name_2016":"Sydney - North Sydney and Hornsby"},"id":"sa4_estimating_homelessness_2016.121"},{"type":"Feature","properties":{"sa4_code16":"122","hl_p_homeless_tot":605,"sa4_name_2016":"Sydney - Northern Beaches"},"id":"sa4_estimating_homelessness_2016.122"},{"type":"Feature","properties":{"sa4_code16":"123","hl_p_homeless_tot":1045,"sa4_name_2016":"Sydney - Outer South West"},"id":"sa4_estimating_homelessness_2016.123"},{"type":"Feature","properties":{"sa4_code16":"124","hl_p_homeless_tot":1223,"sa4_name_2016":"Sydney - Outer West and Blue Mountains"},"id":"sa4_estimating_homelessness_2016.124"},{"type":"Feature","properties":{"sa4_code16":"125","hl_p_homeless_tot":4347,"sa4_name_2016":"Sydney - Parramatta"},"id":"sa4_estimating_homelessness_2016.125"},{"type":"Feature","properties":{"sa4_code16":"126","hl_p_homeless_tot":485,"sa4_name_2016":"Sydney - Ryde"},"id":"sa4_estimating_homelessness_2016.126"},{"type":"Feature","properties":{"sa4_code16":"127","hl_p_homeless_tot":3071,"sa4_name_2016":"Sydney - South West"},"id":"sa4_estimating_homelessness_2016.127"},{"type":"Feature","properties":{"sa4_code16":"128","hl_p_homeless_tot":266,"sa4_name_2016":"Sydney - Sutherland"},"id":"sa4_estimating_homelessness_2016.128"}]}