{"organisation":"AU_Govt_ABS","name":"sa4_estimating_homelessness_2016","title":"SA4 Estimating Homelessness 2016","legal":{"attribution":"{datasource.organisationTitle}, ({dataset.attributionYear}): {dataset.title}; accessed from AURIN Portal on {dateOfAccess}.","attributionYear":"2018","clickthrough":false,"copyrightNotice":"&copy; {datasource.organisationTitle} {dataset.copyrightYear}","copyrightYear":"2018","licenceType":"Creative Commons Attribution 2.5 Australia (CC BY 2.5 AU)"},"referenceSystemIdentifier":"urn:x-ogc:def:crs:EPSG:4283","geoLevel":"sa4_2016","key":"sa4_code16","keyRegex":null,"availability":"true","geomField":"wkb_geometry","keyword":"polygon,population,enumeration,poverty,aus,homelessness,housing,2016,australia","theme":null,"temporalExtent":{"beginDate":"2016-08-09T00:00:00","endDate":"2016-08-11T00:00:00","selectTime":false},"type":"dataset","_id":"dataset-AU_Govt_ABS-sa4_estimating_homelessness_2016-sa4_2016","bbox":null,"abstract":"This dataset contains estimates of the prevalence of homelessness on Census night 2016, derived from the Census of Population and Housing using the Australian Bureau of Statistics (ABS) definition of homelessness. Prevalence is an estimate of how many people experienced homelessness at a particular point-in-time. The ABS uses six homeless operational groups to present the estimates of homelessness. Estimates are also presented for selected groups of people who may be marginally housed and whose living arrangements are close to the statistical boundary of homelessness and who may be at risk of homelessness. <br/>\nData is by SA4 2016 boundaries. Periodicity: 5 yearly. <br/>\nFor more information visit the <a href='http://www.abs.gov.au/AUSSTATS/abs@.nsf/Lookup/2049.0Explanatory%20Notes12016?OpenDocument' 'target='_blank' >Australian Bureau of Statistics</a>.","selectedAttributes":[{"name":"sa4_code16","type":"String","title":"SA4 code 2016","description":"SA4 code 2016.","stype":"nominal","isDimension":false},{"name":"hl_p_homeless_tot","type":"Integer","title":"Homeless Operational Group-All homeless persons","description":"Homeless Operational Group-All homeless persons.","stype":"ratio","isDimension":false},{"name":"sa4_name_2016","type":"String","title":"SA4 name 2016","description":"SA4 name 2016.","stype":"nominal","isDimension":false}],"filter":{"filterType":"tabular","feature":{"key":"sa4_code16","geoLevel":"sa4_2016","geoField":"ignored","year":"2006","featureBbox":[140.99927801599998,-37.505059998,159.109219008,-28.157019913999996],"featureType":"ste","featureInstance":"1","featureName":"New South Wales","referenceSystemIdentifier":"urn:x-ogc:def:crs:EPSG:4283","prefix":"","keyTransform":null},"states":["1"]}}