{"type":"FeatureCollection","bbox":[0.0,0.0,-1.0,-1.0],"features":[{"type":"Feature","properties":{"sa2_name16":"Seaford (SA)","unemployment_rate":7.61165,"labourforce_total":10681,"sa2_code16":"403041087"},"id":"natsem_social_indicators_unemployment_sa2_2016.403041087"},{"type":"Feature","properties":{"sa2_name16":"Nairne","unemployment_rate":4.88441,"labourforce_total":2682,"sa2_code16":"401021009"},"id":"natsem_social_indicators_unemployment_sa2_2016.401021009"},{"type":"Feature","properties":{"sa2_name16":"Uraidla - Summertown","unemployment_rate":4.15879,"labourforce_total":2645,"sa2_code16":"401021010"},"id":"natsem_social_indicators_unemployment_sa2_2016.401021010"},{"type":"Feature","properties":{"sa2_name16":"West Beach","unemployment_rate":5.67319,"labourforce_total":2503,"sa2_code16":"404031109"},"id":"natsem_social_indicators_unemployment_sa2_2016.404031109"},{"type":"Feature","properties":{"sa2_name16":"Barossa - Angaston","unemployment_rate":4.91349,"labourforce_total":2890,"sa2_code16":"405011110"},"id":"natsem_social_indicators_unemployment_sa2_2016.405011110"},{"type":"Feature","properties":{"sa2_name16":"Light","unemployment_rate":5.95685,"labourforce_total":4264,"sa2_code16":"405011111"},"id":"natsem_social_indicators_unemployment_sa2_2016.405011111"},{"type":"Feature","properties":{"sa2_name16":"Lyndoch","unemployment_rate":5.4018,"labourforce_total":2999,"sa2_code16":"405011112"},"id":"natsem_social_indicators_unemployment_sa2_2016.405011112"},{"type":"Feature","properties":{"sa2_name16":"Mallala","unemployment_rate":7.69784,"labourforce_total":1390,"sa2_code16":"405011113"},"id":"natsem_social_indicators_unemployment_sa2_2016.405011113"},{"type":"Feature","properties":{"sa2_name16":"Nuriootpa","unemployment_rate":4.84196,"labourforce_total":2974,"sa2_code16":"405011114"},"id":"natsem_social_indicators_unemployment_sa2_2016.405011114"},{"type":"Feature","properties":{"sa2_name16":"Port Pirie Region","unemployment_rate":7.65379,"labourforce_total":1398,"sa2_code16":"405031123"},"id":"natsem_social_indicators_unemployment_sa2_2016.405031123"},{"type":"Feature","properties":{"sa2_name16":"Kadina","unemployment_rate":8.82629,"labourforce_total":2130,"sa2_code16":"405041124"},"id":"natsem_social_indicators_unemployment_sa2_2016.405041124"},{"type":"Feature","properties":{"sa2_name16":"Moonta","unemployment_rate":7.922,"labourforce_total":1641,"sa2_code16":"405041125"},"id":"natsem_social_indicators_unemployment_sa2_2016.405041125"},{"type":"Feature","properties":{"sa2_name16":"Yorke Peninsula - South","unemployment_rate":5.93842,"labourforce_total":1364,"sa2_code16":"405041128"},"id":"natsem_social_indicators_unemployment_sa2_2016.405041128"},{"type":"Feature","properties":{"sa2_name16":"Ceduna","unemployment_rate":3.10835,"labourforce_total":1126,"sa2_code16":"406011129"},"id":"natsem_social_indicators_unemployment_sa2_2016.406011129"},{"type":"Feature","properties":{"sa2_name16":"Eyre Peninsula","unemployment_rate":4.90512,"labourforce_total":2793,"sa2_code16":"406011130"},"id":"natsem_social_indicators_unemployment_sa2_2016.406011130"},{"type":"Feature","properties":{"sa2_name16":"Kimba - Cleve - Franklin Harbour","unemployment_rate":4.20213,"labourforce_total":1880,"sa2_code16":"406011131"},"id":"natsem_social_indicators_unemployment_sa2_2016.406011131"},{"type":"Feature","properties":{"sa2_name16":"Le Hunte - Elliston","unemployment_rate":3.36449,"labourforce_total":1070,"sa2_code16":"406011132"},"id":"natsem_social_indicators_unemployment_sa2_2016.406011132"},{"type":"Feature","properties":{"sa2_name16":"Port Lincoln","unemployment_rate":6.34334,"labourforce_total":7031,"sa2_code16":"406011133"},"id":"natsem_social_indicators_unemployment_sa2_2016.406011133"},{"type":"Feature","properties":{"sa2_name16":"West Coast (SA)","unemployment_rate":4.59921,"labourforce_total":1522,"sa2_code16":"406011134"},"id":"natsem_social_indicators_unemployment_sa2_2016.406011134"},{"type":"Feature","properties":{"sa2_name16":"Kingston - Robe","unemployment_rate":4.0201,"labourforce_total":1592,"sa2_code16":"407021151"},"id":"natsem_social_indicators_unemployment_sa2_2016.407021151"},{"type":"Feature","properties":{"sa2_name16":"Unley - Parkside","unemployment_rate":6.02958,"labourforce_total":9669,"sa2_code16":"401071024"},"id":"natsem_social_indicators_unemployment_sa2_2016.401071024"},{"type":"Feature","properties":{"sa2_name16":"Gawler - North","unemployment_rate":5.74468,"labourforce_total":4700,"sa2_code16":"402011025"},"id":"natsem_social_indicators_unemployment_sa2_2016.402011025"},{"type":"Feature","properties":{"sa2_name16":"Gawler - South","unemployment_rate":8.90265,"labourforce_total":8885,"sa2_code16":"402011026"},"id":"natsem_social_indicators_unemployment_sa2_2016.402011026"},{"type":"Feature","properties":{"sa2_name16":"Lewiston - Two Wells","unemployment_rate":7.22636,"labourforce_total":2823,"sa2_code16":"402011027"},"id":"natsem_social_indicators_unemployment_sa2_2016.402011027"},{"type":"Feature","properties":{"sa2_name16":"Millicent","unemployment_rate":7.35931,"labourforce_total":2079,"sa2_code16":"407021152"},"id":"natsem_social_indicators_unemployment_sa2_2016.407021152"},{"type":"Feature","properties":{"sa2_name16":"Naracoorte","unemployment_rate":4.97066,"labourforce_total":2897,"sa2_code16":"407021154"},"id":"natsem_social_indicators_unemployment_sa2_2016.407021154"},{"type":"Feature","properties":{"sa2_name16":"Rostrevor - Magill","unemployment_rate":7.28938,"labourforce_total":10042,"sa2_code16":"401041016"},"id":"natsem_social_indicators_unemployment_sa2_2016.401041016"},{"type":"Feature","properties":{"sa2_name16":"Loxton Region","unemployment_rate":4.88467,"labourforce_total":737,"sa2_code16":"407031163"},"id":"natsem_social_indicators_unemployment_sa2_2016.407031163"},{"type":"Feature","properties":{"sa2_name16":"Mannum","unemployment_rate":6.776,"labourforce_total":2317,"sa2_code16":"407031164"},"id":"natsem_social_indicators_unemployment_sa2_2016.407031164"},{"type":"Feature","properties":{"sa2_name16":"Norwood (SA)","unemployment_rate":7.16159,"labourforce_total":4957,"sa2_code16":"401051017"},"id":"natsem_social_indicators_unemployment_sa2_2016.401051017"},{"type":"Feature","properties":{"sa2_name16":"Nailsworth - Broadview","unemployment_rate":5.64468,"labourforce_total":3366,"sa2_code16":"401061020"},"id":"natsem_social_indicators_unemployment_sa2_2016.401061020"},{"type":"Feature","properties":{"sa2_name16":"Prospect","unemployment_rate":7.02745,"labourforce_total":7613,"sa2_code16":"401061021"},"id":"natsem_social_indicators_unemployment_sa2_2016.401061021"},{"type":"Feature","properties":{"sa2_name16":"Mount Barker","unemployment_rate":6.25894,"labourforce_total":8388,"sa2_code16":"401021007"},"id":"natsem_social_indicators_unemployment_sa2_2016.401021007"},{"type":"Feature","properties":{"sa2_name16":"Mount Barker Region","unemployment_rate":4.54545,"labourforce_total":3190,"sa2_code16":"401021008"},"id":"natsem_social_indicators_unemployment_sa2_2016.401021008"},{"type":"Feature","properties":{"sa2_name16":"Adelaide","unemployment_rate":14.3484,"labourforce_total":6614,"sa2_code16":"401011001"},"id":"natsem_social_indicators_unemployment_sa2_2016.401011001"},{"type":"Feature","properties":{"sa2_name16":"North Adelaide","unemployment_rate":8.93239,"labourforce_total":3269,"sa2_code16":"401011002"},"id":"natsem_social_indicators_unemployment_sa2_2016.401011002"},{"type":"Feature","properties":{"sa2_name16":"Adelaide Hills","unemployment_rate":4.40541,"labourforce_total":3473,"sa2_code16":"401021003"},"id":"natsem_social_indicators_unemployment_sa2_2016.401021003"},{"type":"Feature","properties":{"sa2_name16":"Aldgate - Stirling","unemployment_rate":4.85506,"labourforce_total":8486,"sa2_code16":"401021004"},"id":"natsem_social_indicators_unemployment_sa2_2016.401021004"},{"type":"Feature","properties":{"sa2_name16":"Hahndorf - Echunga","unemployment_rate":4.32484,"labourforce_total":2081,"sa2_code16":"401021005"},"id":"natsem_social_indicators_unemployment_sa2_2016.401021005"},{"type":"Feature","properties":{"sa2_name16":"Lobethal - Woodside","unemployment_rate":4.51301,"labourforce_total":4343,"sa2_code16":"401021006"},"id":"natsem_social_indicators_unemployment_sa2_2016.401021006"},{"type":"Feature","properties":{"sa2_name16":"Burnside - Wattle Park","unemployment_rate":5.9724,"labourforce_total":8623,"sa2_code16":"401031011"},"id":"natsem_social_indicators_unemployment_sa2_2016.401031011"},{"type":"Feature","properties":{"sa2_name16":"Athelstone","unemployment_rate":5.7572,"labourforce_total":4794,"sa2_code16":"401041014"},"id":"natsem_social_indicators_unemployment_sa2_2016.401041014"},{"type":"Feature","properties":{"sa2_name16":"Glenside - Beaumont","unemployment_rate":6.07126,"labourforce_total":4266,"sa2_code16":"401031012"},"id":"natsem_social_indicators_unemployment_sa2_2016.401031012"},{"type":"Feature","properties":{"sa2_name16":"Toorak Gardens","unemployment_rate":6.8729,"labourforce_total":6853,"sa2_code16":"401031013"},"id":"natsem_social_indicators_unemployment_sa2_2016.401031013"},{"type":"Feature","properties":{"sa2_name16":"Paradise - Newton","unemployment_rate":7.79004,"labourforce_total":8973,"sa2_code16":"401041015"},"id":"natsem_social_indicators_unemployment_sa2_2016.401041015"},{"type":"Feature","properties":{"sa2_name16":"Payneham - Felixstow","unemployment_rate":7.22493,"labourforce_total":5744,"sa2_code16":"401051018"},"id":"natsem_social_indicators_unemployment_sa2_2016.401051018"},{"type":"Feature","properties":{"sa2_name16":"Goodwood - Millswood","unemployment_rate":6.03043,"labourforce_total":8938,"sa2_code16":"401071023"},"id":"natsem_social_indicators_unemployment_sa2_2016.401071023"},{"type":"Feature","properties":{"sa2_name16":"St Peters - Marden","unemployment_rate":6.3405,"labourforce_total":6561,"sa2_code16":"401051019"},"id":"natsem_social_indicators_unemployment_sa2_2016.401051019"},{"type":"Feature","properties":{"sa2_name16":"Walkerville","unemployment_rate":5.88768,"labourforce_total":3312,"sa2_code16":"401061022"},"id":"natsem_social_indicators_unemployment_sa2_2016.401061022"},{"type":"Feature","properties":{"sa2_name16":"Craigmore - Blakeview","unemployment_rate":9.01721,"labourforce_total":9005,"sa2_code16":"402021028"},"id":"natsem_social_indicators_unemployment_sa2_2016.402021028"},{"type":"Feature","properties":{"sa2_name16":"Davoren Park","unemployment_rate":16.2861,"labourforce_total":6613,"sa2_code16":"402021029"},"id":"natsem_social_indicators_unemployment_sa2_2016.402021029"},{"type":"Feature","properties":{"sa2_name16":"Parafield Gardens","unemployment_rate":10.7192,"labourforce_total":7314,"sa2_code16":"402041043"},"id":"natsem_social_indicators_unemployment_sa2_2016.402041043"},{"type":"Feature","properties":{"sa2_name16":"Elizabeth","unemployment_rate":21.9954,"labourforce_total":3037,"sa2_code16":"402021030"},"id":"natsem_social_indicators_unemployment_sa2_2016.402021030"},{"type":"Feature","properties":{"sa2_name16":"Elizabeth East","unemployment_rate":13.1943,"labourforce_total":5131,"sa2_code16":"402021031"},"id":"natsem_social_indicators_unemployment_sa2_2016.402021031"},{"type":"Feature","properties":{"sa2_name16":"Munno Para West - Angle Vale","unemployment_rate":8.54962,"labourforce_total":5895,"sa2_code16":"402021032"},"id":"natsem_social_indicators_unemployment_sa2_2016.402021032"},{"type":"Feature","properties":{"sa2_name16":"One Tree Hill","unemployment_rate":3.24826,"labourforce_total":1293,"sa2_code16":"402021033"},"id":"natsem_social_indicators_unemployment_sa2_2016.402021033"},{"type":"Feature","properties":{"sa2_name16":"Smithfield - Elizabeth North","unemployment_rate":20.3895,"labourforce_total":4159,"sa2_code16":"402021034"},"id":"natsem_social_indicators_unemployment_sa2_2016.402021034"},{"type":"Feature","properties":{"sa2_name16":"Virginia - Waterloo Corner","unemployment_rate":6.95027,"labourforce_total":1669,"sa2_code16":"402021035"},"id":"natsem_social_indicators_unemployment_sa2_2016.402021035"},{"type":"Feature","properties":{"sa2_name16":"Enfield - Blair Athol","unemployment_rate":12.4401,"labourforce_total":10217,"sa2_code16":"402031036"},"id":"natsem_social_indicators_unemployment_sa2_2016.402031036"},{"type":"Feature","properties":{"sa2_name16":"Northgate - Oakden - Gilles Plains","unemployment_rate":8.13008,"labourforce_total":11193,"sa2_code16":"402031037"},"id":"natsem_social_indicators_unemployment_sa2_2016.402031037"},{"type":"Feature","properties":{"sa2_name16":"Windsor Gardens","unemployment_rate":8.29073,"labourforce_total":9975,"sa2_code16":"402031038"},"id":"natsem_social_indicators_unemployment_sa2_2016.402031038"},{"type":"Feature","properties":{"sa2_name16":"Morphettville","unemployment_rate":7.25783,"labourforce_total":6958,"sa2_code16":"403021062"},"id":"natsem_social_indicators_unemployment_sa2_2016.403021062"},{"type":"Feature","properties":{"sa2_name16":"Dry Creek - North","unemployment_rate":0.0,"labourforce_total":0,"sa2_code16":"402041039"},"id":"natsem_social_indicators_unemployment_sa2_2016.402041039"},{"type":"Feature","properties":{"sa2_name16":"Ingle Farm","unemployment_rate":9.31426,"labourforce_total":6431,"sa2_code16":"402041040"},"id":"natsem_social_indicators_unemployment_sa2_2016.402041040"},{"type":"Feature","properties":{"sa2_name16":"Para Hills","unemployment_rate":8.1,"labourforce_total":7000,"sa2_code16":"402041041"},"id":"natsem_social_indicators_unemployment_sa2_2016.402041041"},{"type":"Feature","properties":{"sa2_name16":"Parafield","unemployment_rate":0.0,"labourforce_total":0,"sa2_code16":"402041042"},"id":"natsem_social_indicators_unemployment_sa2_2016.402041042"},{"type":"Feature","properties":{"sa2_name16":"Paralowie","unemployment_rate":10.4151,"labourforce_total":8046,"sa2_code16":"402041044"},"id":"natsem_social_indicators_unemployment_sa2_2016.402041044"},{"type":"Feature","properties":{"sa2_name16":"Salisbury","unemployment_rate":14.3191,"labourforce_total":6837,"sa2_code16":"402041046"},"id":"natsem_social_indicators_unemployment_sa2_2016.402041046"},{"type":"Feature","properties":{"sa2_name16":"Salisbury East","unemployment_rate":9.16002,"labourforce_total":8155,"sa2_code16":"402041047"},"id":"natsem_social_indicators_unemployment_sa2_2016.402041047"},{"type":"Feature","properties":{"sa2_name16":"Salisbury North","unemployment_rate":11.8301,"labourforce_total":7371,"sa2_code16":"402041048"},"id":"natsem_social_indicators_unemployment_sa2_2016.402041048"},{"type":"Feature","properties":{"sa2_name16":"Mawson Lakes - Globe Derby Park","unemployment_rate":8.06583,"labourforce_total":7352,"sa2_code16":"402041171"},"id":"natsem_social_indicators_unemployment_sa2_2016.402041171"},{"type":"Feature","properties":{"sa2_name16":"Pooraka - Cavan","unemployment_rate":10.1016,"labourforce_total":3445,"sa2_code16":"402041172"},"id":"natsem_social_indicators_unemployment_sa2_2016.402041172"},{"type":"Feature","properties":{"sa2_name16":"Golden Grove","unemployment_rate":6.02771,"labourforce_total":5342,"sa2_code16":"402051049"},"id":"natsem_social_indicators_unemployment_sa2_2016.402051049"},{"type":"Feature","properties":{"sa2_name16":"Greenwith","unemployment_rate":5.33496,"labourforce_total":4911,"sa2_code16":"402051050"},"id":"natsem_social_indicators_unemployment_sa2_2016.402051050"},{"type":"Feature","properties":{"sa2_name16":"Highbury - Dernancourt","unemployment_rate":6.57313,"labourforce_total":5203,"sa2_code16":"402051051"},"id":"natsem_social_indicators_unemployment_sa2_2016.402051051"},{"type":"Feature","properties":{"sa2_name16":"Woodville - Cheltenham","unemployment_rate":9.23978,"labourforce_total":8366,"sa2_code16":"404011097"},"id":"natsem_social_indicators_unemployment_sa2_2016.404011097"},{"type":"Feature","properties":{"sa2_name16":"Hope Valley - Modbury","unemployment_rate":8.97987,"labourforce_total":7205,"sa2_code16":"402051052"},"id":"natsem_social_indicators_unemployment_sa2_2016.402051052"},{"type":"Feature","properties":{"sa2_name16":"Modbury Heights","unemployment_rate":6.2519,"labourforce_total":9869,"sa2_code16":"402051053"},"id":"natsem_social_indicators_unemployment_sa2_2016.402051053"},{"type":"Feature","properties":{"sa2_name16":"Redwood Park","unemployment_rate":6.15217,"labourforce_total":8241,"sa2_code16":"402051054"},"id":"natsem_social_indicators_unemployment_sa2_2016.402051054"},{"type":"Feature","properties":{"sa2_name16":"St Agnes - Ridgehaven","unemployment_rate":6.54662,"labourforce_total":5942,"sa2_code16":"402051055"},"id":"natsem_social_indicators_unemployment_sa2_2016.402051055"},{"type":"Feature","properties":{"sa2_name16":"Brighton (SA)","unemployment_rate":4.97945,"labourforce_total":6326,"sa2_code16":"403011056"},"id":"natsem_social_indicators_unemployment_sa2_2016.403011056"},{"type":"Feature","properties":{"sa2_name16":"Glenelg (SA)","unemployment_rate":6.15938,"labourforce_total":9725,"sa2_code16":"403011057"},"id":"natsem_social_indicators_unemployment_sa2_2016.403011057"},{"type":"Feature","properties":{"sa2_name16":"Edwardstown","unemployment_rate":8.53942,"labourforce_total":6874,"sa2_code16":"403021058"},"id":"natsem_social_indicators_unemployment_sa2_2016.403021058"},{"type":"Feature","properties":{"sa2_name16":"Hallett Cove","unemployment_rate":6.05469,"labourforce_total":6656,"sa2_code16":"403021059"},"id":"natsem_social_indicators_unemployment_sa2_2016.403021059"},{"type":"Feature","properties":{"sa2_name16":"Marino - Seaview Downs","unemployment_rate":5.74612,"labourforce_total":4577,"sa2_code16":"403021060"},"id":"natsem_social_indicators_unemployment_sa2_2016.403021060"},{"type":"Feature","properties":{"sa2_name16":"Mitchell Park","unemployment_rate":9.13621,"labourforce_total":6622,"sa2_code16":"403021061"},"id":"natsem_social_indicators_unemployment_sa2_2016.403021061"},{"type":"Feature","properties":{"sa2_name16":"Sheidow Park - Trott Park","unemployment_rate":4.95535,"labourforce_total":5711,"sa2_code16":"403021063"},"id":"natsem_social_indicators_unemployment_sa2_2016.403021063"},{"type":"Feature","properties":{"sa2_name16":"Warradale","unemployment_rate":7.62044,"labourforce_total":6850,"sa2_code16":"403021064"},"id":"natsem_social_indicators_unemployment_sa2_2016.403021064"},{"type":"Feature","properties":{"sa2_name16":"Belair","unemployment_rate":5.65611,"labourforce_total":2210,"sa2_code16":"403031065"},"id":"natsem_social_indicators_unemployment_sa2_2016.403031065"},{"type":"Feature","properties":{"sa2_name16":"Bellevue Heights","unemployment_rate":9.4067,"labourforce_total":3253,"sa2_code16":"403031066"},"id":"natsem_social_indicators_unemployment_sa2_2016.403031066"},{"type":"Feature","properties":{"sa2_name16":"Blackwood","unemployment_rate":5.33401,"labourforce_total":5943,"sa2_code16":"403031067"},"id":"natsem_social_indicators_unemployment_sa2_2016.403031067"},{"type":"Feature","properties":{"sa2_name16":"Colonel Light Gardens","unemployment_rate":5.96996,"labourforce_total":7990,"sa2_code16":"403031068"},"id":"natsem_social_indicators_unemployment_sa2_2016.403031068"},{"type":"Feature","properties":{"sa2_name16":"Mitcham (SA)","unemployment_rate":5.28386,"labourforce_total":7627,"sa2_code16":"403031069"},"id":"natsem_social_indicators_unemployment_sa2_2016.403031069"},{"type":"Feature","properties":{"sa2_name16":"Panorama","unemployment_rate":7.84867,"labourforce_total":3542,"sa2_code16":"403031070"},"id":"natsem_social_indicators_unemployment_sa2_2016.403031070"},{"type":"Feature","properties":{"sa2_name16":"Aberfoyle Park","unemployment_rate":6.08513,"labourforce_total":6179,"sa2_code16":"403041071"},"id":"natsem_social_indicators_unemployment_sa2_2016.403041071"},{"type":"Feature","properties":{"sa2_name16":"Fulham","unemployment_rate":6.54515,"labourforce_total":1207,"sa2_code16":"404031105"},"id":"natsem_social_indicators_unemployment_sa2_2016.404031105"},{"type":"Feature","properties":{"sa2_name16":"Aldinga","unemployment_rate":8.93522,"labourforce_total":6715,"sa2_code16":"403041072"},"id":"natsem_social_indicators_unemployment_sa2_2016.403041072"},{"type":"Feature","properties":{"sa2_name16":"Christie Downs","unemployment_rate":12.9661,"labourforce_total":3594,"sa2_code16":"403041073"},"id":"natsem_social_indicators_unemployment_sa2_2016.403041073"},{"type":"Feature","properties":{"sa2_name16":"Coromandel Valley","unemployment_rate":4.54947,"labourforce_total":2264,"sa2_code16":"403041076"},"id":"natsem_social_indicators_unemployment_sa2_2016.403041076"},{"type":"Feature","properties":{"sa2_name16":"Christies Beach","unemployment_rate":10.8856,"labourforce_total":4336,"sa2_code16":"403041074"},"id":"natsem_social_indicators_unemployment_sa2_2016.403041074"},{"type":"Feature","properties":{"sa2_name16":"Clarendon","unemployment_rate":4.81482,"labourforce_total":1350,"sa2_code16":"403041075"},"id":"natsem_social_indicators_unemployment_sa2_2016.403041075"},{"type":"Feature","properties":{"sa2_name16":"Hackham West - Huntfield Heights","unemployment_rate":12.9265,"labourforce_total":3048,"sa2_code16":"403041079"},"id":"natsem_social_indicators_unemployment_sa2_2016.403041079"},{"type":"Feature","properties":{"sa2_name16":"Flagstaff Hill","unemployment_rate":6.14535,"labourforce_total":5435,"sa2_code16":"403041077"},"id":"natsem_social_indicators_unemployment_sa2_2016.403041077"},{"type":"Feature","properties":{"sa2_name16":"Hackham - Onkaparinga Hills","unemployment_rate":7.96907,"labourforce_total":2974,"sa2_code16":"403041078"},"id":"natsem_social_indicators_unemployment_sa2_2016.403041078"},{"type":"Feature","properties":{"sa2_name16":"Happy Valley","unemployment_rate":6.35452,"labourforce_total":6877,"sa2_code16":"403041080"},"id":"natsem_social_indicators_unemployment_sa2_2016.403041080"},{"type":"Feature","properties":{"sa2_name16":"Happy Valley Reservoir","unemployment_rate":0.0,"labourforce_total":0,"sa2_code16":"403041081"},"id":"natsem_social_indicators_unemployment_sa2_2016.403041081"},{"type":"Feature","properties":{"sa2_name16":"Reynella","unemployment_rate":7.67357,"labourforce_total":4926,"sa2_code16":"403041086"},"id":"natsem_social_indicators_unemployment_sa2_2016.403041086"},{"type":"Feature","properties":{"sa2_name16":"Lonsdale","unemployment_rate":0.0,"labourforce_total":0,"sa2_code16":"403041082"},"id":"natsem_social_indicators_unemployment_sa2_2016.403041082"},{"type":"Feature","properties":{"sa2_name16":"McLaren Vale","unemployment_rate":5.10166,"labourforce_total":2705,"sa2_code16":"403041083"},"id":"natsem_social_indicators_unemployment_sa2_2016.403041083"},{"type":"Feature","properties":{"sa2_name16":"Morphett Vale - East","unemployment_rate":8.48214,"labourforce_total":6272,"sa2_code16":"403041084"},"id":"natsem_social_indicators_unemployment_sa2_2016.403041084"},{"type":"Feature","properties":{"sa2_name16":"Morphett Vale - West","unemployment_rate":11.1857,"labourforce_total":4023,"sa2_code16":"403041085"},"id":"natsem_social_indicators_unemployment_sa2_2016.403041085"},{"type":"Feature","properties":{"sa2_name16":"Willunga","unemployment_rate":4.42156,"labourforce_total":1651,"sa2_code16":"403041088"},"id":"natsem_social_indicators_unemployment_sa2_2016.403041088"},{"type":"Feature","properties":{"sa2_name16":"Woodcroft","unemployment_rate":5.58565,"labourforce_total":5908,"sa2_code16":"403041089"},"id":"natsem_social_indicators_unemployment_sa2_2016.403041089"},{"type":"Feature","properties":{"sa2_name16":"Beverley","unemployment_rate":6.73695,"labourforce_total":3889,"sa2_code16":"404011090"},"id":"natsem_social_indicators_unemployment_sa2_2016.404011090"},{"type":"Feature","properties":{"sa2_name16":"Flinders Park","unemployment_rate":7.37193,"labourforce_total":6891,"sa2_code16":"404011091"},"id":"natsem_social_indicators_unemployment_sa2_2016.404011091"},{"type":"Feature","properties":{"sa2_name16":"Henley Beach","unemployment_rate":5.84803,"labourforce_total":7370,"sa2_code16":"404011092"},"id":"natsem_social_indicators_unemployment_sa2_2016.404011092"},{"type":"Feature","properties":{"sa2_name16":"Hindmarsh - Brompton","unemployment_rate":7.87637,"labourforce_total":9027,"sa2_code16":"404011093"},"id":"natsem_social_indicators_unemployment_sa2_2016.404011093"},{"type":"Feature","properties":{"sa2_name16":"Royal Park - Hendon - Albert Park","unemployment_rate":8.11004,"labourforce_total":2799,"sa2_code16":"404011094"},"id":"natsem_social_indicators_unemployment_sa2_2016.404011094"},{"type":"Feature","properties":{"sa2_name16":"Seaton - Grange","unemployment_rate":7.24932,"labourforce_total":7380,"sa2_code16":"404011095"},"id":"natsem_social_indicators_unemployment_sa2_2016.404011095"},{"type":"Feature","properties":{"sa2_name16":"West Lakes","unemployment_rate":5.84165,"labourforce_total":6214,"sa2_code16":"404011096"},"id":"natsem_social_indicators_unemployment_sa2_2016.404011096"},{"type":"Feature","properties":{"sa2_name16":"Dry Creek - South","unemployment_rate":0.0,"labourforce_total":0,"sa2_code16":"404021098"},"id":"natsem_social_indicators_unemployment_sa2_2016.404021098"},{"type":"Feature","properties":{"sa2_name16":"The Parks","unemployment_rate":12.8973,"labourforce_total":7583,"sa2_code16":"404021102"},"id":"natsem_social_indicators_unemployment_sa2_2016.404021102"},{"type":"Feature","properties":{"sa2_name16":"Torrens Island","unemployment_rate":0.0,"labourforce_total":0,"sa2_code16":"404021103"},"id":"natsem_social_indicators_unemployment_sa2_2016.404021103"},{"type":"Feature","properties":{"sa2_name16":"Largs Bay - Semaphore","unemployment_rate":6.83164,"labourforce_total":7597,"sa2_code16":"404021099"},"id":"natsem_social_indicators_unemployment_sa2_2016.404021099"},{"type":"Feature","properties":{"sa2_name16":"Adelaide Airport","unemployment_rate":0.0,"labourforce_total":0,"sa2_code16":"404031104"},"id":"natsem_social_indicators_unemployment_sa2_2016.404031104"},{"type":"Feature","properties":{"sa2_name16":"North Haven","unemployment_rate":7.79066,"labourforce_total":6726,"sa2_code16":"404021100"},"id":"natsem_social_indicators_unemployment_sa2_2016.404021100"},{"type":"Feature","properties":{"sa2_name16":"Port Adelaide","unemployment_rate":10.2492,"labourforce_total":4976,"sa2_code16":"404021101"},"id":"natsem_social_indicators_unemployment_sa2_2016.404021101"},{"type":"Feature","properties":{"sa2_name16":"Lockleys","unemployment_rate":7.47298,"labourforce_total":6383,"sa2_code16":"404031106"},"id":"natsem_social_indicators_unemployment_sa2_2016.404031106"},{"type":"Feature","properties":{"sa2_name16":"Plympton","unemployment_rate":8.08987,"labourforce_total":12151,"sa2_code16":"404031107"},"id":"natsem_social_indicators_unemployment_sa2_2016.404031107"},{"type":"Feature","properties":{"sa2_name16":"Richmond (SA)","unemployment_rate":8.01693,"labourforce_total":8507,"sa2_code16":"404031108"},"id":"natsem_social_indicators_unemployment_sa2_2016.404031108"},{"type":"Feature","properties":{"sa2_name16":"Tanunda","unemployment_rate":3.63289,"labourforce_total":2092,"sa2_code16":"405011115"},"id":"natsem_social_indicators_unemployment_sa2_2016.405011115"},{"type":"Feature","properties":{"sa2_name16":"Clare","unemployment_rate":3.08442,"labourforce_total":1848,"sa2_code16":"405021116"},"id":"natsem_social_indicators_unemployment_sa2_2016.405021116"},{"type":"Feature","properties":{"sa2_name16":"Gilbert Valley","unemployment_rate":4.36275,"labourforce_total":2040,"sa2_code16":"405021117"},"id":"natsem_social_indicators_unemployment_sa2_2016.405021117"},{"type":"Feature","properties":{"sa2_name16":"Goyder","unemployment_rate":6.88836,"labourforce_total":1684,"sa2_code16":"405021118"},"id":"natsem_social_indicators_unemployment_sa2_2016.405021118"},{"type":"Feature","properties":{"sa2_name16":"Wakefield - Barunga West","unemployment_rate":6.49702,"labourforce_total":3694,"sa2_code16":"405021119"},"id":"natsem_social_indicators_unemployment_sa2_2016.405021119"},{"type":"Feature","properties":{"sa2_name16":"Jamestown","unemployment_rate":5.27967,"labourforce_total":1913,"sa2_code16":"405031120"},"id":"natsem_social_indicators_unemployment_sa2_2016.405031120"},{"type":"Feature","properties":{"sa2_name16":"Peterborough - Mount Remarkable","unemployment_rate":7.4707,"labourforce_total":2048,"sa2_code16":"405031121"},"id":"natsem_social_indicators_unemployment_sa2_2016.405031121"},{"type":"Feature","properties":{"sa2_name16":"Port Pirie","unemployment_rate":11.8339,"labourforce_total":5611,"sa2_code16":"405031122"},"id":"natsem_social_indicators_unemployment_sa2_2016.405031122"},{"type":"Feature","properties":{"sa2_name16":"Wallaroo","unemployment_rate":10.3698,"labourforce_total":1379,"sa2_code16":"405041126"},"id":"natsem_social_indicators_unemployment_sa2_2016.405041126"},{"type":"Feature","properties":{"sa2_name16":"Yorke Peninsula - North","unemployment_rate":6.33803,"labourforce_total":2556,"sa2_code16":"405041127"},"id":"natsem_social_indicators_unemployment_sa2_2016.405041127"},{"type":"Feature","properties":{"sa2_name16":"Western","unemployment_rate":0.0,"labourforce_total":0,"sa2_code16":"406011135"},"id":"natsem_social_indicators_unemployment_sa2_2016.406011135"},{"type":"Feature","properties":{"sa2_name16":"Whyalla","unemployment_rate":12.6761,"labourforce_total":9230,"sa2_code16":"406011136"},"id":"natsem_social_indicators_unemployment_sa2_2016.406011136"},{"type":"Feature","properties":{"sa2_name16":"Whyalla - North","unemployment_rate":0.0,"labourforce_total":0,"sa2_code16":"406011137"},"id":"natsem_social_indicators_unemployment_sa2_2016.406011137"},{"type":"Feature","properties":{"sa2_name16":"APY Lands","unemployment_rate":25.4573,"labourforce_total":656,"sa2_code16":"406021138"},"id":"natsem_social_indicators_unemployment_sa2_2016.406021138"},{"type":"Feature","properties":{"sa2_name16":"Coober Pedy","unemployment_rate":10.6624,"labourforce_total":619,"sa2_code16":"406021139"},"id":"natsem_social_indicators_unemployment_sa2_2016.406021139"},{"type":"Feature","properties":{"sa2_name16":"Quorn - Lake Gilles","unemployment_rate":7.87949,"labourforce_total":863,"sa2_code16":"406021140"},"id":"natsem_social_indicators_unemployment_sa2_2016.406021140"},{"type":"Feature","properties":{"sa2_name16":"Outback","unemployment_rate":4.5858,"labourforce_total":1352,"sa2_code16":"406021141"},"id":"natsem_social_indicators_unemployment_sa2_2016.406021141"},{"type":"Feature","properties":{"sa2_name16":"Port Augusta","unemployment_rate":10.0344,"labourforce_total":5531,"sa2_code16":"406021142"},"id":"natsem_social_indicators_unemployment_sa2_2016.406021142"},{"type":"Feature","properties":{"sa2_name16":"Roxby Downs","unemployment_rate":3.45745,"labourforce_total":2256,"sa2_code16":"406021143"},"id":"natsem_social_indicators_unemployment_sa2_2016.406021143"},{"type":"Feature","properties":{"sa2_name16":"Goolwa - Port Elliot","unemployment_rate":7.56835,"labourforce_total":3475,"sa2_code16":"407011144"},"id":"natsem_social_indicators_unemployment_sa2_2016.407011144"},{"type":"Feature","properties":{"sa2_name16":"Kangaroo Island","unemployment_rate":5.59339,"labourforce_total":2056,"sa2_code16":"407011145"},"id":"natsem_social_indicators_unemployment_sa2_2016.407011145"},{"type":"Feature","properties":{"sa2_name16":"Strathalbyn","unemployment_rate":5.73163,"labourforce_total":2966,"sa2_code16":"407011146"},"id":"natsem_social_indicators_unemployment_sa2_2016.407011146"},{"type":"Feature","properties":{"sa2_name16":"Strathalbyn Region","unemployment_rate":5.38869,"labourforce_total":3396,"sa2_code16":"407011147"},"id":"natsem_social_indicators_unemployment_sa2_2016.407011147"},{"type":"Feature","properties":{"sa2_name16":"Victor Harbor","unemployment_rate":7.60626,"labourforce_total":4470,"sa2_code16":"407011148"},"id":"natsem_social_indicators_unemployment_sa2_2016.407011148"},{"type":"Feature","properties":{"sa2_name16":"Yankalilla","unemployment_rate":6.48448,"labourforce_total":2159,"sa2_code16":"407011149"},"id":"natsem_social_indicators_unemployment_sa2_2016.407011149"},{"type":"Feature","properties":{"sa2_name16":"Grant","unemployment_rate":4.72505,"labourforce_total":2455,"sa2_code16":"407021150"},"id":"natsem_social_indicators_unemployment_sa2_2016.407021150"},{"type":"Feature","properties":{"sa2_name16":"Naracoorte Region","unemployment_rate":1.05171,"labourforce_total":1141,"sa2_code16":"407021155"},"id":"natsem_social_indicators_unemployment_sa2_2016.407021155"},{"type":"Feature","properties":{"sa2_name16":"Penola","unemployment_rate":5.5949,"labourforce_total":1412,"sa2_code16":"407021156"},"id":"natsem_social_indicators_unemployment_sa2_2016.407021156"},{"type":"Feature","properties":{"sa2_name16":"Tatiara","unemployment_rate":2.50852,"labourforce_total":3229,"sa2_code16":"407021157"},"id":"natsem_social_indicators_unemployment_sa2_2016.407021157"},{"type":"Feature","properties":{"sa2_name16":"Wattle Range","unemployment_rate":5.96591,"labourforce_total":1408,"sa2_code16":"407021158"},"id":"natsem_social_indicators_unemployment_sa2_2016.407021158"},{"type":"Feature","properties":{"sa2_name16":"Mount Gambier - East","unemployment_rate":6.64732,"labourforce_total":6890,"sa2_code16":"407021173"},"id":"natsem_social_indicators_unemployment_sa2_2016.407021173"},{"type":"Feature","properties":{"sa2_name16":"Mount Gambier - West","unemployment_rate":6.5033,"labourforce_total":6366,"sa2_code16":"407021174"},"id":"natsem_social_indicators_unemployment_sa2_2016.407021174"},{"type":"Feature","properties":{"sa2_name16":"Barmera","unemployment_rate":6.9627,"labourforce_total":2815,"sa2_code16":"407031159"},"id":"natsem_social_indicators_unemployment_sa2_2016.407031159"},{"type":"Feature","properties":{"sa2_name16":"Berri","unemployment_rate":8.14249,"labourforce_total":1572,"sa2_code16":"407031160"},"id":"natsem_social_indicators_unemployment_sa2_2016.407031160"},{"type":"Feature","properties":{"sa2_name16":"Karoonda - Lameroo","unemployment_rate":4.64585,"labourforce_total":1313,"sa2_code16":"407031161"},"id":"natsem_social_indicators_unemployment_sa2_2016.407031161"},{"type":"Feature","properties":{"sa2_name16":"Loxton","unemployment_rate":4.877,"labourforce_total":2317,"sa2_code16":"407031162"},"id":"natsem_social_indicators_unemployment_sa2_2016.407031162"},{"type":"Feature","properties":{"sa2_name16":"Murray Bridge","unemployment_rate":9.78514,"labourforce_total":7307,"sa2_code16":"407031165"},"id":"natsem_social_indicators_unemployment_sa2_2016.407031165"},{"type":"Feature","properties":{"sa2_name16":"Murray Bridge Region","unemployment_rate":5.88582,"labourforce_total":1699,"sa2_code16":"407031166"},"id":"natsem_social_indicators_unemployment_sa2_2016.407031166"},{"type":"Feature","properties":{"sa2_name16":"Renmark","unemployment_rate":10.8063,"labourforce_total":1786,"sa2_code16":"407031167"},"id":"natsem_social_indicators_unemployment_sa2_2016.407031167"},{"type":"Feature","properties":{"sa2_name16":"Renmark Region","unemployment_rate":5.01264,"labourforce_total":2374,"sa2_code16":"407031168"},"id":"natsem_social_indicators_unemployment_sa2_2016.407031168"},{"type":"Feature","properties":{"sa2_name16":"The Coorong","unemployment_rate":5.14706,"labourforce_total":2176,"sa2_code16":"407031169"},"id":"natsem_social_indicators_unemployment_sa2_2016.407031169"},{"type":"Feature","properties":{"sa2_name16":"Waikerie","unemployment_rate":5.66833,"labourforce_total":2611,"sa2_code16":"407031170"},"id":"natsem_social_indicators_unemployment_sa2_2016.407031170"}]}