{"type":"FeatureCollection","bbox":[0.0,0.0,-1.0,-1.0],"crs":{"type":"name","properties":{"name":"EPSG:4283"}},"features":[{"type":"Feature","properties":{"total_migration_rate":40.90254441,"sa2_main11":801091109,"total_population":2083,"total_born_overseas":852,"sa2_name11":"Phillip"},"id":"natsem_tb3_social_indicators_migration_rate_geometry.fid-6fd2e9d2_16aa4a9bb1d_-7f8a"},{"type":"Feature","properties":{"total_migration_rate":25.0,"sa2_main11":801091108,"total_population":2544,"total_born_overseas":636,"sa2_name11":"Pearce"},"id":"natsem_tb3_social_indicators_migration_rate_geometry.fid-6fd2e9d2_16aa4a9bb1d_-7f8b"},{"type":"Feature","properties":{"total_migration_rate":42.31651376,"sa2_main11":801091107,"total_population":872,"total_born_overseas":369,"sa2_name11":"O''Malley"},"id":"natsem_tb3_social_indicators_migration_rate_geometry.fid-6fd2e9d2_16aa4a9bb1d_-7f8c"},{"type":"Feature","properties":{"total_migration_rate":30.06849315,"sa2_main11":801091106,"total_population":2920,"total_born_overseas":878,"sa2_name11":"Mawson"},"id":"natsem_tb3_social_indicators_migration_rate_geometry.fid-6fd2e9d2_16aa4a9bb1d_-7f8d"},{"type":"Feature","properties":{"total_migration_rate":32.08927918,"sa2_main11":801091105,"total_population":2733,"total_born_overseas":877,"sa2_name11":"Lyons (ACT)"},"id":"natsem_tb3_social_indicators_migration_rate_geometry.fid-6fd2e9d2_16aa4a9bb1d_-7f8e"},{"type":"Feature","properties":{"total_migration_rate":35.64440664,"sa2_main11":801091104,"total_population":2351,"total_born_overseas":838,"sa2_name11":"Isaacs"},"id":"natsem_tb3_social_indicators_migration_rate_geometry.fid-6fd2e9d2_16aa4a9bb1d_-7f8f"},{"type":"Feature","properties":{"total_migration_rate":31.45716073,"sa2_main11":801091102,"total_population":3198,"total_born_overseas":1006,"sa2_name11":"Garran"},"id":"natsem_tb3_social_indicators_migration_rate_geometry.fid-6fd2e9d2_16aa4a9bb1d_-7f90"},{"type":"Feature","properties":{"total_migration_rate":25.01488982,"sa2_main11":801091101,"total_population":3358,"total_born_overseas":840,"sa2_name11":"Farrer"},"id":"natsem_tb3_social_indicators_migration_rate_geometry.fid-6fd2e9d2_16aa4a9bb1d_-7f91"},{"type":"Feature","properties":{"total_migration_rate":22.38113645,"sa2_main11":801091100,"total_population":5174,"total_born_overseas":1158,"sa2_name11":"Curtin"},"id":"natsem_tb3_social_indicators_migration_rate_geometry.fid-6fd2e9d2_16aa4a9bb1d_-7f92"},{"type":"Feature","properties":{"total_migration_rate":21.09452736,"sa2_main11":801081093,"total_population":3015,"total_born_overseas":636,"sa2_name11":"Fisher"},"id":"natsem_tb3_social_indicators_migration_rate_geometry.fid-6fd2e9d2_16aa4a9bb1d_-7f93"},{"type":"Feature","properties":{"total_migration_rate":17.34032706,"sa2_main11":801081092,"total_population":3241,"total_born_overseas":562,"sa2_name11":"Duffy"},"id":"natsem_tb3_social_indicators_migration_rate_geometry.fid-6fd2e9d2_16aa4a9bb1d_-7f94"},{"type":"Feature","properties":{"total_migration_rate":20.57310801,"sa2_main11":801081091,"total_population":2722,"total_born_overseas":560,"sa2_name11":"Chapman"},"id":"natsem_tb3_social_indicators_migration_rate_geometry.fid-6fd2e9d2_16aa4a9bb1d_-7f95"},{"type":"Feature","properties":{"total_migration_rate":21.37904468,"sa2_main11":801081097,"total_population":2596,"total_born_overseas":555,"sa2_name11":"Waramanga"},"id":"natsem_tb3_social_indicators_migration_rate_geometry.fid-6fd2e9d2_16aa4a9bb1d_-7f96"},{"type":"Feature","properties":{"total_migration_rate":19.90752633,"sa2_main11":801071090,"total_population":7786,"total_born_overseas":1550,"sa2_name11":"Wanniassa"},"id":"natsem_tb3_social_indicators_migration_rate_geometry.fid-6fd2e9d2_16aa4a9bb1d_-7f97"},{"type":"Feature","properties":{"total_migration_rate":27.3381295,"sa2_main11":801081096,"total_population":2085,"total_born_overseas":570,"sa2_name11":"Stirling"},"id":"natsem_tb3_social_indicators_migration_rate_geometry.fid-6fd2e9d2_16aa4a9bb1d_-7f98"},{"type":"Feature","properties":{"total_migration_rate":0.0,"sa2_main11":801071089,"total_population":31,"total_born_overseas":0,"sa2_name11":"Tuggeranong"},"id":"natsem_tb3_social_indicators_migration_rate_geometry.fid-6fd2e9d2_16aa4a9bb1d_-7f99"},{"type":"Feature","properties":{"total_migration_rate":15.32338308,"sa2_main11":801071088,"total_population":4020,"total_born_overseas":616,"sa2_name11":"Theodore"},"id":"natsem_tb3_social_indicators_migration_rate_geometry.fid-6fd2e9d2_16aa4a9bb1d_-7f9a"},{"type":"Feature","properties":{"total_migration_rate":17.49122247,"sa2_main11":801071087,"total_population":3133,"total_born_overseas":548,"sa2_name11":"Richardson"},"id":"natsem_tb3_social_indicators_migration_rate_geometry.fid-6fd2e9d2_16aa4a9bb1d_-7f9b"},{"type":"Feature","properties":{"total_migration_rate":18.93557423,"sa2_main11":801071086,"total_population":1785,"total_born_overseas":338,"sa2_name11":"Oxley (ACT)"},"id":"natsem_tb3_social_indicators_migration_rate_geometry.fid-6fd2e9d2_16aa4a9bb1d_-7f9c"},{"type":"Feature","properties":{"total_migration_rate":null,"sa2_main11":801071085,"total_population":0,"total_born_overseas":0,"sa2_name11":"Mount Taylor"},"id":"natsem_tb3_social_indicators_migration_rate_geometry.fid-6fd2e9d2_16aa4a9bb1d_-7f9d"},{"type":"Feature","properties":{"total_migration_rate":22.05421353,"sa2_main11":801071084,"total_population":5423,"total_born_overseas":1196,"sa2_name11":"Monash"},"id":"natsem_tb3_social_indicators_migration_rate_geometry.fid-6fd2e9d2_16aa4a9bb1d_-7f9e"},{"type":"Feature","properties":{"total_migration_rate":20.69849407,"sa2_main11":801081095,"total_population":3121,"total_born_overseas":646,"sa2_name11":"Rivett"},"id":"natsem_tb3_social_indicators_migration_rate_geometry.fid-6fd2e9d2_16aa4a9bb1d_-7f9f"},{"type":"Feature","properties":{"total_migration_rate":18.0698152,"sa2_main11":801071083,"total_population":1461,"total_born_overseas":264,"sa2_name11":"Macarthur"},"id":"natsem_tb3_social_indicators_migration_rate_geometry.fid-6fd2e9d2_16aa4a9bb1d_-7fa0"},{"type":"Feature","properties":{"total_migration_rate":18.37778353,"sa2_main11":801071082,"total_population":15448,"total_born_overseas":2839,"sa2_name11":"Kambah"},"id":"natsem_tb3_social_indicators_migration_rate_geometry.fid-6fd2e9d2_16aa4a9bb1d_-7fa1"},{"type":"Feature","properties":{"total_migration_rate":19.69872538,"sa2_main11":801071081,"total_population":4315,"total_born_overseas":850,"sa2_name11":"Isabella Plains"},"id":"natsem_tb3_social_indicators_migration_rate_geometry.fid-6fd2e9d2_16aa4a9bb1d_-7fa2"},{"type":"Feature","properties":{"total_migration_rate":21.61563999,"sa2_main11":801081094,"total_population":2711,"total_born_overseas":586,"sa2_name11":"Holder"},"id":"natsem_tb3_social_indicators_migration_rate_geometry.fid-6fd2e9d2_16aa4a9bb1d_-7fa3"},{"type":"Feature","properties":{"total_migration_rate":28.69924295,"sa2_main11":801071080,"total_population":1453,"total_born_overseas":417,"sa2_name11":"Greenway"},"id":"natsem_tb3_social_indicators_migration_rate_geometry.fid-6fd2e9d2_16aa4a9bb1d_-7fa4"},{"type":"Feature","properties":{"total_migration_rate":18.92622634,"sa2_main11":801071078,"total_population":7767,"total_born_overseas":1470,"sa2_name11":"Gordon (ACT)"},"id":"natsem_tb3_social_indicators_migration_rate_geometry.fid-6fd2e9d2_16aa4a9bb1d_-7fa5"},{"type":"Feature","properties":{"total_migration_rate":15.68765389,"sa2_main11":801071077,"total_population":2843,"total_born_overseas":446,"sa2_name11":"Gilmore"},"id":"natsem_tb3_social_indicators_migration_rate_geometry.fid-6fd2e9d2_16aa4a9bb1d_-7fa6"},{"type":"Feature","properties":{"total_migration_rate":21.37528381,"sa2_main11":801071076,"total_population":3083,"total_born_overseas":659,"sa2_name11":"Fadden"},"id":"natsem_tb3_social_indicators_migration_rate_geometry.fid-6fd2e9d2_16aa4a9bb1d_-7fa7"},{"type":"Feature","properties":{"total_migration_rate":18.25366955,"sa2_main11":801071075,"total_population":5314,"total_born_overseas":970,"sa2_name11":"Conder"},"id":"natsem_tb3_social_indicators_migration_rate_geometry.fid-6fd2e9d2_16aa4a9bb1d_-7fa8"},{"type":"Feature","properties":{"total_migration_rate":15.52415505,"sa2_main11":801071074,"total_population":5237,"total_born_overseas":813,"sa2_name11":"Chisholm"},"id":"natsem_tb3_social_indicators_migration_rate_geometry.fid-6fd2e9d2_16aa4a9bb1d_-7fa9"},{"type":"Feature","properties":{"total_migration_rate":24.12714956,"sa2_main11":801071072,"total_population":3838,"total_born_overseas":926,"sa2_name11":"Bonython"},"id":"natsem_tb3_social_indicators_migration_rate_geometry.fid-6fd2e9d2_16aa4a9bb1d_-7faa"},{"type":"Feature","properties":{"total_migration_rate":17.11124284,"sa2_main11":801071071,"total_population":5061,"total_born_overseas":866,"sa2_name11":"Banks"},"id":"natsem_tb3_social_indicators_migration_rate_geometry.fid-6fd2e9d2_16aa4a9bb1d_-7fab"},{"type":"Feature","properties":{"total_migration_rate":23.95619439,"sa2_main11":801061070,"total_population":2922,"total_born_overseas":700,"sa2_name11":"Yarralumla"},"id":"natsem_tb3_social_indicators_migration_rate_geometry.fid-6fd2e9d2_16aa4a9bb1d_-7fac"},{"type":"Feature","properties":{"total_migration_rate":25.30009234,"sa2_main11":801061069,"total_population":3249,"total_born_overseas":822,"sa2_name11":"Red Hill (ACT)"},"id":"natsem_tb3_social_indicators_migration_rate_geometry.fid-6fd2e9d2_16aa4a9bb1d_-7fad"},{"type":"Feature","properties":{"total_migration_rate":24.65608466,"sa2_main11":801061067,"total_population":5670,"total_born_overseas":1398,"sa2_name11":"Narrabundah"},"id":"natsem_tb3_social_indicators_migration_rate_geometry.fid-6fd2e9d2_16aa4a9bb1d_-7fae"},{"type":"Feature","properties":{"total_migration_rate":null,"sa2_main11":801061066,"total_population":0,"total_born_overseas":0,"sa2_name11":"Lake Burley Griffin"},"id":"natsem_tb3_social_indicators_migration_rate_geometry.fid-6fd2e9d2_16aa4a9bb1d_-7faf"},{"type":"Feature","properties":{"total_migration_rate":24.09899087,"sa2_main11":801061065,"total_population":4162,"total_born_overseas":1003,"sa2_name11":"Kingston - Barton"},"id":"natsem_tb3_social_indicators_migration_rate_geometry.fid-6fd2e9d2_16aa4a9bb1d_-7fb0"},{"type":"Feature","properties":{"total_migration_rate":18.58723958,"sa2_main11":801071079,"total_population":3072,"total_born_overseas":571,"sa2_name11":"Gowrie (ACT)"},"id":"natsem_tb3_social_indicators_migration_rate_geometry.fid-6fd2e9d2_16aa4a9bb1d_-7fb1"},{"type":"Feature","properties":{"total_migration_rate":23.59579379,"sa2_main11":801061064,"total_population":3899,"total_born_overseas":920,"sa2_name11":"Griffith (ACT)"},"id":"natsem_tb3_social_indicators_migration_rate_geometry.fid-6fd2e9d2_16aa4a9bb1d_-7fb2"},{"type":"Feature","properties":{"total_migration_rate":22.4267212,"sa2_main11":801061063,"total_population":1467,"total_born_overseas":329,"sa2_name11":"Forrest"},"id":"natsem_tb3_social_indicators_migration_rate_geometry.fid-6fd2e9d2_16aa4a9bb1d_-7fb3"},{"type":"Feature","properties":{"total_migration_rate":23.71541502,"sa2_main11":801061062,"total_population":2783,"total_born_overseas":660,"sa2_name11":"Deakin"},"id":"natsem_tb3_social_indicators_migration_rate_geometry.fid-6fd2e9d2_16aa4a9bb1d_-7fb4"},{"type":"Feature","properties":{"total_migration_rate":16.59807956,"sa2_main11":801071073,"total_population":5832,"total_born_overseas":968,"sa2_name11":"Calwell"},"id":"natsem_tb3_social_indicators_migration_rate_geometry.fid-6fd2e9d2_16aa4a9bb1d_-7fb5"},{"type":"Feature","properties":{"total_migration_rate":25.60999414,"sa2_main11":801051061,"total_population":5123,"total_born_overseas":1312,"sa2_name11":"Watson"},"id":"natsem_tb3_social_indicators_migration_rate_geometry.fid-6fd2e9d2_16aa4a9bb1d_-7fb6"},{"type":"Feature","properties":{"total_migration_rate":29.20723227,"sa2_main11":801051060,"total_population":3595,"total_born_overseas":1050,"sa2_name11":"Turner"},"id":"natsem_tb3_social_indicators_migration_rate_geometry.fid-6fd2e9d2_16aa4a9bb1d_-7fb7"},{"type":"Feature","properties":{"total_migration_rate":27.43362832,"sa2_main11":801051059,"total_population":1582,"total_born_overseas":434,"sa2_name11":"Reid"},"id":"natsem_tb3_social_indicators_migration_rate_geometry.fid-6fd2e9d2_16aa4a9bb1d_-7fb8"},{"type":"Feature","properties":{"total_migration_rate":24.10510282,"sa2_main11":801051058,"total_population":5252,"total_born_overseas":1266,"sa2_name11":"O''Connor (ACT)"},"id":"natsem_tb3_social_indicators_migration_rate_geometry.fid-6fd2e9d2_16aa4a9bb1d_-7fb9"},{"type":"Feature","properties":{"total_migration_rate":26.15384615,"sa2_main11":801051057,"total_population":4485,"total_born_overseas":1173,"sa2_name11":"Lyneham"},"id":"natsem_tb3_social_indicators_migration_rate_geometry.fid-6fd2e9d2_16aa4a9bb1d_-7fba"},{"type":"Feature","properties":{"total_migration_rate":21.48249828,"sa2_main11":801051056,"total_population":2914,"total_born_overseas":626,"sa2_name11":"Hackett"},"id":"natsem_tb3_social_indicators_migration_rate_geometry.fid-6fd2e9d2_16aa4a9bb1d_-7fbb"},{"type":"Feature","properties":{"total_migration_rate":19.02636917,"sa2_main11":801051052,"total_population":4930,"total_born_overseas":938,"sa2_name11":"Campbell"},"id":"natsem_tb3_social_indicators_migration_rate_geometry.fid-6fd2e9d2_16aa4a9bb1d_-7fbc"},{"type":"Feature","properties":{"total_migration_rate":52.82442748,"sa2_main11":801051049,"total_population":1965,"total_born_overseas":1038,"sa2_name11":"Acton"},"id":"natsem_tb3_social_indicators_migration_rate_geometry.fid-6fd2e9d2_16aa4a9bb1d_-7fbd"},{"type":"Feature","properties":{"total_migration_rate":24.08417771,"sa2_main11":801041046,"total_population":8981,"total_born_overseas":2163,"sa2_name11":"Ngunnawal"},"id":"natsem_tb3_social_indicators_migration_rate_geometry.fid-6fd2e9d2_16aa4a9bb1d_-7fbe"},{"type":"Feature","properties":{"total_migration_rate":26.47101137,"sa2_main11":801041047,"total_population":6951,"total_born_overseas":1840,"sa2_name11":"Nicholls"},"id":"natsem_tb3_social_indicators_migration_rate_geometry.fid-6fd2e9d2_16aa4a9bb1d_-7fbf"},{"type":"Feature","properties":{"total_migration_rate":0.0,"sa2_main11":801041045,"total_population":4,"total_born_overseas":0,"sa2_name11":"Mitchell"},"id":"natsem_tb3_social_indicators_migration_rate_geometry.fid-6fd2e9d2_16aa4a9bb1d_-7fc0"},{"type":"Feature","properties":{"total_migration_rate":null,"sa2_main11":801041042,"total_population":0,"total_born_overseas":0,"sa2_name11":"Gungahlin - West"},"id":"natsem_tb3_social_indicators_migration_rate_geometry.fid-6fd2e9d2_16aa4a9bb1d_-7fc1"},{"type":"Feature","properties":{"total_migration_rate":30.85585586,"sa2_main11":801041044,"total_population":4440,"total_born_overseas":1370,"sa2_name11":"Harrison"},"id":"natsem_tb3_social_indicators_migration_rate_geometry.fid-6fd2e9d2_16aa4a9bb1d_-7fc2"},{"type":"Feature","properties":{"total_migration_rate":0.0,"sa2_main11":801041041,"total_population":35,"total_born_overseas":0,"sa2_name11":"Gungahlin - East"},"id":"natsem_tb3_social_indicators_migration_rate_geometry.fid-6fd2e9d2_16aa4a9bb1d_-7fc3"},{"type":"Feature","properties":{"total_migration_rate":35.83763575,"sa2_main11":801041040,"total_population":5617,"total_born_overseas":2013,"sa2_name11":"Gungahlin"},"id":"natsem_tb3_social_indicators_migration_rate_geometry.fid-6fd2e9d2_16aa4a9bb1d_-7fc4"},{"type":"Feature","properties":{"total_migration_rate":42.61303891,"sa2_main11":801041039,"total_population":3804,"total_born_overseas":1621,"sa2_name11":"Franklin"},"id":"natsem_tb3_social_indicators_migration_rate_geometry.fid-6fd2e9d2_16aa4a9bb1d_-7fc5"},{"type":"Feature","properties":{"total_migration_rate":34.16370107,"sa2_main11":801041037,"total_population":562,"total_born_overseas":192,"sa2_name11":"Crace"},"id":"natsem_tb3_social_indicators_migration_rate_geometry.fid-6fd2e9d2_16aa4a9bb1d_-7fc6"},{"type":"Feature","properties":{"total_migration_rate":25.0,"sa2_main11":801041036,"total_population":1492,"total_born_overseas":373,"sa2_name11":"Casey"},"id":"natsem_tb3_social_indicators_migration_rate_geometry.fid-6fd2e9d2_16aa4a9bb1d_-7fc7"},{"type":"Feature","properties":{"total_migration_rate":34.93975904,"sa2_main11":801041035,"total_population":1494,"total_born_overseas":522,"sa2_name11":"Bonner"},"id":"natsem_tb3_social_indicators_migration_rate_geometry.fid-6fd2e9d2_16aa4a9bb1d_-7fc8"},{"type":"Feature","properties":{"total_migration_rate":16.06557377,"sa2_main11":801031030,"total_population":915,"total_born_overseas":147,"sa2_name11":"ACT - East"},"id":"natsem_tb3_social_indicators_migration_rate_geometry.fid-6fd2e9d2_16aa4a9bb1d_-7fc9"},{"type":"Feature","properties":{"total_migration_rate":8.032128514,"sa2_main11":801031033,"total_population":249,"total_born_overseas":20,"sa2_name11":"Majura"},"id":"natsem_tb3_social_indicators_migration_rate_geometry.fid-6fd2e9d2_16aa4a9bb1d_-7fca"},{"type":"Feature","properties":{"total_migration_rate":0.0,"sa2_main11":801031032,"total_population":33,"total_born_overseas":0,"sa2_name11":"Kowen"},"id":"natsem_tb3_social_indicators_migration_rate_geometry.fid-6fd2e9d2_16aa4a9bb1d_-7fcb"},{"type":"Feature","properties":{"total_migration_rate":17.2265625,"sa2_main11":801011025,"total_population":2560,"total_born_overseas":441,"sa2_name11":"Spence"},"id":"natsem_tb3_social_indicators_migration_rate_geometry.fid-6fd2e9d2_16aa4a9bb1d_-7fcc"},{"type":"Feature","properties":{"total_migration_rate":18.30065359,"sa2_main11":801031031,"total_population":306,"total_born_overseas":56,"sa2_name11":"Hume"},"id":"natsem_tb3_social_indicators_migration_rate_geometry.fid-6fd2e9d2_16aa4a9bb1d_-7fcd"},{"type":"Feature","properties":{"total_migration_rate":25.06944444,"sa2_main11":801011023,"total_population":2880,"total_born_overseas":722,"sa2_name11":"Page"},"id":"natsem_tb3_social_indicators_migration_rate_geometry.fid-6fd2e9d2_16aa4a9bb1d_-7fce"},{"type":"Feature","properties":{"total_migration_rate":19.46875,"sa2_main11":801011022,"total_population":3200,"total_born_overseas":623,"sa2_name11":"Melba"},"id":"natsem_tb3_social_indicators_migration_rate_geometry.fid-6fd2e9d2_16aa4a9bb1d_-7fcf"},{"type":"Feature","properties":{"total_migration_rate":0.0,"sa2_main11":801021029,"total_population":31,"total_born_overseas":0,"sa2_name11":"Namadgi"},"id":"natsem_tb3_social_indicators_migration_rate_geometry.fid-6fd2e9d2_16aa4a9bb1d_-7fd0"},{"type":"Feature","properties":{"total_migration_rate":50.0,"sa2_main11":801021028,"total_population":26,"total_born_overseas":13,"sa2_name11":"Molonglo"},"id":"natsem_tb3_social_indicators_migration_rate_geometry.fid-6fd2e9d2_16aa4a9bb1d_-7fd1"},{"type":"Feature","properties":{"total_migration_rate":14.95901639,"sa2_main11":801021027,"total_population":488,"total_born_overseas":73,"sa2_name11":"ACT - South West"},"id":"natsem_tb3_social_indicators_migration_rate_geometry.fid-6fd2e9d2_16aa4a9bb1d_-7fd2"},{"type":"Feature","properties":{"total_migration_rate":23.88803681,"sa2_main11":801011026,"total_population":2608,"total_born_overseas":623,"sa2_name11":"Weetangera"},"id":"natsem_tb3_social_indicators_migration_rate_geometry.fid-6fd2e9d2_16aa4a9bb1d_-7fd3"},{"type":"Feature","properties":{"total_migration_rate":27.91279485,"sa2_main11":801011021,"total_population":2798,"total_born_overseas":781,"sa2_name11":"McKellar"},"id":"natsem_tb3_social_indicators_migration_rate_geometry.fid-6fd2e9d2_16aa4a9bb1d_-7fd4"},{"type":"Feature","properties":{"total_migration_rate":22.8659644,"sa2_main11":801011019,"total_population":5506,"total_born_overseas":1259,"sa2_name11":"Macgregor (ACT)"},"id":"natsem_tb3_social_indicators_migration_rate_geometry.fid-6fd2e9d2_16aa4a9bb1d_-7fd5"},{"type":"Feature","properties":{"total_migration_rate":null,"sa2_main11":801011018,"total_population":0,"total_born_overseas":0,"sa2_name11":"Lawson"},"id":"natsem_tb3_social_indicators_migration_rate_geometry.fid-6fd2e9d2_16aa4a9bb1d_-7fd6"},{"type":"Feature","properties":{"total_migration_rate":null,"sa2_main11":801061068,"total_population":0,"total_born_overseas":0,"sa2_name11":"Parkes (ACT)"},"id":"natsem_tb3_social_indicators_migration_rate_geometry.fid-6fd2e9d2_16aa4a9bb1d_-7fd7"},{"type":"Feature","properties":{"total_migration_rate":23.91613362,"sa2_main11":801011024,"total_population":2814,"total_born_overseas":673,"sa2_name11":"Scullin"},"id":"natsem_tb3_social_indicators_migration_rate_geometry.fid-6fd2e9d2_16aa4a9bb1d_-7fd8"},{"type":"Feature","properties":{"total_migration_rate":18.59561477,"sa2_main11":801011017,"total_population":3603,"total_born_overseas":670,"sa2_name11":"Latham"},"id":"natsem_tb3_social_indicators_migration_rate_geometry.fid-6fd2e9d2_16aa4a9bb1d_-7fd9"},{"type":"Feature","properties":{"total_migration_rate":null,"sa2_main11":801011012,"total_population":0,"total_born_overseas":0,"sa2_name11":"Gooromon"},"id":"natsem_tb3_social_indicators_migration_rate_geometry.fid-6fd2e9d2_16aa4a9bb1d_-7fda"},{"type":"Feature","properties":{"total_migration_rate":21.99697428,"sa2_main11":801011011,"total_population":3305,"total_born_overseas":727,"sa2_name11":"Giralang"},"id":"natsem_tb3_social_indicators_migration_rate_geometry.fid-6fd2e9d2_16aa4a9bb1d_-7fdb"},{"type":"Feature","properties":{"total_migration_rate":15.22866572,"sa2_main11":801011010,"total_population":2121,"total_born_overseas":323,"sa2_name11":"Fraser"},"id":"natsem_tb3_social_indicators_migration_rate_geometry.fid-6fd2e9d2_16aa4a9bb1d_-7fdc"},{"type":"Feature","properties":{"total_migration_rate":17.15893108,"sa2_main11":801011009,"total_population":3555,"total_born_overseas":610,"sa2_name11":"Flynn (ACT)"},"id":"natsem_tb3_social_indicators_migration_rate_geometry.fid-6fd2e9d2_16aa4a9bb1d_-7fdd"},{"type":"Feature","properties":{"total_migration_rate":26.02501737,"sa2_main11":801011013,"total_population":2878,"total_born_overseas":749,"sa2_name11":"Hawker"},"id":"natsem_tb3_social_indicators_migration_rate_geometry.fid-6fd2e9d2_16aa4a9bb1d_-7fde"},{"type":"Feature","properties":{"total_migration_rate":19.37569265,"sa2_main11":801011007,"total_population":5414,"total_born_overseas":1049,"sa2_name11":"Evatt"},"id":"natsem_tb3_social_indicators_migration_rate_geometry.fid-6fd2e9d2_16aa4a9bb1d_-7fdf"},{"type":"Feature","properties":{"total_migration_rate":28.78397143,"sa2_main11":801011008,"total_population":5041,"total_born_overseas":1451,"sa2_name11":"Florey"},"id":"natsem_tb3_social_indicators_migration_rate_geometry.fid-6fd2e9d2_16aa4a9bb1d_-7fe0"},{"type":"Feature","properties":{"total_migration_rate":19.81715893,"sa2_main11":801011006,"total_population":7110,"total_born_overseas":1409,"sa2_name11":"Dunlop"},"id":"natsem_tb3_social_indicators_migration_rate_geometry.fid-6fd2e9d2_16aa4a9bb1d_-7fe1"},{"type":"Feature","properties":{"total_migration_rate":25.87870434,"sa2_main11":801011005,"total_population":2902,"total_born_overseas":751,"sa2_name11":"Cook"},"id":"natsem_tb3_social_indicators_migration_rate_geometry.fid-6fd2e9d2_16aa4a9bb1d_-7fe2"},{"type":"Feature","properties":{"total_migration_rate":19.75228162,"sa2_main11":801011004,"total_population":3068,"total_born_overseas":606,"sa2_name11":"Charnwood"},"id":"natsem_tb3_social_indicators_migration_rate_geometry.fid-6fd2e9d2_16aa4a9bb1d_-7fe3"},{"type":"Feature","properties":{"total_migration_rate":31.84663537,"sa2_main11":801011003,"total_population":6390,"total_born_overseas":2035,"sa2_name11":"Bruce"},"id":"natsem_tb3_social_indicators_migration_rate_geometry.fid-6fd2e9d2_16aa4a9bb1d_-7fe4"},{"type":"Feature","properties":{"total_migration_rate":35.23444545,"sa2_main11":801011002,"total_population":4436,"total_born_overseas":1563,"sa2_name11":"Belconnen"},"id":"natsem_tb3_social_indicators_migration_rate_geometry.fid-6fd2e9d2_16aa4a9bb1d_-7fe5"},{"type":"Feature","properties":{"total_migration_rate":27.97339593,"sa2_main11":801011020,"total_population":2556,"total_born_overseas":715,"sa2_name11":"Macquarie"},"id":"natsem_tb3_social_indicators_migration_rate_geometry.fid-6fd2e9d2_16aa4a9bb1d_-7fe6"},{"type":"Feature","properties":{"total_migration_rate":26.26828935,"sa2_main11":801011016,"total_population":7313,"total_born_overseas":1921,"sa2_name11":"Kaleen"},"id":"natsem_tb3_social_indicators_migration_rate_geometry.fid-6fd2e9d2_16aa4a9bb1d_-7fe7"},{"type":"Feature","properties":{"total_migration_rate":13.55421687,"sa2_main11":801041043,"total_population":332,"total_born_overseas":45,"sa2_name11":"Hall"},"id":"natsem_tb3_social_indicators_migration_rate_geometry.fid-6fd2e9d2_16aa4a9bb1d_-7fe8"},{"type":"Feature","properties":{"total_migration_rate":27.85191563,"sa2_main11":801041038,"total_population":2323,"total_born_overseas":647,"sa2_name11":"Forde"},"id":"natsem_tb3_social_indicators_migration_rate_geometry.fid-6fd2e9d2_16aa4a9bb1d_-7fe9"},{"type":"Feature","properties":{"total_migration_rate":26.61040788,"sa2_main11":801051055,"total_population":3555,"total_born_overseas":946,"sa2_name11":"Downer"},"id":"natsem_tb3_social_indicators_migration_rate_geometry.fid-6fd2e9d2_16aa4a9bb1d_-7fea"},{"type":"Feature","properties":{"total_migration_rate":27.53623188,"sa2_main11":801051054,"total_population":2139,"total_born_overseas":589,"sa2_name11":"Dickson"},"id":"natsem_tb3_social_indicators_migration_rate_geometry.fid-6fd2e9d2_16aa4a9bb1d_-7feb"},{"type":"Feature","properties":{"total_migration_rate":50.10623229,"sa2_main11":801051053,"total_population":2824,"total_born_overseas":1415,"sa2_name11":"Civic"},"id":"natsem_tb3_social_indicators_migration_rate_geometry.fid-6fd2e9d2_16aa4a9bb1d_-7fec"},{"type":"Feature","properties":{"total_migration_rate":23.31856625,"sa2_main11":801011001,"total_population":2483,"total_born_overseas":579,"sa2_name11":"Aranda"},"id":"natsem_tb3_social_indicators_migration_rate_geometry.fid-6fd2e9d2_16aa4a9bb1d_-7fed"},{"type":"Feature","properties":{"total_migration_rate":35.1031154,"sa2_main11":801051051,"total_population":4558,"total_born_overseas":1600,"sa2_name11":"Braddon"},"id":"natsem_tb3_social_indicators_migration_rate_geometry.fid-6fd2e9d2_16aa4a9bb1d_-7fee"},{"type":"Feature","properties":{"total_migration_rate":22.83865909,"sa2_main11":801051050,"total_population":5101,"total_born_overseas":1165,"sa2_name11":"Ainslie"},"id":"natsem_tb3_social_indicators_migration_rate_geometry.fid-6fd2e9d2_16aa4a9bb1d_-7fef"},{"type":"Feature","properties":{"total_migration_rate":30.58098592,"sa2_main11":801041048,"total_population":5680,"total_born_overseas":1737,"sa2_name11":"Palmerston"},"id":"natsem_tb3_social_indicators_migration_rate_geometry.fid-6fd2e9d2_16aa4a9bb1d_-7ff0"},{"type":"Feature","properties":{"total_migration_rate":22.31947484,"sa2_main11":801091110,"total_population":2285,"total_born_overseas":510,"sa2_name11":"Torrens"},"id":"natsem_tb3_social_indicators_migration_rate_geometry.fid-6fd2e9d2_16aa4a9bb1d_-7ff1"},{"type":"Feature","properties":{"total_migration_rate":26.25169147,"sa2_main11":801091103,"total_population":2956,"total_born_overseas":776,"sa2_name11":"Hughes"},"id":"natsem_tb3_social_indicators_migration_rate_geometry.fid-6fd2e9d2_16aa4a9bb1d_-7ff2"},{"type":"Feature","properties":{"total_migration_rate":28.40498192,"sa2_main11":801091099,"total_population":2489,"total_born_overseas":707,"sa2_name11":"Chifley"},"id":"natsem_tb3_social_indicators_migration_rate_geometry.fid-6fd2e9d2_16aa4a9bb1d_-7ff3"},{"type":"Feature","properties":{"total_migration_rate":21.50537634,"sa2_main11":801081098,"total_population":3255,"total_born_overseas":700,"sa2_name11":"Weston"},"id":"natsem_tb3_social_indicators_migration_rate_geometry.fid-6fd2e9d2_16aa4a9bb1d_-7ff4"},{"type":"Feature","properties":{"total_migration_rate":20.8350644,"sa2_main11":801011015,"total_population":4814,"total_born_overseas":1003,"sa2_name11":"Holt"},"id":"natsem_tb3_social_indicators_migration_rate_geometry.fid-6fd2e9d2_16aa4a9bb1d_-7ff5"},{"type":"Feature","properties":{"total_migration_rate":22.61404076,"sa2_main11":801011014,"total_population":3091,"total_born_overseas":699,"sa2_name11":"Higgins"},"id":"natsem_tb3_social_indicators_migration_rate_geometry.fid-6fd2e9d2_16aa4a9bb1d_-7ff6"},{"type":"Feature","properties":{"total_migration_rate":21.83515892,"sa2_main11":801041034,"total_population":5569,"total_born_overseas":1216,"sa2_name11":"Amaroo"},"id":"natsem_tb3_social_indicators_migration_rate_geometry.fid-6fd2e9d2_16aa4a9bb1d_-7ff7"}]}