{"organisation":"UC_NATSEM","name":"natsem:natsem_tb3_social_indicators_migration_rate_geometry","title":"SA2 OECD Indicators: Migration Rate 2011","legal":{"additionalInformation":"These estimates are from NATSEM's spatial microsimulation model and are based on estimated characteristics of the population. Such estimates are derived from the application of microsimulation modeling techniques to microdata based on sample surveys and the Commonwealth Census. These estimates may be different from the actual characteristics of the population because of sampling and non-sampling errors in the microdata and because of the assumptions underlying the modeling techniques. The microdata do not contain any information that enables identification of the individuals or families to which they refer.","attribution":"{datasource.organisationTitle}, ({dataset.attributionYear}): {dataset.title}; accessed from AURIN Portal on {dateOfAccess}.<br><br>When using these data in published research, the authors need to include the following attribution in the text:<br>'These estimates are produced by NATSEM's Spatia Microsimulation model, which is described further in Tanton et al (2011)'<br><br>and the following in the bibliography:<br>Tanton, R., Vidyattama, Y., Nepal, B., & McNamara, J. (2011). Small area estimation using a reweighting algorithm. <i>Journal of the Royal Statistical Society: Series A (Statistics in Society), 174</i>(4), 931-951. DOI: 10.1111/j.1467-985X.2011.00721.x","attributionYear":"2011","clickthrough":false,"copyrightNotice":"&copy; University of Canberra - National Centre for Social and Economic Modelling {dataset.copyrightYear}","copyrightYear":"2011","licenceType":"Creative Commons Attribution-NonCommercial 4.0 International (CC BY-NC 4.0)"},"referenceSystemIdentifier":"EPSG:4283","geoLevel":"sa2","key":"sa2_main11","keyRegex":null,"availability":"true","geomField":"geom","keyword":"migration, social indicators","theme":null,"temporalExtent":{"beginDate":"2011-08-09T00:00:00","endDate":"2011-08-09T00:00:00","selectTime":false},"type":"dataset","_id":"dataset-UC_NATSEM-natsem:natsem_tb3_social_indicators_migration_rate_geometry-sa2","bbox":null,"abstract":"This table contains migration rates (proportion of people born overseas in the area) by gender calculated from the 2011 Census for the AURIN Social Indicators project.","selectedAttributes":[{"name":"sa2_main11","type":"Integer","title":"SA2 ID","description":"Unique ID of SA2, 9 digit","stype":"nominal","isDimension":false},{"name":"total_migration_rate","type":"Double","title":"Proportion Migrants","description":"Migrants in the SA2 as a proportion of the total population (2011 Census)","stype":"ratio","isDimension":false},{"name":"total_born_overseas","type":"Integer","title":"Persons born overseas","description":"Number of People born overseas (2011 Census)","stype":"ratio","isDimension":false},{"name":"sa2_name11","type":"String","title":"SA2 Name","description":"Name of the SA2","stype":"nominal","isDimension":false},{"name":"total_population","type":"Integer","title":"Total Population","description":"Total number of people in the SA2 (2011 Census)","stype":"ratio","isDimension":false}],"filter":{"filterType":"tabular","feature":{"key":"sa2_main11","geoLevel":"sa2","geoField":"ignored","year":"2006","featureBbox":[148.762674816,-35.920762215,149.39928432,-35.124517275500004],"featureType":"ste","featureInstance":"8","featureName":"Australian Capital Territory","referenceSystemIdentifier":"EPSG:4283","prefix":"","keyTransform":null},"states":["8"]}}