{"type":"FeatureCollection","bbox":[0.0,0.0,-1.0,-1.0],"features":[{"type":"Feature","properties":{"hl_p_homeless_tot":375,"sa4_code11":"501","sa4_name_2011":"Bunbury"},"id":"sa4_estimating_homelessness_2011.501"},{"type":"Feature","properties":{"hl_p_homeless_tot":206,"sa4_code11":"502","sa4_name_2011":"Mandurah"},"id":"sa4_estimating_homelessness_2011.502"},{"type":"Feature","properties":{"hl_p_homeless_tot":831,"sa4_code11":"503","sa4_name_2011":"Perth - Inner"},"id":"sa4_estimating_homelessness_2011.503"},{"type":"Feature","properties":{"hl_p_homeless_tot":513,"sa4_code11":"504","sa4_name_2011":"Perth - North East"},"id":"sa4_estimating_homelessness_2011.504"},{"type":"Feature","properties":{"hl_p_homeless_tot":876,"sa4_code11":"505","sa4_name_2011":"Perth - North West"},"id":"sa4_estimating_homelessness_2011.505"},{"type":"Feature","properties":{"hl_p_homeless_tot":1270,"sa4_code11":"506","sa4_name_2011":"Perth - South East"},"id":"sa4_estimating_homelessness_2011.506"},{"type":"Feature","properties":{"hl_p_homeless_tot":1024,"sa4_code11":"507","sa4_name_2011":"Perth - South West"},"id":"sa4_estimating_homelessness_2011.507"},{"type":"Feature","properties":{"hl_p_homeless_tot":3712,"sa4_code11":"508","sa4_name_2011":"Western Australia - Outback"},"id":"sa4_estimating_homelessness_2011.508"},{"type":"Feature","properties":{"hl_p_homeless_tot":400,"sa4_code11":"509","sa4_name_2011":"Western Australia - Wheat Belt"},"id":"sa4_estimating_homelessness_2011.509"}]}