{"type":"FeatureCollection","bbox":[0.0,0.0,-1.0,-1.0],"features":[{"type":"Feature","properties":{"hl_p_homeless_tot":326,"sa4_code11":"301","sa4_name_2011":"Brisbane - East"},"id":"sa4_estimating_homelessness_2011.301"},{"type":"Feature","properties":{"hl_p_homeless_tot":578,"sa4_code11":"302","sa4_name_2011":"Brisbane - North"},"id":"sa4_estimating_homelessness_2011.302"},{"type":"Feature","properties":{"hl_p_homeless_tot":1211,"sa4_code11":"303","sa4_name_2011":"Brisbane - South"},"id":"sa4_estimating_homelessness_2011.303"},{"type":"Feature","properties":{"hl_p_homeless_tot":220,"sa4_code11":"304","sa4_name_2011":"Brisbane - West"},"id":"sa4_estimating_homelessness_2011.304"},{"type":"Feature","properties":{"hl_p_homeless_tot":1735,"sa4_code11":"305","sa4_name_2011":"Brisbane Inner City"},"id":"sa4_estimating_homelessness_2011.305"},{"type":"Feature","properties":{"hl_p_homeless_tot":1990,"sa4_code11":"306","sa4_name_2011":"Cairns"},"id":"sa4_estimating_homelessness_2011.306"},{"type":"Feature","properties":{"hl_p_homeless_tot":256,"sa4_code11":"307","sa4_name_2011":"Darling Downs - Maranoa"},"id":"sa4_estimating_homelessness_2011.307"},{"type":"Feature","properties":{"hl_p_homeless_tot":1330,"sa4_code11":"308","sa4_name_2011":"Fitzroy"},"id":"sa4_estimating_homelessness_2011.308"},{"type":"Feature","properties":{"hl_p_homeless_tot":1361,"sa4_code11":"309","sa4_name_2011":"Gold Coast"},"id":"sa4_estimating_homelessness_2011.309"},{"type":"Feature","properties":{"hl_p_homeless_tot":1160,"sa4_code11":"310","sa4_name_2011":"Ipswich"},"id":"sa4_estimating_homelessness_2011.310"},{"type":"Feature","properties":{"hl_p_homeless_tot":1066,"sa4_code11":"311","sa4_name_2011":"Logan - Beaudesert"},"id":"sa4_estimating_homelessness_2011.311"},{"type":"Feature","properties":{"hl_p_homeless_tot":860,"sa4_code11":"312","sa4_name_2011":"Mackay"},"id":"sa4_estimating_homelessness_2011.312"},{"type":"Feature","properties":{"hl_p_homeless_tot":521,"sa4_code11":"313","sa4_name_2011":"Moreton Bay - North"},"id":"sa4_estimating_homelessness_2011.313"},{"type":"Feature","properties":{"hl_p_homeless_tot":227,"sa4_code11":"314","sa4_name_2011":"Moreton Bay - South"},"id":"sa4_estimating_homelessness_2011.314"},{"type":"Feature","properties":{"hl_p_homeless_tot":2104,"sa4_code11":"315","sa4_name_2011":"Queensland - Outback"},"id":"sa4_estimating_homelessness_2011.315"},{"type":"Feature","properties":{"hl_p_homeless_tot":744,"sa4_code11":"316","sa4_name_2011":"Sunshine Coast"},"id":"sa4_estimating_homelessness_2011.316"},{"type":"Feature","properties":{"hl_p_homeless_tot":515,"sa4_code11":"317","sa4_name_2011":"Toowoomba"},"id":"sa4_estimating_homelessness_2011.317"},{"type":"Feature","properties":{"hl_p_homeless_tot":1574,"sa4_code11":"318","sa4_name_2011":"Townsville"},"id":"sa4_estimating_homelessness_2011.318"},{"type":"Feature","properties":{"hl_p_homeless_tot":1259,"sa4_code11":"319","sa4_name_2011":"Wide Bay"},"id":"sa4_estimating_homelessness_2011.319"}]}