{"type":"FeatureCollection","bbox":[0.0,0.0,-1.0,-1.0],"features":[{"type":"Feature","properties":{"hl_p_homeless_tot":528,"sa4_code11":"101","sa4_name_2011":"Capital Region"},"id":"sa4_estimating_homelessness_2011.101"},{"type":"Feature","properties":{"hl_p_homeless_tot":764,"sa4_code11":"102","sa4_name_2011":"Central Coast"},"id":"sa4_estimating_homelessness_2011.102"},{"type":"Feature","properties":{"hl_p_homeless_tot":435,"sa4_code11":"103","sa4_name_2011":"Central West"},"id":"sa4_estimating_homelessness_2011.103"},{"type":"Feature","properties":{"hl_p_homeless_tot":517,"sa4_code11":"104","sa4_name_2011":"Coffs Harbour - Grafton"},"id":"sa4_estimating_homelessness_2011.104"},{"type":"Feature","properties":{"hl_p_homeless_tot":387,"sa4_code11":"105","sa4_name_2011":"Far West and Orana"},"id":"sa4_estimating_homelessness_2011.105"},{"type":"Feature","properties":{"hl_p_homeless_tot":491,"sa4_code11":"106","sa4_name_2011":"Hunter Valley exc Newcastle"},"id":"sa4_estimating_homelessness_2011.106"},{"type":"Feature","properties":{"hl_p_homeless_tot":974,"sa4_code11":"107","sa4_name_2011":"Illawarra"},"id":"sa4_estimating_homelessness_2011.107"},{"type":"Feature","properties":{"hl_p_homeless_tot":745,"sa4_code11":"108","sa4_name_2011":"Mid North Coast"},"id":"sa4_estimating_homelessness_2011.108"},{"type":"Feature","properties":{"hl_p_homeless_tot":230,"sa4_code11":"109","sa4_name_2011":"Murray"},"id":"sa4_estimating_homelessness_2011.109"},{"type":"Feature","properties":{"hl_p_homeless_tot":604,"sa4_code11":"110","sa4_name_2011":"New England and North West"},"id":"sa4_estimating_homelessness_2011.110"},{"type":"Feature","properties":{"hl_p_homeless_tot":1068,"sa4_code11":"111","sa4_name_2011":"Newcastle and Lake Macquarie"},"id":"sa4_estimating_homelessness_2011.111"},{"type":"Feature","properties":{"hl_p_homeless_tot":1104,"sa4_code11":"112","sa4_name_2011":"Richmond - Tweed"},"id":"sa4_estimating_homelessness_2011.112"},{"type":"Feature","properties":{"hl_p_homeless_tot":363,"sa4_code11":"113","sa4_name_2011":"Riverina"},"id":"sa4_estimating_homelessness_2011.113"},{"type":"Feature","properties":{"hl_p_homeless_tot":300,"sa4_code11":"114","sa4_name_2011":"Southern Highlands and Shoalhaven"},"id":"sa4_estimating_homelessness_2011.114"},{"type":"Feature","properties":{"hl_p_homeless_tot":237,"sa4_code11":"115","sa4_name_2011":"Sydney - Baulkham Hills and Hawkesbury"},"id":"sa4_estimating_homelessness_2011.115"},{"type":"Feature","properties":{"hl_p_homeless_tot":1400,"sa4_code11":"116","sa4_name_2011":"Sydney - Blacktown"},"id":"sa4_estimating_homelessness_2011.116"},{"type":"Feature","properties":{"hl_p_homeless_tot":4139,"sa4_code11":"117","sa4_name_2011":"Sydney - City and Inner South"},"id":"sa4_estimating_homelessness_2011.117"},{"type":"Feature","properties":{"hl_p_homeless_tot":1204,"sa4_code11":"118","sa4_name_2011":"Sydney - Eastern Suburbs"},"id":"sa4_estimating_homelessness_2011.118"},{"type":"Feature","properties":{"hl_p_homeless_tot":2255,"sa4_code11":"119","sa4_name_2011":"Sydney - Inner South West"},"id":"sa4_estimating_homelessness_2011.119"},{"type":"Feature","properties":{"hl_p_homeless_tot":1914,"sa4_code11":"120","sa4_name_2011":"Sydney - Inner West"},"id":"sa4_estimating_homelessness_2011.120"},{"type":"Feature","properties":{"hl_p_homeless_tot":823,"sa4_code11":"121","sa4_name_2011":"Sydney - North Sydney and Hornsby"},"id":"sa4_estimating_homelessness_2011.121"},{"type":"Feature","properties":{"hl_p_homeless_tot":370,"sa4_code11":"122","sa4_name_2011":"Sydney - Northern Beaches"},"id":"sa4_estimating_homelessness_2011.122"},{"type":"Feature","properties":{"hl_p_homeless_tot":771,"sa4_code11":"123","sa4_name_2011":"Sydney - Outer South West"},"id":"sa4_estimating_homelessness_2011.123"},{"type":"Feature","properties":{"hl_p_homeless_tot":1002,"sa4_code11":"124","sa4_name_2011":"Sydney - Outer West and Blue Mountains"},"id":"sa4_estimating_homelessness_2011.124"},{"type":"Feature","properties":{"hl_p_homeless_tot":2137,"sa4_code11":"125","sa4_name_2011":"Sydney - Parramatta"},"id":"sa4_estimating_homelessness_2011.125"},{"type":"Feature","properties":{"hl_p_homeless_tot":302,"sa4_code11":"126","sa4_name_2011":"Sydney - Ryde"},"id":"sa4_estimating_homelessness_2011.126"},{"type":"Feature","properties":{"hl_p_homeless_tot":2100,"sa4_code11":"127","sa4_name_2011":"Sydney - South West"},"id":"sa4_estimating_homelessness_2011.127"},{"type":"Feature","properties":{"hl_p_homeless_tot":317,"sa4_code11":"128","sa4_name_2011":"Sydney - Sutherland"},"id":"sa4_estimating_homelessness_2011.128"}]}