{"type":"FeatureCollection","bbox":[0.0,0.0,-1.0,-1.0],"crs":{"type":"name","properties":{"name":"EPSG:4283"}},"features":[{"type":"Feature","properties":{"total_migration_rate":12.47944079,"sa2_main11":509031250,"total_population":4864,"total_born_overseas":607,"sa2_name11":"Wagin"},"id":"natsem_tb3_social_indicators_migration_rate_geometry.fid-6fd2e9d2_16aa4a9bb1d_-7b9b"},{"type":"Feature","properties":{"total_migration_rate":13.50951374,"sa2_main11":509031249,"total_population":4730,"total_born_overseas":639,"sa2_name11":"Narrogin"},"id":"natsem_tb3_social_indicators_migration_rate_geometry.fid-6fd2e9d2_16aa4a9bb1d_-7b9c"},{"type":"Feature","properties":{"total_migration_rate":16.16541353,"sa2_main11":509031248,"total_population":2926,"total_born_overseas":473,"sa2_name11":"Murray"},"id":"natsem_tb3_social_indicators_migration_rate_geometry.fid-6fd2e9d2_16aa4a9bb1d_-7b9d"},{"type":"Feature","properties":{"total_migration_rate":11.34380454,"sa2_main11":509031247,"total_population":4584,"total_born_overseas":520,"sa2_name11":"Kulin"},"id":"natsem_tb3_social_indicators_migration_rate_geometry.fid-6fd2e9d2_16aa4a9bb1d_-7b9e"},{"type":"Feature","properties":{"total_migration_rate":11.96557468,"sa2_main11":509031246,"total_population":3602,"total_born_overseas":431,"sa2_name11":"Brookton"},"id":"natsem_tb3_social_indicators_migration_rate_geometry.fid-6fd2e9d2_16aa4a9bb1d_-7b9f"},{"type":"Feature","properties":{"total_migration_rate":17.40270216,"sa2_main11":509021245,"total_population":4959,"total_born_overseas":863,"sa2_name11":"York - Beverley"},"id":"natsem_tb3_social_indicators_migration_rate_geometry.fid-6fd2e9d2_16aa4a9bb1d_-7ba0"},{"type":"Feature","properties":{"total_migration_rate":21.51321787,"sa2_main11":509021244,"total_population":4388,"total_born_overseas":944,"sa2_name11":"Toodyay"},"id":"natsem_tb3_social_indicators_migration_rate_geometry.fid-6fd2e9d2_16aa4a9bb1d_-7ba1"},{"type":"Feature","properties":{"total_migration_rate":15.95150137,"sa2_main11":509021243,"total_population":10557,"total_born_overseas":1684,"sa2_name11":"Northam"},"id":"natsem_tb3_social_indicators_migration_rate_geometry.fid-6fd2e9d2_16aa4a9bb1d_-7ba2"},{"type":"Feature","properties":{"total_migration_rate":13.60678367,"sa2_main11":509021240,"total_population":5071,"total_born_overseas":690,"sa2_name11":"Merredin"},"id":"natsem_tb3_social_indicators_migration_rate_geometry.fid-6fd2e9d2_16aa4a9bb1d_-7ba3"},{"type":"Feature","properties":{"total_migration_rate":19.18678526,"sa2_main11":509021239,"total_population":7870,"total_born_overseas":1510,"sa2_name11":"Gingin - Dandaragan"},"id":"natsem_tb3_social_indicators_migration_rate_geometry.fid-6fd2e9d2_16aa4a9bb1d_-7ba4"},{"type":"Feature","properties":{"total_migration_rate":10.22923342,"sa2_main11":509021238,"total_population":4057,"total_born_overseas":415,"sa2_name11":"Dowerin"},"id":"natsem_tb3_social_indicators_migration_rate_geometry.fid-6fd2e9d2_16aa4a9bb1d_-7ba5"},{"type":"Feature","properties":{"total_migration_rate":11.49542218,"sa2_main11":509021237,"total_population":3932,"total_born_overseas":452,"sa2_name11":"Cunderdin"},"id":"natsem_tb3_social_indicators_migration_rate_geometry.fid-6fd2e9d2_16aa4a9bb1d_-7ba6"},{"type":"Feature","properties":{"total_migration_rate":23.80307136,"sa2_main11":509021236,"total_population":4428,"total_born_overseas":1054,"sa2_name11":"Chittering"},"id":"natsem_tb3_social_indicators_migration_rate_geometry.fid-6fd2e9d2_16aa4a9bb1d_-7ba7"},{"type":"Feature","properties":{"total_migration_rate":null,"sa2_main11":509011235,"total_population":0,"total_born_overseas":0,"sa2_name11":"Stirling Range National Park"},"id":"natsem_tb3_social_indicators_migration_rate_geometry.fid-6fd2e9d2_16aa4a9bb1d_-7ba8"},{"type":"Feature","properties":{"total_migration_rate":19.95083982,"sa2_main11":509011234,"total_population":4882,"total_born_overseas":974,"sa2_name11":"Plantagenet"},"id":"natsem_tb3_social_indicators_migration_rate_geometry.fid-6fd2e9d2_16aa4a9bb1d_-7ba9"},{"type":"Feature","properties":{"total_migration_rate":15.38135593,"sa2_main11":509011233,"total_population":9440,"total_born_overseas":1452,"sa2_name11":"McKail - Willyung"},"id":"natsem_tb3_social_indicators_migration_rate_geometry.fid-6fd2e9d2_16aa4a9bb1d_-7baa"},{"type":"Feature","properties":{"total_migration_rate":19.54795357,"sa2_main11":509011232,"total_population":3274,"total_born_overseas":640,"sa2_name11":"Little Grove - Elleker"},"id":"natsem_tb3_social_indicators_migration_rate_geometry.fid-6fd2e9d2_16aa4a9bb1d_-7bab"},{"type":"Feature","properties":{"total_migration_rate":12.83090866,"sa2_main11":509011231,"total_population":4193,"total_born_overseas":538,"sa2_name11":"Kojonup"},"id":"natsem_tb3_social_indicators_migration_rate_geometry.fid-6fd2e9d2_16aa4a9bb1d_-7bac"},{"type":"Feature","properties":{"total_migration_rate":18.74728143,"sa2_main11":509011230,"total_population":4598,"total_born_overseas":862,"sa2_name11":"Katanning"},"id":"natsem_tb3_social_indicators_migration_rate_geometry.fid-6fd2e9d2_16aa4a9bb1d_-7bad"},{"type":"Feature","properties":{"total_migration_rate":9.56920904,"sa2_main11":509011229,"total_population":2832,"total_born_overseas":271,"sa2_name11":"Gnowangerup"},"id":"natsem_tb3_social_indicators_migration_rate_geometry.fid-6fd2e9d2_16aa4a9bb1d_-7bae"},{"type":"Feature","properties":{"total_migration_rate":23.94610202,"sa2_main11":509011228,"total_population":5195,"total_born_overseas":1244,"sa2_name11":"Denmark"},"id":"natsem_tb3_social_indicators_migration_rate_geometry.fid-6fd2e9d2_16aa4a9bb1d_-7baf"},{"type":"Feature","properties":{"total_migration_rate":18.40375587,"sa2_main11":509011227,"total_population":4260,"total_born_overseas":784,"sa2_name11":"Bayonet Head - Lower King"},"id":"natsem_tb3_social_indicators_migration_rate_geometry.fid-6fd2e9d2_16aa4a9bb1d_-7bb0"},{"type":"Feature","properties":{"total_migration_rate":17.61761762,"sa2_main11":509011226,"total_population":2997,"total_born_overseas":528,"sa2_name11":"Albany Region"},"id":"natsem_tb3_social_indicators_migration_rate_geometry.fid-6fd2e9d2_16aa4a9bb1d_-7bb1"},{"type":"Feature","properties":{"total_migration_rate":21.40350877,"sa2_main11":509011225,"total_population":13680,"total_born_overseas":2928,"sa2_name11":"Albany"},"id":"natsem_tb3_social_indicators_migration_rate_geometry.fid-6fd2e9d2_16aa4a9bb1d_-7bb2"},{"type":"Feature","properties":{"total_migration_rate":16.08361775,"sa2_main11":508061224,"total_population":9376,"total_born_overseas":1508,"sa2_name11":"South Hedland"},"id":"natsem_tb3_social_indicators_migration_rate_geometry.fid-6fd2e9d2_16aa4a9bb1d_-7bb3"},{"type":"Feature","properties":{"total_migration_rate":18.39688716,"sa2_main11":508061223,"total_population":6425,"total_born_overseas":1182,"sa2_name11":"Roebourne"},"id":"natsem_tb3_social_indicators_migration_rate_geometry.fid-6fd2e9d2_16aa4a9bb1d_-7bb4"},{"type":"Feature","properties":{"total_migration_rate":20.46903461,"sa2_main11":508061222,"total_population":4392,"total_born_overseas":899,"sa2_name11":"Port Hedland"},"id":"natsem_tb3_social_indicators_migration_rate_geometry.fid-6fd2e9d2_16aa4a9bb1d_-7bb5"},{"type":"Feature","properties":{"total_migration_rate":20.75196204,"sa2_main11":508061221,"total_population":5479,"total_born_overseas":1137,"sa2_name11":"Newman"},"id":"natsem_tb3_social_indicators_migration_rate_geometry.fid-6fd2e9d2_16aa4a9bb1d_-7bb6"},{"type":"Feature","properties":{"total_migration_rate":20.30832726,"sa2_main11":508061220,"total_population":16476,"total_born_overseas":3346,"sa2_name11":"Karratha"},"id":"natsem_tb3_social_indicators_migration_rate_geometry.fid-6fd2e9d2_16aa4a9bb1d_-7bb7"},{"type":"Feature","properties":{"total_migration_rate":16.53581943,"sa2_main11":508051215,"total_population":4076,"total_born_overseas":674,"sa2_name11":"Meekatharra"},"id":"natsem_tb3_social_indicators_migration_rate_geometry.fid-6fd2e9d2_16aa4a9bb1d_-7bb8"},{"type":"Feature","properties":{"total_migration_rate":13.82113821,"sa2_main11":508051214,"total_population":3567,"total_born_overseas":493,"sa2_name11":"Irwin"},"id":"natsem_tb3_social_indicators_migration_rate_geometry.fid-6fd2e9d2_16aa4a9bb1d_-7bb9"},{"type":"Feature","properties":{"total_migration_rate":16.50125423,"sa2_main11":508051213,"total_population":9169,"total_born_overseas":1513,"sa2_name11":"Geraldton - South"},"id":"natsem_tb3_social_indicators_migration_rate_geometry.fid-6fd2e9d2_16aa4a9bb1d_-7bba"},{"type":"Feature","properties":{"total_migration_rate":13.74639769,"sa2_main11":509021242,"total_population":3470,"total_born_overseas":477,"sa2_name11":"Mukinbudin"},"id":"natsem_tb3_social_indicators_migration_rate_geometry.fid-6fd2e9d2_16aa4a9bb1d_-7bbb"},{"type":"Feature","properties":{"total_migration_rate":12.77466609,"sa2_main11":509021241,"total_population":4642,"total_born_overseas":593,"sa2_name11":"Moora"},"id":"natsem_tb3_social_indicators_migration_rate_geometry.fid-6fd2e9d2_16aa4a9bb1d_-7bbc"},{"type":"Feature","properties":{"total_migration_rate":12.95982761,"sa2_main11":508051212,"total_population":6497,"total_born_overseas":842,"sa2_name11":"Geraldton - North"},"id":"natsem_tb3_social_indicators_migration_rate_geometry.fid-6fd2e9d2_16aa4a9bb1d_-7bbd"},{"type":"Feature","properties":{"total_migration_rate":9.346759618,"sa2_main11":508051211,"total_population":7746,"total_born_overseas":724,"sa2_name11":"Geraldton - East"},"id":"natsem_tb3_social_indicators_migration_rate_geometry.fid-6fd2e9d2_16aa4a9bb1d_-7bbe"},{"type":"Feature","properties":{"total_migration_rate":14.95258935,"sa2_main11":508051210,"total_population":12339,"total_born_overseas":1845,"sa2_name11":"Geraldton"},"id":"natsem_tb3_social_indicators_migration_rate_geometry.fid-6fd2e9d2_16aa4a9bb1d_-7bbf"},{"type":"Feature","properties":{"total_migration_rate":5.180884323,"sa2_main11":508041209,"total_population":2239,"total_born_overseas":116,"sa2_name11":"Roebuck"},"id":"natsem_tb3_social_indicators_migration_rate_geometry.fid-6fd2e9d2_16aa4a9bb1d_-7bc0"},{"type":"Feature","properties":{"total_migration_rate":12.08664445,"sa2_main11":508041208,"total_population":7802,"total_born_overseas":943,"sa2_name11":"Kununurra"},"id":"natsem_tb3_social_indicators_migration_rate_geometry.fid-6fd2e9d2_16aa4a9bb1d_-7bc1"},{"type":"Feature","properties":{"total_migration_rate":3.729669097,"sa2_main11":508041207,"total_population":3566,"total_born_overseas":133,"sa2_name11":"Halls Creek"},"id":"natsem_tb3_social_indicators_migration_rate_geometry.fid-6fd2e9d2_16aa4a9bb1d_-7bc2"},{"type":"Feature","properties":{"total_migration_rate":18.54099419,"sa2_main11":508061219,"total_population":7745,"total_born_overseas":1436,"sa2_name11":"East Pilbara"},"id":"natsem_tb3_social_indicators_migration_rate_geometry.fid-6fd2e9d2_16aa4a9bb1d_-7bc3"},{"type":"Feature","properties":{"total_migration_rate":19.46805319,"sa2_main11":508061218,"total_population":10001,"total_born_overseas":1947,"sa2_name11":"Ashburton (WA)"},"id":"natsem_tb3_social_indicators_migration_rate_geometry.fid-6fd2e9d2_16aa4a9bb1d_-7bc4"},{"type":"Feature","properties":{"total_migration_rate":12.69070735,"sa2_main11":508051217,"total_population":5768,"total_born_overseas":732,"sa2_name11":"Northampton - Mullewa - Greenough"},"id":"natsem_tb3_social_indicators_migration_rate_geometry.fid-6fd2e9d2_16aa4a9bb1d_-7bc5"},{"type":"Feature","properties":{"total_migration_rate":12.83873834,"sa2_main11":508051216,"total_population":4502,"total_born_overseas":578,"sa2_name11":"Morawa"},"id":"natsem_tb3_social_indicators_migration_rate_geometry.fid-6fd2e9d2_16aa4a9bb1d_-7bc6"},{"type":"Feature","properties":{"total_migration_rate":15.51042416,"sa2_main11":508031203,"total_population":5564,"total_born_overseas":863,"sa2_name11":"Leinster - Leonora"},"id":"natsem_tb3_social_indicators_migration_rate_geometry.fid-6fd2e9d2_16aa4a9bb1d_-7bc7"},{"type":"Feature","properties":{"total_migration_rate":23.17895039,"sa2_main11":508031199,"total_population":13948,"total_born_overseas":3233,"sa2_name11":"Kalgoorlie"},"id":"natsem_tb3_social_indicators_migration_rate_geometry.fid-6fd2e9d2_16aa4a9bb1d_-7bc8"},{"type":"Feature","properties":{"total_migration_rate":18.62149231,"sa2_main11":508031198,"total_population":7733,"total_born_overseas":1440,"sa2_name11":"Boulder"},"id":"natsem_tb3_social_indicators_migration_rate_geometry.fid-6fd2e9d2_16aa4a9bb1d_-7bc9"},{"type":"Feature","properties":{"total_migration_rate":21.70192536,"sa2_main11":508041206,"total_population":8414,"total_born_overseas":1826,"sa2_name11":"Derby - West Kimberley"},"id":"natsem_tb3_social_indicators_migration_rate_geometry.fid-6fd2e9d2_16aa4a9bb1d_-7bca"},{"type":"Feature","properties":{"total_migration_rate":14.13801206,"sa2_main11":508041205,"total_population":12767,"total_born_overseas":1805,"sa2_name11":"Broome"},"id":"natsem_tb3_social_indicators_migration_rate_geometry.fid-6fd2e9d2_16aa4a9bb1d_-7bcb"},{"type":"Feature","properties":{"total_migration_rate":16.41298833,"sa2_main11":508021197,"total_population":3942,"total_born_overseas":647,"sa2_name11":"Exmouth"},"id":"natsem_tb3_social_indicators_migration_rate_geometry.fid-6fd2e9d2_16aa4a9bb1d_-7bcc"},{"type":"Feature","properties":{"total_migration_rate":16.60433807,"sa2_main11":508021196,"total_population":5348,"total_born_overseas":888,"sa2_name11":"Carnarvon"},"id":"natsem_tb3_social_indicators_migration_rate_geometry.fid-6fd2e9d2_16aa4a9bb1d_-7bcd"},{"type":"Feature","properties":{"total_migration_rate":null,"sa2_main11":508031204,"total_population":0,"total_born_overseas":0,"sa2_name11":"Trafalgar (WA)"},"id":"natsem_tb3_social_indicators_migration_rate_geometry.fid-6fd2e9d2_16aa4a9bb1d_-7bce"},{"type":"Feature","properties":{"total_migration_rate":13.59386238,"sa2_main11":508011195,"total_population":4171,"total_born_overseas":567,"sa2_name11":"Esperance Region"},"id":"natsem_tb3_social_indicators_migration_rate_geometry.fid-6fd2e9d2_16aa4a9bb1d_-7bcf"},{"type":"Feature","properties":{"total_migration_rate":13.48088531,"sa2_main11":508011194,"total_population":11431,"total_born_overseas":1541,"sa2_name11":"Esperance"},"id":"natsem_tb3_social_indicators_migration_rate_geometry.fid-6fd2e9d2_16aa4a9bb1d_-7bd0"},{"type":"Feature","properties":{"total_migration_rate":28.12359247,"sa2_main11":507051193,"total_population":11101,"total_born_overseas":3122,"sa2_name11":"Warnbro"},"id":"natsem_tb3_social_indicators_migration_rate_geometry.fid-6fd2e9d2_16aa4a9bb1d_-7bd1"},{"type":"Feature","properties":{"total_migration_rate":30.18442794,"sa2_main11":507051192,"total_population":11983,"total_born_overseas":3617,"sa2_name11":"Waikiki"},"id":"natsem_tb3_social_indicators_migration_rate_geometry.fid-6fd2e9d2_16aa4a9bb1d_-7bd2"},{"type":"Feature","properties":{"total_migration_rate":20.43647124,"sa2_main11":508031202,"total_population":5407,"total_born_overseas":1105,"sa2_name11":"Kambalda - Coolgardie - Norseman"},"id":"natsem_tb3_social_indicators_migration_rate_geometry.fid-6fd2e9d2_16aa4a9bb1d_-7bd3"},{"type":"Feature","properties":{"total_migration_rate":null,"sa2_main11":508031201,"total_population":0,"total_born_overseas":0,"sa2_name11":"Kalgoorlie Airport"},"id":"natsem_tb3_social_indicators_migration_rate_geometry.fid-6fd2e9d2_16aa4a9bb1d_-7bd4"},{"type":"Feature","properties":{"total_migration_rate":33.54896561,"sa2_main11":507051191,"total_population":15613,"total_born_overseas":5238,"sa2_name11":"Singleton - Golden Bay - Secret Harbour"},"id":"natsem_tb3_social_indicators_migration_rate_geometry.fid-6fd2e9d2_16aa4a9bb1d_-7bd5"},{"type":"Feature","properties":{"total_migration_rate":22.77292576,"sa2_main11":508031200,"total_population":9160,"total_born_overseas":2086,"sa2_name11":"Kalgoorlie - North"},"id":"natsem_tb3_social_indicators_migration_rate_geometry.fid-6fd2e9d2_16aa4a9bb1d_-7bd6"},{"type":"Feature","properties":{"total_migration_rate":36.0221218,"sa2_main11":507051188,"total_population":14827,"total_born_overseas":5341,"sa2_name11":"Rockingham"},"id":"natsem_tb3_social_indicators_migration_rate_geometry.fid-6fd2e9d2_16aa4a9bb1d_-7bd7"},{"type":"Feature","properties":{"total_migration_rate":29.16696207,"sa2_main11":507051187,"total_population":14105,"total_born_overseas":4114,"sa2_name11":"Port Kennedy"},"id":"natsem_tb3_social_indicators_migration_rate_geometry.fid-6fd2e9d2_16aa4a9bb1d_-7bd8"},{"type":"Feature","properties":{"total_migration_rate":31.31340096,"sa2_main11":507051190,"total_population":11238,"total_born_overseas":3519,"sa2_name11":"Safety Bay - Shoalwater"},"id":"natsem_tb3_social_indicators_migration_rate_geometry.fid-6fd2e9d2_16aa4a9bb1d_-7bd9"},{"type":"Feature","properties":{"total_migration_rate":0.0,"sa2_main11":507051189,"total_population":11,"total_born_overseas":0,"sa2_name11":"Rockingham Lakes"},"id":"natsem_tb3_social_indicators_migration_rate_geometry.fid-6fd2e9d2_16aa4a9bb1d_-7bda"},{"type":"Feature","properties":{"total_migration_rate":28.62935929,"sa2_main11":507051186,"total_population":8631,"total_born_overseas":2471,"sa2_name11":"Cooloongup"},"id":"natsem_tb3_social_indicators_migration_rate_geometry.fid-6fd2e9d2_16aa4a9bb1d_-7bdb"},{"type":"Feature","properties":{"total_migration_rate":31.68424224,"sa2_main11":507051185,"total_population":16595,"total_born_overseas":5258,"sa2_name11":"Baldivis"},"id":"natsem_tb3_social_indicators_migration_rate_geometry.fid-6fd2e9d2_16aa4a9bb1d_-7bdc"},{"type":"Feature","properties":{"total_migration_rate":23.84647651,"sa2_main11":507041183,"total_population":4768,"total_born_overseas":1137,"sa2_name11":"Willagee"},"id":"natsem_tb3_social_indicators_migration_rate_geometry.fid-6fd2e9d2_16aa4a9bb1d_-7bdd"},{"type":"Feature","properties":{"total_migration_rate":39.19108543,"sa2_main11":507041182,"total_population":12115,"total_born_overseas":4748,"sa2_name11":"Murdoch - Kardinya"},"id":"natsem_tb3_social_indicators_migration_rate_geometry.fid-6fd2e9d2_16aa4a9bb1d_-7bde"},{"type":"Feature","properties":{"total_migration_rate":40.73190135,"sa2_main11":507041179,"total_population":7542,"total_born_overseas":3072,"sa2_name11":"Bull Creek"},"id":"natsem_tb3_social_indicators_migration_rate_geometry.fid-6fd2e9d2_16aa4a9bb1d_-7bdf"},{"type":"Feature","properties":{"total_migration_rate":36.58712422,"sa2_main11":507041178,"total_population":13871,"total_born_overseas":5075,"sa2_name11":"Booragoon"},"id":"natsem_tb3_social_indicators_migration_rate_geometry.fid-6fd2e9d2_16aa4a9bb1d_-7be0"},{"type":"Feature","properties":{"total_migration_rate":47.79945188,"sa2_main11":507041184,"total_population":6203,"total_born_overseas":2965,"sa2_name11":"Winthrop"},"id":"natsem_tb3_social_indicators_migration_rate_geometry.fid-6fd2e9d2_16aa4a9bb1d_-7be1"},{"type":"Feature","properties":{"total_migration_rate":26.03025158,"sa2_main11":507041177,"total_population":12958,"total_born_overseas":3373,"sa2_name11":"Bicton - Palmyra"},"id":"natsem_tb3_social_indicators_migration_rate_geometry.fid-6fd2e9d2_16aa4a9bb1d_-7be2"},{"type":"Feature","properties":{"total_migration_rate":38.68378812,"sa2_main11":507041176,"total_population":3738,"total_born_overseas":1446,"sa2_name11":"Bateman"},"id":"natsem_tb3_social_indicators_migration_rate_geometry.fid-6fd2e9d2_16aa4a9bb1d_-7be3"},{"type":"Feature","properties":{"total_migration_rate":36.28834933,"sa2_main11":507041175,"total_population":10626,"total_born_overseas":3856,"sa2_name11":"Applecross - Ardross"},"id":"natsem_tb3_social_indicators_migration_rate_geometry.fid-6fd2e9d2_16aa4a9bb1d_-7be4"},{"type":"Feature","properties":{"total_migration_rate":26.243934,"sa2_main11":507041181,"total_population":15455,"total_born_overseas":4056,"sa2_name11":"Melville"},"id":"natsem_tb3_social_indicators_migration_rate_geometry.fid-6fd2e9d2_16aa4a9bb1d_-7be5"},{"type":"Feature","properties":{"total_migration_rate":27.40774908,"sa2_main11":507031174,"total_population":10840,"total_born_overseas":2971,"sa2_name11":"Parmelia - Orelia"},"id":"natsem_tb3_social_indicators_migration_rate_geometry.fid-6fd2e9d2_16aa4a9bb1d_-7be6"},{"type":"Feature","properties":{"total_migration_rate":0.0,"sa2_main11":507031173,"total_population":7,"total_born_overseas":0,"sa2_name11":"Kwinana Industrial"},"id":"natsem_tb3_social_indicators_migration_rate_geometry.fid-6fd2e9d2_16aa4a9bb1d_-7be7"},{"type":"Feature","properties":{"total_migration_rate":35.1663211,"sa2_main11":507041180,"total_population":11093,"total_born_overseas":3901,"sa2_name11":"Leeming"},"id":"natsem_tb3_social_indicators_migration_rate_geometry.fid-6fd2e9d2_16aa4a9bb1d_-7be8"},{"type":"Feature","properties":{"total_migration_rate":5.504587156,"sa2_main11":507031172,"total_population":109,"total_born_overseas":6,"sa2_name11":"Hope Valley - Postans"},"id":"natsem_tb3_social_indicators_migration_rate_geometry.fid-6fd2e9d2_16aa4a9bb1d_-7be9"},{"type":"Feature","properties":{"total_migration_rate":19.84496124,"sa2_main11":507031171,"total_population":1935,"total_born_overseas":384,"sa2_name11":"Casuarina - Wellard (East)"},"id":"natsem_tb3_social_indicators_migration_rate_geometry.fid-6fd2e9d2_16aa4a9bb1d_-7bea"},{"type":"Feature","properties":{"total_migration_rate":27.89687924,"sa2_main11":507031170,"total_population":7370,"total_born_overseas":2056,"sa2_name11":"Calista"},"id":"natsem_tb3_social_indicators_migration_rate_geometry.fid-6fd2e9d2_16aa4a9bb1d_-7beb"},{"type":"Feature","properties":{"total_migration_rate":31.1071383,"sa2_main11":507031169,"total_population":7831,"total_born_overseas":2436,"sa2_name11":"Bertram - Wellard (West)"},"id":"natsem_tb3_social_indicators_migration_rate_geometry.fid-6fd2e9d2_16aa4a9bb1d_-7bec"},{"type":"Feature","properties":{"total_migration_rate":22.33009709,"sa2_main11":507031168,"total_population":1133,"total_born_overseas":253,"sa2_name11":"Anketell - Wandi"},"id":"natsem_tb3_social_indicators_migration_rate_geometry.fid-6fd2e9d2_16aa4a9bb1d_-7bed"},{"type":"Feature","properties":{"total_migration_rate":30.64108285,"sa2_main11":507021166,"total_population":13446,"total_born_overseas":4120,"sa2_name11":"Fremantle - South"},"id":"natsem_tb3_social_indicators_migration_rate_geometry.fid-6fd2e9d2_16aa4a9bb1d_-7bee"},{"type":"Feature","properties":{"total_migration_rate":31.88887211,"sa2_main11":507021165,"total_population":13246,"total_born_overseas":4224,"sa2_name11":"Fremantle"},"id":"natsem_tb3_social_indicators_migration_rate_geometry.fid-6fd2e9d2_16aa4a9bb1d_-7bef"},{"type":"Feature","properties":{"total_migration_rate":25.35353535,"sa2_main11":507021164,"total_population":6930,"total_born_overseas":1757,"sa2_name11":"East Fremantle"},"id":"natsem_tb3_social_indicators_migration_rate_geometry.fid-6fd2e9d2_16aa4a9bb1d_-7bf0"},{"type":"Feature","properties":{"total_migration_rate":25.76842105,"sa2_main11":507011163,"total_population":7125,"total_born_overseas":1836,"sa2_name11":"Yangebup"},"id":"natsem_tb3_social_indicators_migration_rate_geometry.fid-6fd2e9d2_16aa4a9bb1d_-7bf1"},{"type":"Feature","properties":{"total_migration_rate":null,"sa2_main11":507021167,"total_population":0,"total_born_overseas":0,"sa2_name11":"O''Connor (WA)"},"id":"natsem_tb3_social_indicators_migration_rate_geometry.fid-6fd2e9d2_16aa4a9bb1d_-7bf2"},{"type":"Feature","properties":{"total_migration_rate":36.45500228,"sa2_main11":507011161,"total_population":10945,"total_born_overseas":3990,"sa2_name11":"Success - Hammond Park"},"id":"natsem_tb3_social_indicators_migration_rate_geometry.fid-6fd2e9d2_16aa4a9bb1d_-7bf3"},{"type":"Feature","properties":{"total_migration_rate":36.61646697,"sa2_main11":507011160,"total_population":9097,"total_born_overseas":3331,"sa2_name11":"Spearwood"},"id":"natsem_tb3_social_indicators_migration_rate_geometry.fid-6fd2e9d2_16aa4a9bb1d_-7bf4"},{"type":"Feature","properties":{"total_migration_rate":31.9840623,"sa2_main11":507011159,"total_population":11043,"total_born_overseas":3532,"sa2_name11":"South Lake - Cockburn Central"},"id":"natsem_tb3_social_indicators_migration_rate_geometry.fid-6fd2e9d2_16aa4a9bb1d_-7bf5"},{"type":"Feature","properties":{"total_migration_rate":31.77892919,"sa2_main11":507011158,"total_population":579,"total_born_overseas":184,"sa2_name11":"North Coogee"},"id":"natsem_tb3_social_indicators_migration_rate_geometry.fid-6fd2e9d2_16aa4a9bb1d_-7bf6"},{"type":"Feature","properties":{"total_migration_rate":26.09457093,"sa2_main11":507011162,"total_population":571,"total_born_overseas":149,"sa2_name11":"Wattleup"},"id":"natsem_tb3_social_indicators_migration_rate_geometry.fid-6fd2e9d2_16aa4a9bb1d_-7bf7"},{"type":"Feature","properties":{"total_migration_rate":50.0,"sa2_main11":507011155,"total_population":10,"total_born_overseas":5,"sa2_name11":"Henderson"},"id":"natsem_tb3_social_indicators_migration_rate_geometry.fid-6fd2e9d2_16aa4a9bb1d_-7bf8"},{"type":"Feature","properties":{"total_migration_rate":29.87772461,"sa2_main11":507011152,"total_population":7524,"total_born_overseas":2248,"sa2_name11":"Coogee"},"id":"natsem_tb3_social_indicators_migration_rate_geometry.fid-6fd2e9d2_16aa4a9bb1d_-7bf9"},{"type":"Feature","properties":{"total_migration_rate":27.77777778,"sa2_main11":507011150,"total_population":18,"total_born_overseas":5,"sa2_name11":"Bibra Industrial"},"id":"natsem_tb3_social_indicators_migration_rate_geometry.fid-6fd2e9d2_16aa4a9bb1d_-7bfa"},{"type":"Feature","properties":{"total_migration_rate":29.41472413,"sa2_main11":507011149,"total_population":5963,"total_born_overseas":1754,"sa2_name11":"Beeliar"},"id":"natsem_tb3_social_indicators_migration_rate_geometry.fid-6fd2e9d2_16aa4a9bb1d_-7bfb"},{"type":"Feature","properties":{"total_migration_rate":34.96347403,"sa2_main11":507011154,"total_population":9856,"total_born_overseas":3446,"sa2_name11":"Hamilton Hill"},"id":"natsem_tb3_social_indicators_migration_rate_geometry.fid-6fd2e9d2_16aa4a9bb1d_-7bfc"},{"type":"Feature","properties":{"total_migration_rate":30.78873239,"sa2_main11":507011148,"total_population":14200,"total_born_overseas":4372,"sa2_name11":"Banjup"},"id":"natsem_tb3_social_indicators_migration_rate_geometry.fid-6fd2e9d2_16aa4a9bb1d_-7bfd"},{"type":"Feature","properties":{"total_migration_rate":35.19498692,"sa2_main11":506071147,"total_population":16437,"total_born_overseas":5785,"sa2_name11":"South Perth - Kensington"},"id":"natsem_tb3_social_indicators_migration_rate_geometry.fid-6fd2e9d2_16aa4a9bb1d_-7bfe"},{"type":"Feature","properties":{"total_migration_rate":36.99079559,"sa2_main11":506071146,"total_population":10973,"total_born_overseas":4059,"sa2_name11":"Manning - Waterford"},"id":"natsem_tb3_social_indicators_migration_rate_geometry.fid-6fd2e9d2_16aa4a9bb1d_-7bff"},{"type":"Feature","properties":{"total_migration_rate":28.16373967,"sa2_main11":507011153,"total_population":7744,"total_born_overseas":2181,"sa2_name11":"Coolbellup"},"id":"natsem_tb3_social_indicators_migration_rate_geometry.fid-6fd2e9d2_16aa4a9bb1d_-7c00"},{"type":"Feature","properties":{"total_migration_rate":34.65183969,"sa2_main11":506071145,"total_population":13399,"total_born_overseas":4643,"sa2_name11":"Como"},"id":"natsem_tb3_social_indicators_migration_rate_geometry.fid-6fd2e9d2_16aa4a9bb1d_-7c01"},{"type":"Feature","properties":{"total_migration_rate":null,"sa2_main11":507011151,"total_population":0,"total_born_overseas":0,"sa2_name11":"Bibra Lake"},"id":"natsem_tb3_social_indicators_migration_rate_geometry.fid-6fd2e9d2_16aa4a9bb1d_-7c02"},{"type":"Feature","properties":{"total_migration_rate":22.77777778,"sa2_main11":506061144,"total_population":3960,"total_born_overseas":902,"sa2_name11":"Serpentine - Jarrahdale"},"id":"natsem_tb3_social_indicators_migration_rate_geometry.fid-6fd2e9d2_16aa4a9bb1d_-7c03"},{"type":"Feature","properties":{"total_migration_rate":21.70242701,"sa2_main11":506061143,"total_population":5686,"total_born_overseas":1234,"sa2_name11":"Mundijong"},"id":"natsem_tb3_social_indicators_migration_rate_geometry.fid-6fd2e9d2_16aa4a9bb1d_-7c04"},{"type":"Feature","properties":{"total_migration_rate":24.34718647,"sa2_main11":506061142,"total_population":8157,"total_born_overseas":1986,"sa2_name11":"Byford"},"id":"natsem_tb3_social_indicators_migration_rate_geometry.fid-6fd2e9d2_16aa4a9bb1d_-7c05"},{"type":"Feature","properties":{"total_migration_rate":27.60113054,"sa2_main11":506051141,"total_population":11322,"total_born_overseas":3125,"sa2_name11":"Lesmurdie - Bickley - Carmel"},"id":"natsem_tb3_social_indicators_migration_rate_geometry.fid-6fd2e9d2_16aa4a9bb1d_-7c06"},{"type":"Feature","properties":{"total_migration_rate":31.86450014,"sa2_main11":506051140,"total_population":14524,"total_born_overseas":4628,"sa2_name11":"Kalamunda - Maida Vale - Gooseberry Hill"},"id":"natsem_tb3_social_indicators_migration_rate_geometry.fid-6fd2e9d2_16aa4a9bb1d_-7c07"},{"type":"Feature","properties":{"total_migration_rate":22.52971138,"sa2_main11":506051139,"total_population":11780,"total_born_overseas":2654,"sa2_name11":"High Wycombe"},"id":"natsem_tb3_social_indicators_migration_rate_geometry.fid-6fd2e9d2_16aa4a9bb1d_-7c08"},{"type":"Feature","properties":{"total_migration_rate":28.19579542,"sa2_main11":506051138,"total_population":15935,"total_born_overseas":4493,"sa2_name11":"Forrestfield - Wattle Grove"},"id":"natsem_tb3_social_indicators_migration_rate_geometry.fid-6fd2e9d2_16aa4a9bb1d_-7c09"},{"type":"Feature","properties":{"total_migration_rate":37.28282169,"sa2_main11":506041137,"total_population":22965,"total_born_overseas":8562,"sa2_name11":"Thornlie"},"id":"natsem_tb3_social_indicators_migration_rate_geometry.fid-6fd2e9d2_16aa4a9bb1d_-7c0a"},{"type":"Feature","properties":{"total_migration_rate":34.14137989,"sa2_main11":506041136,"total_population":11798,"total_born_overseas":4028,"sa2_name11":"Maddington - Orange Grove - Martin"},"id":"natsem_tb3_social_indicators_migration_rate_geometry.fid-6fd2e9d2_16aa4a9bb1d_-7c0b"},{"type":"Feature","properties":{"total_migration_rate":33.98485891,"sa2_main11":506041135,"total_population":14530,"total_born_overseas":4938,"sa2_name11":"Huntingdale - Southern River"},"id":"natsem_tb3_social_indicators_migration_rate_geometry.fid-6fd2e9d2_16aa4a9bb1d_-7c0c"},{"type":"Feature","properties":{"total_migration_rate":29.83307251,"sa2_main11":506041134,"total_population":19170,"total_born_overseas":5719,"sa2_name11":"Gosnells"},"id":"natsem_tb3_social_indicators_migration_rate_geometry.fid-6fd2e9d2_16aa4a9bb1d_-7c0d"},{"type":"Feature","properties":{"total_migration_rate":45.37786446,"sa2_main11":506041133,"total_population":20510,"total_born_overseas":9307,"sa2_name11":"Canning Vale - East"},"id":"natsem_tb3_social_indicators_migration_rate_geometry.fid-6fd2e9d2_16aa4a9bb1d_-7c0e"},{"type":"Feature","properties":{"total_migration_rate":96.41255605,"sa2_main11":507011157,"total_population":223,"total_born_overseas":215,"sa2_name11":"Jandakot Airport"},"id":"natsem_tb3_social_indicators_migration_rate_geometry.fid-6fd2e9d2_16aa4a9bb1d_-7c0f"},{"type":"Feature","properties":{"total_migration_rate":39.96706791,"sa2_main11":506041132,"total_population":17612,"total_born_overseas":7039,"sa2_name11":"Beckenham - Kenwick - Langford"},"id":"natsem_tb3_social_indicators_migration_rate_geometry.fid-6fd2e9d2_16aa4a9bb1d_-7c10"},{"type":"Feature","properties":{"total_migration_rate":43.33156015,"sa2_main11":506031129,"total_population":13159,"total_born_overseas":5702,"sa2_name11":"Riverton - Shelley - Rossmoyne"},"id":"natsem_tb3_social_indicators_migration_rate_geometry.fid-6fd2e9d2_16aa4a9bb1d_-7c11"},{"type":"Feature","properties":{"total_migration_rate":41.2425205,"sa2_main11":506031128,"total_population":13537,"total_born_overseas":5583,"sa2_name11":"Parkwood - Ferndale - Lynwood"},"id":"natsem_tb3_social_indicators_migration_rate_geometry.fid-6fd2e9d2_16aa4a9bb1d_-7c12"},{"type":"Feature","properties":{"total_migration_rate":35.71428571,"sa2_main11":506031130,"total_population":14,"total_born_overseas":5,"sa2_name11":"Welshpool"},"id":"natsem_tb3_social_indicators_migration_rate_geometry.fid-6fd2e9d2_16aa4a9bb1d_-7c13"},{"type":"Feature","properties":{"total_migration_rate":50.29767877,"sa2_main11":506031127,"total_population":14949,"total_born_overseas":7519,"sa2_name11":"Cannington - Queens Park"},"id":"natsem_tb3_social_indicators_migration_rate_geometry.fid-6fd2e9d2_16aa4a9bb1d_-7c14"},{"type":"Feature","properties":{"total_migration_rate":48.46098783,"sa2_main11":506031124,"total_population":19558,"total_born_overseas":9478,"sa2_name11":"Bentley - Wilson - St James"},"id":"natsem_tb3_social_indicators_migration_rate_geometry.fid-6fd2e9d2_16aa4a9bb1d_-7c15"},{"type":"Feature","properties":{"total_migration_rate":42.90227774,"sa2_main11":506021123,"total_population":13610,"total_born_overseas":5839,"sa2_name11":"Victoria Park - Lathlain - Burswood"},"id":"natsem_tb3_social_indicators_migration_rate_geometry.fid-6fd2e9d2_16aa4a9bb1d_-7c16"},{"type":"Feature","properties":{"total_migration_rate":38.50516879,"sa2_main11":506021122,"total_population":21862,"total_born_overseas":8418,"sa2_name11":"Rivervale - Kewdale - Cloverdale"},"id":"natsem_tb3_social_indicators_migration_rate_geometry.fid-6fd2e9d2_16aa4a9bb1d_-7c17"},{"type":"Feature","properties":{"total_migration_rate":35.71712356,"sa2_main11":507011156,"total_population":2517,"total_born_overseas":899,"sa2_name11":"Jandakot"},"id":"natsem_tb3_social_indicators_migration_rate_geometry.fid-6fd2e9d2_16aa4a9bb1d_-7c18"},{"type":"Feature","properties":{"total_migration_rate":null,"sa2_main11":506031126,"total_population":0,"total_born_overseas":0,"sa2_name11":"Canning Vale Commercial"},"id":"natsem_tb3_social_indicators_migration_rate_geometry.fid-6fd2e9d2_16aa4a9bb1d_-7c19"},{"type":"Feature","properties":{"total_migration_rate":85.18518519,"sa2_main11":506021121,"total_population":54,"total_born_overseas":46,"sa2_name11":"Perth Airport"},"id":"natsem_tb3_social_indicators_migration_rate_geometry.fid-6fd2e9d2_16aa4a9bb1d_-7c1a"},{"type":"Feature","properties":{"total_migration_rate":31.93091231,"sa2_main11":506011116,"total_population":6774,"total_born_overseas":2163,"sa2_name11":"Roleystone"},"id":"natsem_tb3_social_indicators_migration_rate_geometry.fid-6fd2e9d2_16aa4a9bb1d_-7c1b"},{"type":"Feature","properties":{"total_migration_rate":38.37891928,"sa2_main11":506021119,"total_population":14990,"total_born_overseas":5753,"sa2_name11":"East Victoria Park - Carlisle"},"id":"natsem_tb3_social_indicators_migration_rate_geometry.fid-6fd2e9d2_16aa4a9bb1d_-7c1c"},{"type":"Feature","properties":{"total_migration_rate":34.78854025,"sa2_main11":506011115,"total_population":7330,"total_born_overseas":2550,"sa2_name11":"Mount Nasura - Mount Richon - Bedfordale"},"id":"natsem_tb3_social_indicators_migration_rate_geometry.fid-6fd2e9d2_16aa4a9bb1d_-7c1d"},{"type":"Feature","properties":{"total_migration_rate":34.57254666,"sa2_main11":506021118,"total_population":13288,"total_born_overseas":4594,"sa2_name11":"Belmont - Ascot - Redcliffe"},"id":"natsem_tb3_social_indicators_migration_rate_geometry.fid-6fd2e9d2_16aa4a9bb1d_-7c1e"},{"type":"Feature","properties":{"total_migration_rate":24.97558859,"sa2_main11":506011117,"total_population":9217,"total_born_overseas":2302,"sa2_name11":"Seville Grove"},"id":"natsem_tb3_social_indicators_migration_rate_geometry.fid-6fd2e9d2_16aa4a9bb1d_-7c1f"},{"type":"Feature","properties":{"total_migration_rate":29.64071856,"sa2_main11":506011114,"total_population":10020,"total_born_overseas":2970,"sa2_name11":"Kelmscott"},"id":"natsem_tb3_social_indicators_migration_rate_geometry.fid-6fd2e9d2_16aa4a9bb1d_-7c20"},{"type":"Feature","properties":{"total_migration_rate":38.80396889,"sa2_main11":506011113,"total_population":7458,"total_born_overseas":2894,"sa2_name11":"Forrestdale - Harrisdale - Piara Waters"},"id":"natsem_tb3_social_indicators_migration_rate_geometry.fid-6fd2e9d2_16aa4a9bb1d_-7c21"},{"type":"Feature","properties":{"total_migration_rate":26.51477833,"sa2_main11":506011110,"total_population":16240,"total_born_overseas":4306,"sa2_name11":"Armadale - Wungong - Brookdale"},"id":"natsem_tb3_social_indicators_migration_rate_geometry.fid-6fd2e9d2_16aa4a9bb1d_-7c22"},{"type":"Feature","properties":{"total_migration_rate":27.63608679,"sa2_main11":506011112,"total_population":5254,"total_born_overseas":1452,"sa2_name11":"Camillo - Champion Lakes"},"id":"natsem_tb3_social_indicators_migration_rate_geometry.fid-6fd2e9d2_16aa4a9bb1d_-7c23"},{"type":"Feature","properties":{"total_migration_rate":33.36020422,"sa2_main11":505031109,"total_population":7443,"total_born_overseas":2483,"sa2_name11":"Yanchep"},"id":"natsem_tb3_social_indicators_migration_rate_geometry.fid-6fd2e9d2_16aa4a9bb1d_-7c24"},{"type":"Feature","properties":{"total_migration_rate":35.69468043,"sa2_main11":505031108,"total_population":22953,"total_born_overseas":8193,"sa2_name11":"Wanneroo"},"id":"natsem_tb3_social_indicators_migration_rate_geometry.fid-6fd2e9d2_16aa4a9bb1d_-7c25"},{"type":"Feature","properties":{"total_migration_rate":null,"sa2_main11":506011111,"total_population":0,"total_born_overseas":0,"sa2_name11":"Ashendon - Lesley"},"id":"natsem_tb3_social_indicators_migration_rate_geometry.fid-6fd2e9d2_16aa4a9bb1d_-7c26"},{"type":"Feature","properties":{"total_migration_rate":43.92948309,"sa2_main11":505031107,"total_population":12536,"total_born_overseas":5507,"sa2_name11":"Tapping - Ashby - Sinagra"},"id":"natsem_tb3_social_indicators_migration_rate_geometry.fid-6fd2e9d2_16aa4a9bb1d_-7c27"},{"type":"Feature","properties":{"total_migration_rate":43.85705848,"sa2_main11":506031125,"total_population":10158,"total_born_overseas":4455,"sa2_name11":"Canning Vale - West"},"id":"natsem_tb3_social_indicators_migration_rate_geometry.fid-6fd2e9d2_16aa4a9bb1d_-7c28"},{"type":"Feature","properties":{"total_migration_rate":null,"sa2_main11":505031106,"total_population":0,"total_born_overseas":0,"sa2_name11":"Neerabup National Park"},"id":"natsem_tb3_social_indicators_migration_rate_geometry.fid-6fd2e9d2_16aa4a9bb1d_-7c29"},{"type":"Feature","properties":{"total_migration_rate":45.72195568,"sa2_main11":505031105,"total_population":17508,"total_born_overseas":8005,"sa2_name11":"Mindarie - Quinns Rocks - Jindalee"},"id":"natsem_tb3_social_indicators_migration_rate_geometry.fid-6fd2e9d2_16aa4a9bb1d_-7c2a"},{"type":"Feature","properties":{"total_migration_rate":null,"sa2_main11":506021120,"total_population":0,"total_born_overseas":0,"sa2_name11":"Kewdale Commercial"},"id":"natsem_tb3_social_indicators_migration_rate_geometry.fid-6fd2e9d2_16aa4a9bb1d_-7c2b"},{"type":"Feature","properties":{"total_migration_rate":38.80015212,"sa2_main11":505031104,"total_population":10518,"total_born_overseas":4081,"sa2_name11":"Marangaroo"},"id":"natsem_tb3_social_indicators_migration_rate_geometry.fid-6fd2e9d2_16aa4a9bb1d_-7c2c"},{"type":"Feature","properties":{"total_migration_rate":36.08578806,"sa2_main11":505031103,"total_population":18977,"total_born_overseas":6848,"sa2_name11":"Madeley - Darch - Landsdale"},"id":"natsem_tb3_social_indicators_migration_rate_geometry.fid-6fd2e9d2_16aa4a9bb1d_-7c2d"},{"type":"Feature","properties":{"total_migration_rate":40.46376316,"sa2_main11":505031101,"total_population":11687,"total_born_overseas":4729,"sa2_name11":"Clarkson"},"id":"natsem_tb3_social_indicators_migration_rate_geometry.fid-6fd2e9d2_16aa4a9bb1d_-7c2e"},{"type":"Feature","properties":{"total_migration_rate":44.06106601,"sa2_main11":505031100,"total_population":11332,"total_born_overseas":4993,"sa2_name11":"Carramar"},"id":"natsem_tb3_social_indicators_migration_rate_geometry.fid-6fd2e9d2_16aa4a9bb1d_-7c2f"},{"type":"Feature","properties":{"total_migration_rate":38.1589164,"sa2_main11":505031098,"total_population":11591,"total_born_overseas":4423,"sa2_name11":"Alexander Heights - Koondoola"},"id":"natsem_tb3_social_indicators_migration_rate_geometry.fid-6fd2e9d2_16aa4a9bb1d_-7c30"},{"type":"Feature","properties":{"total_migration_rate":36.31948192,"sa2_main11":505021097,"total_population":14824,"total_born_overseas":5384,"sa2_name11":"Yokine - Coolbinia - Menora"},"id":"natsem_tb3_social_indicators_migration_rate_geometry.fid-6fd2e9d2_16aa4a9bb1d_-7c31"},{"type":"Feature","properties":{"total_migration_rate":40.60435845,"sa2_main11":505031099,"total_population":19227,"total_born_overseas":7807,"sa2_name11":"Butler - Merriwa - Ridgewood"},"id":"natsem_tb3_social_indicators_migration_rate_geometry.fid-6fd2e9d2_16aa4a9bb1d_-7c32"},{"type":"Feature","properties":{"total_migration_rate":33.6031746,"sa2_main11":505021096,"total_population":12600,"total_born_overseas":4234,"sa2_name11":"Wembley Downs - Churchlands - Woodlands"},"id":"natsem_tb3_social_indicators_migration_rate_geometry.fid-6fd2e9d2_16aa4a9bb1d_-7c33"},{"type":"Feature","properties":{"total_migration_rate":23.86658966,"sa2_main11":505021094,"total_population":6926,"total_born_overseas":1653,"sa2_name11":"Trigg - North Beach - Watermans Bay"},"id":"natsem_tb3_social_indicators_migration_rate_geometry.fid-6fd2e9d2_16aa4a9bb1d_-7c34"},{"type":"Feature","properties":{"total_migration_rate":40.11003638,"sa2_main11":505021095,"total_population":11269,"total_born_overseas":4520,"sa2_name11":"Tuart Hill - Joondanna"},"id":"natsem_tb3_social_indicators_migration_rate_geometry.fid-6fd2e9d2_16aa4a9bb1d_-7c35"},{"type":"Feature","properties":{"total_migration_rate":38.91245077,"sa2_main11":505021093,"total_population":13204,"total_born_overseas":5138,"sa2_name11":"Stirling - Osborne Park"},"id":"natsem_tb3_social_indicators_migration_rate_geometry.fid-6fd2e9d2_16aa4a9bb1d_-7c36"},{"type":"Feature","properties":{"total_migration_rate":30.95087941,"sa2_main11":505021092,"total_population":14271,"total_born_overseas":4417,"sa2_name11":"Scarborough"},"id":"natsem_tb3_social_indicators_migration_rate_geometry.fid-6fd2e9d2_16aa4a9bb1d_-7c37"},{"type":"Feature","properties":{"total_migration_rate":0.0,"sa2_main11":505021091,"total_population":3,"total_born_overseas":0,"sa2_name11":"Osborne Park Industrial"},"id":"natsem_tb3_social_indicators_migration_rate_geometry.fid-6fd2e9d2_16aa4a9bb1d_-7c38"},{"type":"Feature","properties":{"total_migration_rate":43.39597583,"sa2_main11":505021090,"total_population":15059,"total_born_overseas":6535,"sa2_name11":"Nollamara - Westminster"},"id":"natsem_tb3_social_indicators_migration_rate_geometry.fid-6fd2e9d2_16aa4a9bb1d_-7c39"},{"type":"Feature","properties":{"total_migration_rate":28.42878276,"sa2_main11":505021089,"total_population":18928,"total_born_overseas":5381,"sa2_name11":"Karrinyup - Gwelup - Carine"},"id":"natsem_tb3_social_indicators_migration_rate_geometry.fid-6fd2e9d2_16aa4a9bb1d_-7c3a"},{"type":"Feature","properties":{"total_migration_rate":29.572189,"sa2_main11":505021088,"total_population":15217,"total_born_overseas":4500,"sa2_name11":"Innaloo - Doubleview"},"id":"natsem_tb3_social_indicators_migration_rate_geometry.fid-6fd2e9d2_16aa4a9bb1d_-7c3b"},{"type":"Feature","properties":{"total_migration_rate":null,"sa2_main11":505021087,"total_population":0,"total_born_overseas":0,"sa2_name11":"Herdsman"},"id":"natsem_tb3_social_indicators_migration_rate_geometry.fid-6fd2e9d2_16aa4a9bb1d_-7c3c"},{"type":"Feature","properties":{"total_migration_rate":39.36915888,"sa2_main11":505021086,"total_population":23112,"total_born_overseas":9099,"sa2_name11":"Dianella"},"id":"natsem_tb3_social_indicators_migration_rate_geometry.fid-6fd2e9d2_16aa4a9bb1d_-7c3d"},{"type":"Feature","properties":{"total_migration_rate":42.90622922,"sa2_main11":505021085,"total_population":18044,"total_born_overseas":7742,"sa2_name11":"Balga - Mirrabooka"},"id":"natsem_tb3_social_indicators_migration_rate_geometry.fid-6fd2e9d2_16aa4a9bb1d_-7c3e"},{"type":"Feature","properties":{"total_migration_rate":33.96780872,"sa2_main11":505021084,"total_population":14973,"total_born_overseas":5086,"sa2_name11":"Balcatta - Hamersley"},"id":"natsem_tb3_social_indicators_migration_rate_geometry.fid-6fd2e9d2_16aa4a9bb1d_-7c3f"},{"type":"Feature","properties":{"total_migration_rate":35.17713541,"sa2_main11":505011083,"total_population":9202,"total_born_overseas":3237,"sa2_name11":"Woodvale"},"id":"natsem_tb3_social_indicators_migration_rate_geometry.fid-6fd2e9d2_16aa4a9bb1d_-7c40"},{"type":"Feature","properties":{"total_migration_rate":31.61228636,"sa2_main11":505011081,"total_population":8367,"total_born_overseas":2645,"sa2_name11":"Padbury"},"id":"natsem_tb3_social_indicators_migration_rate_geometry.fid-6fd2e9d2_16aa4a9bb1d_-7c41"},{"type":"Feature","properties":{"total_migration_rate":48.29797731,"sa2_main11":505011080,"total_population":8108,"total_born_overseas":3916,"sa2_name11":"Ocean Reef"},"id":"natsem_tb3_social_indicators_migration_rate_geometry.fid-6fd2e9d2_16aa4a9bb1d_-7c42"},{"type":"Feature","properties":{"total_migration_rate":28.28092243,"sa2_main11":505011082,"total_population":9540,"total_born_overseas":2698,"sa2_name11":"Sorrento - Marmion"},"id":"natsem_tb3_social_indicators_migration_rate_geometry.fid-6fd2e9d2_16aa4a9bb1d_-7c43"},{"type":"Feature","properties":{"total_migration_rate":40.82689687,"sa2_main11":505011079,"total_population":11005,"total_born_overseas":4493,"sa2_name11":"Mullaloo - Kallaroo"},"id":"natsem_tb3_social_indicators_migration_rate_geometry.fid-6fd2e9d2_16aa4a9bb1d_-7c44"},{"type":"Feature","properties":{"total_migration_rate":31.23534307,"sa2_main11":505011078,"total_population":13219,"total_born_overseas":4129,"sa2_name11":"Kingsley"},"id":"natsem_tb3_social_indicators_migration_rate_geometry.fid-6fd2e9d2_16aa4a9bb1d_-7c45"},{"type":"Feature","properties":{"total_migration_rate":46.18298368,"sa2_main11":505011077,"total_population":13728,"total_born_overseas":6340,"sa2_name11":"Joondalup - Edgewater"},"id":"natsem_tb3_social_indicators_migration_rate_geometry.fid-6fd2e9d2_16aa4a9bb1d_-7c46"},{"type":"Feature","properties":{"total_migration_rate":36.76966292,"sa2_main11":505011075,"total_population":10680,"total_born_overseas":3927,"sa2_name11":"Hillarys"},"id":"natsem_tb3_social_indicators_migration_rate_geometry.fid-6fd2e9d2_16aa4a9bb1d_-7c47"},{"type":"Feature","properties":{"total_migration_rate":52.19789132,"sa2_main11":505011076,"total_population":6165,"total_born_overseas":3218,"sa2_name11":"Iluka - Burns Beach"},"id":"natsem_tb3_social_indicators_migration_rate_geometry.fid-6fd2e9d2_16aa4a9bb1d_-7c48"},{"type":"Feature","properties":{"total_migration_rate":38.54866577,"sa2_main11":505011074,"total_population":10418,"total_born_overseas":4016,"sa2_name11":"Heathridge - Connolly"},"id":"natsem_tb3_social_indicators_migration_rate_geometry.fid-6fd2e9d2_16aa4a9bb1d_-7c49"},{"type":"Feature","properties":{"total_migration_rate":29.53005139,"sa2_main11":505011073,"total_population":13427,"total_born_overseas":3965,"sa2_name11":"Greenwood - Warwick"},"id":"natsem_tb3_social_indicators_migration_rate_geometry.fid-6fd2e9d2_16aa4a9bb1d_-7c4a"},{"type":"Feature","properties":{"total_migration_rate":33.17803661,"sa2_main11":505011072,"total_population":15025,"total_born_overseas":4985,"sa2_name11":"Duncraig"},"id":"natsem_tb3_social_indicators_migration_rate_geometry.fid-6fd2e9d2_16aa4a9bb1d_-7c4b"},{"type":"Feature","properties":{"total_migration_rate":47.71635477,"sa2_main11":505011071,"total_population":13947,"total_born_overseas":6655,"sa2_name11":"Currambine - Kinross"},"id":"natsem_tb3_social_indicators_migration_rate_geometry.fid-6fd2e9d2_16aa4a9bb1d_-7c4c"},{"type":"Feature","properties":{"total_migration_rate":32.63135947,"sa2_main11":505011070,"total_population":9592,"total_born_overseas":3130,"sa2_name11":"Craigie - Beldon"},"id":"natsem_tb3_social_indicators_migration_rate_geometry.fid-6fd2e9d2_16aa4a9bb1d_-7c4d"},{"type":"Feature","properties":{"total_migration_rate":21.0205296,"sa2_main11":504031067,"total_population":6722,"total_born_overseas":1413,"sa2_name11":"Stratton - Jane Brook"},"id":"natsem_tb3_social_indicators_migration_rate_geometry.fid-6fd2e9d2_16aa4a9bb1d_-7c4e"},{"type":"Feature","properties":{"total_migration_rate":30.37037037,"sa2_main11":504031066,"total_population":9585,"total_born_overseas":2911,"sa2_name11":"Midland - Guildford"},"id":"natsem_tb3_social_indicators_migration_rate_geometry.fid-6fd2e9d2_16aa4a9bb1d_-7c4f"},{"type":"Feature","properties":{"total_migration_rate":23.75168691,"sa2_main11":504031065,"total_population":5187,"total_born_overseas":1232,"sa2_name11":"Middle Swan - Herne Hill"},"id":"natsem_tb3_social_indicators_migration_rate_geometry.fid-6fd2e9d2_16aa4a9bb1d_-7c50"},{"type":"Feature","properties":{"total_migration_rate":30.46176763,"sa2_main11":504031062,"total_population":8056,"total_born_overseas":2454,"sa2_name11":"Lockridge - Kiara"},"id":"natsem_tb3_social_indicators_migration_rate_geometry.fid-6fd2e9d2_16aa4a9bb1d_-7c51"},{"type":"Feature","properties":{"total_migration_rate":26.65749656,"sa2_main11":504031061,"total_population":3635,"total_born_overseas":969,"sa2_name11":"Hazelmere - South Guildford"},"id":"natsem_tb3_social_indicators_migration_rate_geometry.fid-6fd2e9d2_16aa4a9bb1d_-7c52"},{"type":"Feature","properties":{"total_migration_rate":21.00276352,"sa2_main11":504031060,"total_population":2533,"total_born_overseas":532,"sa2_name11":"Gidgegannup"},"id":"natsem_tb3_social_indicators_migration_rate_geometry.fid-6fd2e9d2_16aa4a9bb1d_-7c53"},{"type":"Feature","properties":{"total_migration_rate":null,"sa2_main11":504031069,"total_population":0,"total_born_overseas":0,"sa2_name11":"Walyunga National Park"},"id":"natsem_tb3_social_indicators_migration_rate_geometry.fid-6fd2e9d2_16aa4a9bb1d_-7c54"},{"type":"Feature","properties":{"total_migration_rate":24.11003236,"sa2_main11":504031058,"total_population":4326,"total_born_overseas":1043,"sa2_name11":"Bullsbrook"},"id":"natsem_tb3_social_indicators_migration_rate_geometry.fid-6fd2e9d2_16aa4a9bb1d_-7c55"},{"type":"Feature","properties":{"total_migration_rate":32.06219919,"sa2_main11":504031068,"total_population":5402,"total_born_overseas":1732,"sa2_name11":"The Vines"},"id":"natsem_tb3_social_indicators_migration_rate_geometry.fid-6fd2e9d2_16aa4a9bb1d_-7c56"},{"type":"Feature","properties":{"total_migration_rate":36.58183731,"sa2_main11":504031057,"total_population":15207,"total_born_overseas":5563,"sa2_name11":"Beechboro"},"id":"natsem_tb3_social_indicators_migration_rate_geometry.fid-6fd2e9d2_16aa4a9bb1d_-7c57"},{"type":"Feature","properties":{"total_migration_rate":null,"sa2_main11":504031055,"total_population":0,"total_born_overseas":0,"sa2_name11":"Avon Valley National Park"},"id":"natsem_tb3_social_indicators_migration_rate_geometry.fid-6fd2e9d2_16aa4a9bb1d_-7c58"},{"type":"Feature","properties":{"total_migration_rate":24.03462051,"sa2_main11":504021054,"total_population":12016,"total_born_overseas":2888,"sa2_name11":"Swan View - Greenmount - Midvale"},"id":"natsem_tb3_social_indicators_migration_rate_geometry.fid-6fd2e9d2_16aa4a9bb1d_-7c59"},{"type":"Feature","properties":{"total_migration_rate":23.58147621,"sa2_main11":504021053,"total_population":12654,"total_born_overseas":2984,"sa2_name11":"Mundaring"},"id":"natsem_tb3_social_indicators_migration_rate_geometry.fid-6fd2e9d2_16aa4a9bb1d_-7c5a"},{"type":"Feature","properties":{"total_migration_rate":0.0,"sa2_main11":504021052,"total_population":16,"total_born_overseas":0,"sa2_name11":"Malmalling - Reservoir"},"id":"natsem_tb3_social_indicators_migration_rate_geometry.fid-6fd2e9d2_16aa4a9bb1d_-7c5b"},{"type":"Feature","properties":{"total_migration_rate":21.3304721,"sa2_main11":504021051,"total_population":4660,"total_born_overseas":994,"sa2_name11":"Helena Valley - Koongamia"},"id":"natsem_tb3_social_indicators_migration_rate_geometry.fid-6fd2e9d2_16aa4a9bb1d_-7c5c"},{"type":"Feature","properties":{"total_migration_rate":28.75195229,"sa2_main11":504021050,"total_population":7043,"total_born_overseas":2025,"sa2_name11":"Glen Forrest - Darlington"},"id":"natsem_tb3_social_indicators_migration_rate_geometry.fid-6fd2e9d2_16aa4a9bb1d_-7c5d"},{"type":"Feature","properties":{"total_migration_rate":null,"sa2_main11":504031064,"total_population":0,"total_born_overseas":0,"sa2_name11":"Melaleuca - Lexia"},"id":"natsem_tb3_social_indicators_migration_rate_geometry.fid-6fd2e9d2_16aa4a9bb1d_-7c5e"},{"type":"Feature","properties":{"total_migration_rate":22.16149068,"sa2_main11":504021049,"total_population":4025,"total_born_overseas":892,"sa2_name11":"Chidlow"},"id":"natsem_tb3_social_indicators_migration_rate_geometry.fid-6fd2e9d2_16aa4a9bb1d_-7c5f"},{"type":"Feature","properties":{"total_migration_rate":40.31439535,"sa2_main11":504011048,"total_population":8079,"total_born_overseas":3257,"sa2_name11":"Noranda"},"id":"natsem_tb3_social_indicators_migration_rate_geometry.fid-6fd2e9d2_16aa4a9bb1d_-7c60"},{"type":"Feature","properties":{"total_migration_rate":40.94177914,"sa2_main11":504011047,"total_population":20302,"total_born_overseas":8312,"sa2_name11":"Morley"},"id":"natsem_tb3_social_indicators_migration_rate_geometry.fid-6fd2e9d2_16aa4a9bb1d_-7c61"},{"type":"Feature","properties":{"total_migration_rate":42.46741682,"sa2_main11":504011046,"total_population":12353,"total_born_overseas":5246,"sa2_name11":"Maylands"},"id":"natsem_tb3_social_indicators_migration_rate_geometry.fid-6fd2e9d2_16aa4a9bb1d_-7c62"},{"type":"Feature","properties":{"total_migration_rate":32.53653937,"sa2_main11":504011045,"total_population":21210,"total_born_overseas":6901,"sa2_name11":"Bayswater - Embleton - Bedford"},"id":"natsem_tb3_social_indicators_migration_rate_geometry.fid-6fd2e9d2_16aa4a9bb1d_-7c63"},{"type":"Feature","properties":{"total_migration_rate":0.0,"sa2_main11":504031063,"total_population":12,"total_born_overseas":0,"sa2_name11":"Malaga"},"id":"natsem_tb3_social_indicators_migration_rate_geometry.fid-6fd2e9d2_16aa4a9bb1d_-7c64"},{"type":"Feature","properties":{"total_migration_rate":28.1310747,"sa2_main11":504011044,"total_population":14404,"total_born_overseas":4052,"sa2_name11":"Bassendean - Eden Hill - Ashfield"},"id":"natsem_tb3_social_indicators_migration_rate_geometry.fid-6fd2e9d2_16aa4a9bb1d_-7c65"},{"type":"Feature","properties":{"total_migration_rate":36.14414197,"sa2_main11":503021043,"total_population":16567,"total_born_overseas":5988,"sa2_name11":"Wembley - West Leederville - Glendalough"},"id":"natsem_tb3_social_indicators_migration_rate_geometry.fid-6fd2e9d2_16aa4a9bb1d_-7c66"},{"type":"Feature","properties":{"total_migration_rate":29.24911321,"sa2_main11":504031059,"total_population":23399,"total_born_overseas":6844,"sa2_name11":"Ellenbrook"},"id":"natsem_tb3_social_indicators_migration_rate_geometry.fid-6fd2e9d2_16aa4a9bb1d_-7c67"},{"type":"Feature","properties":{"total_migration_rate":34.22783129,"sa2_main11":503021042,"total_population":15055,"total_born_overseas":5153,"sa2_name11":"Subiaco - Shenton Park"},"id":"natsem_tb3_social_indicators_migration_rate_geometry.fid-6fd2e9d2_16aa4a9bb1d_-7c68"},{"type":"Feature","properties":{"total_migration_rate":48.99231493,"sa2_main11":503021041,"total_population":25504,"total_born_overseas":12495,"sa2_name11":"Perth City"},"id":"natsem_tb3_social_indicators_migration_rate_geometry.fid-6fd2e9d2_16aa4a9bb1d_-7c69"},{"type":"Feature","properties":{"total_migration_rate":32.61938202,"sa2_main11":503021040,"total_population":8544,"total_born_overseas":2787,"sa2_name11":"North Perth"},"id":"natsem_tb3_social_indicators_migration_rate_geometry.fid-6fd2e9d2_16aa4a9bb1d_-7c6a"},{"type":"Feature","properties":{"total_migration_rate":32.10341211,"sa2_main11":503021039,"total_population":16207,"total_born_overseas":5203,"sa2_name11":"Mount Lawley - Inglewood"},"id":"natsem_tb3_social_indicators_migration_rate_geometry.fid-6fd2e9d2_16aa4a9bb1d_-7c6b"},{"type":"Feature","properties":{"total_migration_rate":30.02233227,"sa2_main11":503021038,"total_population":10299,"total_born_overseas":3092,"sa2_name11":"Mount Hawthorn - Leederville"},"id":"natsem_tb3_social_indicators_migration_rate_geometry.fid-6fd2e9d2_16aa4a9bb1d_-7c6c"},{"type":"Feature","properties":{"total_migration_rate":16.12903226,"sa2_main11":503021037,"total_population":31,"total_born_overseas":5,"sa2_name11":"Kings Park (WA)"},"id":"natsem_tb3_social_indicators_migration_rate_geometry.fid-6fd2e9d2_16aa4a9bb1d_-7c6d"},{"type":"Feature","properties":{"total_migration_rate":29.02612224,"sa2_main11":503011036,"total_population":7886,"total_born_overseas":2289,"sa2_name11":"Swanbourne - Mount Claremont"},"id":"natsem_tb3_social_indicators_migration_rate_geometry.fid-6fd2e9d2_16aa4a9bb1d_-7c6e"},{"type":"Feature","properties":{"total_migration_rate":38.76923077,"sa2_main11":503011035,"total_population":17550,"total_born_overseas":6804,"sa2_name11":"Nedlands - Dalkeith - Crawley"},"id":"natsem_tb3_social_indicators_migration_rate_geometry.fid-6fd2e9d2_16aa4a9bb1d_-7c6f"},{"type":"Feature","properties":{"total_migration_rate":31.31542564,"sa2_main11":503011034,"total_population":10126,"total_born_overseas":3171,"sa2_name11":"Mosman Park - Peppermint Grove"},"id":"natsem_tb3_social_indicators_migration_rate_geometry.fid-6fd2e9d2_16aa4a9bb1d_-7c70"},{"type":"Feature","properties":{"total_migration_rate":24.44321483,"sa2_main11":503011033,"total_population":7229,"total_born_overseas":1767,"sa2_name11":"Floreat"},"id":"natsem_tb3_social_indicators_migration_rate_geometry.fid-6fd2e9d2_16aa4a9bb1d_-7c71"},{"type":"Feature","properties":{"total_migration_rate":23.05716989,"sa2_main11":503011032,"total_population":7399,"total_born_overseas":1706,"sa2_name11":"Cottesloe"},"id":"natsem_tb3_social_indicators_migration_rate_geometry.fid-6fd2e9d2_16aa4a9bb1d_-7c72"},{"type":"Feature","properties":{"total_migration_rate":30.19886738,"sa2_main11":503011031,"total_population":7593,"total_born_overseas":2293,"sa2_name11":"Claremont (WA)"},"id":"natsem_tb3_social_indicators_migration_rate_geometry.fid-6fd2e9d2_16aa4a9bb1d_-7c73"},{"type":"Feature","properties":{"total_migration_rate":33.28267477,"sa2_main11":504031056,"total_population":19082,"total_born_overseas":6351,"sa2_name11":"Ballajura"},"id":"natsem_tb3_social_indicators_migration_rate_geometry.fid-6fd2e9d2_16aa4a9bb1d_-7c74"},{"type":"Feature","properties":{"total_migration_rate":29.99685238,"sa2_main11":503011030,"total_population":6354,"total_born_overseas":1906,"sa2_name11":"City Beach"},"id":"natsem_tb3_social_indicators_migration_rate_geometry.fid-6fd2e9d2_16aa4a9bb1d_-7c75"},{"type":"Feature","properties":{"total_migration_rate":17.71120582,"sa2_main11":502011029,"total_population":7978,"total_born_overseas":1413,"sa2_name11":"Pinjarra"},"id":"natsem_tb3_social_indicators_migration_rate_geometry.fid-6fd2e9d2_16aa4a9bb1d_-7c76"},{"type":"Feature","properties":{"total_migration_rate":23.89218329,"sa2_main11":502011028,"total_population":9275,"total_born_overseas":2216,"sa2_name11":"Mandurah - South"},"id":"natsem_tb3_social_indicators_migration_rate_geometry.fid-6fd2e9d2_16aa4a9bb1d_-7c77"},{"type":"Feature","properties":{"total_migration_rate":27.74085048,"sa2_main11":502011027,"total_population":12487,"total_born_overseas":3464,"sa2_name11":"Mandurah - North"},"id":"natsem_tb3_social_indicators_migration_rate_geometry.fid-6fd2e9d2_16aa4a9bb1d_-7c78"},{"type":"Feature","properties":{"total_migration_rate":20.49664156,"sa2_main11":502011026,"total_population":4913,"total_born_overseas":1007,"sa2_name11":"Mandurah - East"},"id":"natsem_tb3_social_indicators_migration_rate_geometry.fid-6fd2e9d2_16aa4a9bb1d_-7c79"},{"type":"Feature","properties":{"total_migration_rate":25.3092182,"sa2_main11":502011025,"total_population":8570,"total_born_overseas":2169,"sa2_name11":"Mandurah"},"id":"natsem_tb3_social_indicators_migration_rate_geometry.fid-6fd2e9d2_16aa4a9bb1d_-7c7a"},{"type":"Feature","properties":{"total_migration_rate":23.22485207,"sa2_main11":502011022,"total_population":7436,"total_born_overseas":1727,"sa2_name11":"Falcon - Wannanup"},"id":"natsem_tb3_social_indicators_migration_rate_geometry.fid-6fd2e9d2_16aa4a9bb1d_-7c7b"},{"type":"Feature","properties":{"total_migration_rate":23.37358083,"sa2_main11":502011021,"total_population":5549,"total_born_overseas":1297,"sa2_name11":"Dawesville - Bouvard"},"id":"natsem_tb3_social_indicators_migration_rate_geometry.fid-6fd2e9d2_16aa4a9bb1d_-7c7c"},{"type":"Feature","properties":{"total_migration_rate":18.52514411,"sa2_main11":501031020,"total_population":5031,"total_born_overseas":932,"sa2_name11":"Pemberton"},"id":"natsem_tb3_social_indicators_migration_rate_geometry.fid-6fd2e9d2_16aa4a9bb1d_-7c7d"},{"type":"Feature","properties":{"total_migration_rate":13.75807941,"sa2_main11":501031019,"total_population":5415,"total_born_overseas":745,"sa2_name11":"Manjimup"},"id":"natsem_tb3_social_indicators_migration_rate_geometry.fid-6fd2e9d2_16aa4a9bb1d_-7c7e"},{"type":"Feature","properties":{"total_migration_rate":19.34210526,"sa2_main11":501031018,"total_population":5320,"total_born_overseas":1029,"sa2_name11":"Donnybrook - Balingup"},"id":"natsem_tb3_social_indicators_migration_rate_geometry.fid-6fd2e9d2_16aa4a9bb1d_-7c7f"},{"type":"Feature","properties":{"total_migration_rate":20.60616322,"sa2_main11":501031017,"total_population":5906,"total_born_overseas":1217,"sa2_name11":"Bridgetown - Boyup Brook"},"id":"natsem_tb3_social_indicators_migration_rate_geometry.fid-6fd2e9d2_16aa4a9bb1d_-7c80"},{"type":"Feature","properties":{"total_migration_rate":16.38749302,"sa2_main11":501021016,"total_population":3582,"total_born_overseas":587,"sa2_name11":"Waroona"},"id":"natsem_tb3_social_indicators_migration_rate_geometry.fid-6fd2e9d2_16aa4a9bb1d_-7c81"},{"type":"Feature","properties":{"total_migration_rate":19.56774006,"sa2_main11":501021015,"total_population":6894,"total_born_overseas":1349,"sa2_name11":"Koombana"},"id":"natsem_tb3_social_indicators_migration_rate_geometry.fid-6fd2e9d2_16aa4a9bb1d_-7c82"},{"type":"Feature","properties":{"total_migration_rate":17.16906946,"sa2_main11":501021014,"total_population":8393,"total_born_overseas":1441,"sa2_name11":"Harvey"},"id":"natsem_tb3_social_indicators_migration_rate_geometry.fid-6fd2e9d2_16aa4a9bb1d_-7c83"},{"type":"Feature","properties":{"total_migration_rate":23.7294918,"sa2_main11":501021013,"total_population":9996,"total_born_overseas":2372,"sa2_name11":"Gelorup - Dalyellup - Stratham"},"id":"natsem_tb3_social_indicators_migration_rate_geometry.fid-6fd2e9d2_16aa4a9bb1d_-7c84"},{"type":"Feature","properties":{"total_migration_rate":16.47621838,"sa2_main11":501021012,"total_population":10239,"total_born_overseas":1687,"sa2_name11":"Eaton - Pelican Point"},"id":"natsem_tb3_social_indicators_migration_rate_geometry.fid-6fd2e9d2_16aa4a9bb1d_-7c85"},{"type":"Feature","properties":{"total_migration_rate":0.0,"sa2_main11":501021011,"total_population":6,"total_born_overseas":0,"sa2_name11":"Davenport"},"id":"natsem_tb3_social_indicators_migration_rate_geometry.fid-6fd2e9d2_16aa4a9bb1d_-7c86"},{"type":"Feature","properties":{"total_migration_rate":27.33741616,"sa2_main11":502011024,"total_population":17145,"total_born_overseas":4687,"sa2_name11":"Halls Head - Erskine"},"id":"natsem_tb3_social_indicators_migration_rate_geometry.fid-6fd2e9d2_16aa4a9bb1d_-7c87"},{"type":"Feature","properties":{"total_migration_rate":21.65207767,"sa2_main11":502011023,"total_population":9939,"total_born_overseas":2152,"sa2_name11":"Greenfields"},"id":"natsem_tb3_social_indicators_migration_rate_geometry.fid-6fd2e9d2_16aa4a9bb1d_-7c88"},{"type":"Feature","properties":{"total_migration_rate":14.28092524,"sa2_main11":501021010,"total_population":2983,"total_born_overseas":426,"sa2_name11":"Dardanup"},"id":"natsem_tb3_social_indicators_migration_rate_geometry.fid-6fd2e9d2_16aa4a9bb1d_-7c89"},{"type":"Feature","properties":{"total_migration_rate":14.48449655,"sa2_main11":501021009,"total_population":9127,"total_born_overseas":1322,"sa2_name11":"Collie"},"id":"natsem_tb3_social_indicators_migration_rate_geometry.fid-6fd2e9d2_16aa4a9bb1d_-7c8a"},{"type":"Feature","properties":{"total_migration_rate":17.12927465,"sa2_main11":501021008,"total_population":6521,"total_born_overseas":1117,"sa2_name11":"College Grove - Carey Park"},"id":"natsem_tb3_social_indicators_migration_rate_geometry.fid-6fd2e9d2_16aa4a9bb1d_-7c8b"},{"type":"Feature","properties":{"total_migration_rate":44.73896044,"sa2_main11":506031131,"total_population":17392,"total_born_overseas":7781,"sa2_name11":"Willetton"},"id":"natsem_tb3_social_indicators_migration_rate_geometry.fid-6fd2e9d2_16aa4a9bb1d_-7c8f"},{"type":"Feature","properties":{"total_migration_rate":39.22486201,"sa2_main11":505031102,"total_population":8334,"total_born_overseas":3269,"sa2_name11":"Girrawheen"},"id":"natsem_tb3_social_indicators_migration_rate_geometry.fid-6fd2e9d2_16aa4a9bb1d_-7c90"},{"type":"Feature","properties":{"total_migration_rate":14.37406697,"sa2_main11":501021007,"total_population":4689,"total_born_overseas":674,"sa2_name11":"Capel"},"id":"natsem_tb3_social_indicators_migration_rate_geometry.fid-6fd2e9d2_16aa4a9bb1d_-7c91"},{"type":"Feature","properties":{"total_migration_rate":20.7773232,"sa2_main11":501021006,"total_population":17110,"total_born_overseas":3555,"sa2_name11":"Bunbury"},"id":"natsem_tb3_social_indicators_migration_rate_geometry.fid-6fd2e9d2_16aa4a9bb1d_-7c92"},{"type":"Feature","properties":{"total_migration_rate":19.40308563,"sa2_main11":501021005,"total_population":14843,"total_born_overseas":2880,"sa2_name11":"Australind - Leschenault"},"id":"natsem_tb3_social_indicators_migration_rate_geometry.fid-6fd2e9d2_16aa4a9bb1d_-7c93"},{"type":"Feature","properties":{"total_migration_rate":20.32231631,"sa2_main11":501011004,"total_population":7322,"total_born_overseas":1488,"sa2_name11":"Margaret River"},"id":"natsem_tb3_social_indicators_migration_rate_geometry.fid-6fd2e9d2_16aa4a9bb1d_-7c94"},{"type":"Feature","properties":{"total_migration_rate":18.39217557,"sa2_main11":501011003,"total_population":8384,"total_born_overseas":1542,"sa2_name11":"Busselton Region"},"id":"natsem_tb3_social_indicators_migration_rate_geometry.fid-6fd2e9d2_16aa4a9bb1d_-7c95"},{"type":"Feature","properties":{"total_migration_rate":17.00534271,"sa2_main11":501011002,"total_population":21899,"total_born_overseas":3724,"sa2_name11":"Busselton"},"id":"natsem_tb3_social_indicators_migration_rate_geometry.fid-6fd2e9d2_16aa4a9bb1d_-7c96"},{"type":"Feature","properties":{"total_migration_rate":18.93597836,"sa2_main11":501011001,"total_population":4436,"total_born_overseas":840,"sa2_name11":"Augusta"},"id":"natsem_tb3_social_indicators_migration_rate_geometry.fid-6fd2e9d2_16aa4a9bb1d_-7c97"}]}