{"type":"FeatureCollection","bbox":[0.0,0.0,-1.0,-1.0],"features":[{"type":"Feature","properties":{"sa2_name16":"Chifley","total_migration_rate":28.5279,"total_migration":655,"sa2_code16":"801091099"},"id":"natsem_social_indicators_migration_rate_sa2_2016.801091099"},{"type":"Feature","properties":{"sa2_name16":"Dickson","total_migration_rate":31.4074,"total_migration":636,"sa2_code16":"801051054"},"id":"natsem_social_indicators_migration_rate_sa2_2016.801051054"},{"type":"Feature","properties":{"sa2_name16":"Downer","total_migration_rate":30.7403,"total_migration":1063,"sa2_code16":"801051055"},"id":"natsem_social_indicators_migration_rate_sa2_2016.801051055"},{"type":"Feature","properties":{"sa2_name16":"Scrivener","total_migration_rate":0.0,"total_migration":0,"sa2_code16":"801081133"},"id":"natsem_social_indicators_migration_rate_sa2_2016.801081133"},{"type":"Feature","properties":{"sa2_name16":"Higgins","total_migration_rate":23.378,"total_migration":681,"sa2_code16":"801011014"},"id":"natsem_social_indicators_migration_rate_sa2_2016.801011014"},{"type":"Feature","properties":{"sa2_name16":"Duntroon","total_migration_rate":15.6118,"total_migration":259,"sa2_code16":"801051125"},"id":"natsem_social_indicators_migration_rate_sa2_2016.801051125"},{"type":"Feature","properties":{"sa2_name16":"Parkes (ACT) - North","total_migration_rate":0.0,"total_migration":0,"sa2_code16":"801051126"},"id":"natsem_social_indicators_migration_rate_sa2_2016.801051126"},{"type":"Feature","properties":{"sa2_name16":"Reid","total_migration_rate":32.3407,"total_migration":467,"sa2_code16":"801051127"},"id":"natsem_social_indicators_migration_rate_sa2_2016.801051127"},{"type":"Feature","properties":{"sa2_name16":"Russell","total_migration_rate":0.0,"total_migration":0,"sa2_code16":"801051128"},"id":"natsem_social_indicators_migration_rate_sa2_2016.801051128"},{"type":"Feature","properties":{"sa2_name16":"Holt","total_migration_rate":22.1683,"total_migration":959,"sa2_code16":"801011015"},"id":"natsem_social_indicators_migration_rate_sa2_2016.801011015"},{"type":"Feature","properties":{"sa2_name16":"Macquarie","total_migration_rate":31.3084,"total_migration":804,"sa2_code16":"801011020"},"id":"natsem_social_indicators_migration_rate_sa2_2016.801011020"},{"type":"Feature","properties":{"sa2_name16":"Scullin","total_migration_rate":26.9413,"total_migration":739,"sa2_code16":"801011024"},"id":"natsem_social_indicators_migration_rate_sa2_2016.801011024"},{"type":"Feature","properties":{"sa2_name16":"Weetangera","total_migration_rate":23.2006,"total_migration":577,"sa2_code16":"801011026"},"id":"natsem_social_indicators_migration_rate_sa2_2016.801011026"},{"type":"Feature","properties":{"sa2_name16":"Molonglo Corridor","total_migration_rate":0.0,"total_migration":0,"sa2_code16":"801011111"},"id":"natsem_social_indicators_migration_rate_sa2_2016.801011111"},{"type":"Feature","properties":{"sa2_name16":"West Belconnen","total_migration_rate":0.0,"total_migration":0,"sa2_code16":"801011112"},"id":"natsem_social_indicators_migration_rate_sa2_2016.801011112"},{"type":"Feature","properties":{"sa2_name16":"Hume","total_migration_rate":0.0,"total_migration":0,"sa2_code16":"801031031"},"id":"natsem_social_indicators_migration_rate_sa2_2016.801031031"},{"type":"Feature","properties":{"sa2_name16":"Kowen","total_migration_rate":0.0,"total_migration":0,"sa2_code16":"801031032"},"id":"natsem_social_indicators_migration_rate_sa2_2016.801031032"},{"type":"Feature","properties":{"sa2_name16":"Canberra Airport","total_migration_rate":0.0,"total_migration":0,"sa2_code16":"801031114"},"id":"natsem_social_indicators_migration_rate_sa2_2016.801031114"},{"type":"Feature","properties":{"sa2_name16":"Majura","total_migration_rate":18.7919,"total_migration":28,"sa2_code16":"801031115"},"id":"natsem_social_indicators_migration_rate_sa2_2016.801031115"},{"type":"Feature","properties":{"sa2_name16":"Amaroo","total_migration_rate":23.8552,"total_migration":1318,"sa2_code16":"801041034"},"id":"natsem_social_indicators_migration_rate_sa2_2016.801041034"},{"type":"Feature","properties":{"sa2_name16":"Hughes","total_migration_rate":26.2782,"total_migration":735,"sa2_code16":"801091103"},"id":"natsem_social_indicators_migration_rate_sa2_2016.801091103"},{"type":"Feature","properties":{"sa2_name16":"Torrens","total_migration_rate":24.5886,"total_migration":523,"sa2_code16":"801091110"},"id":"natsem_social_indicators_migration_rate_sa2_2016.801091110"},{"type":"Feature","properties":{"sa2_name16":"Forrest","total_migration_rate":25.1195,"total_migration":368,"sa2_code16":"801061063"},"id":"natsem_social_indicators_migration_rate_sa2_2016.801061063"},{"type":"Feature","properties":{"sa2_name16":"Aranda","total_migration_rate":24.7508,"total_migration":571,"sa2_code16":"801011001"},"id":"natsem_social_indicators_migration_rate_sa2_2016.801011001"},{"type":"Feature","properties":{"sa2_name16":"Belconnen","total_migration_rate":50.5329,"total_migration":3082,"sa2_code16":"801011002"},"id":"natsem_social_indicators_migration_rate_sa2_2016.801011002"},{"type":"Feature","properties":{"sa2_name16":"Bruce","total_migration_rate":41.619,"total_migration":2694,"sa2_code16":"801011003"},"id":"natsem_social_indicators_migration_rate_sa2_2016.801011003"},{"type":"Feature","properties":{"sa2_name16":"Charnwood","total_migration_rate":20.802,"total_migration":581,"sa2_code16":"801011004"},"id":"natsem_social_indicators_migration_rate_sa2_2016.801011004"},{"type":"Feature","properties":{"sa2_name16":"Cook","total_migration_rate":26.3511,"total_migration":707,"sa2_code16":"801011005"},"id":"natsem_social_indicators_migration_rate_sa2_2016.801011005"},{"type":"Feature","properties":{"sa2_name16":"Dunlop","total_migration_rate":21.0792,"total_migration":1461,"sa2_code16":"801011006"},"id":"natsem_social_indicators_migration_rate_sa2_2016.801011006"},{"type":"Feature","properties":{"sa2_name16":"Florey","total_migration_rate":31.7714,"total_migration":1451,"sa2_code16":"801011008"},"id":"natsem_social_indicators_migration_rate_sa2_2016.801011008"},{"type":"Feature","properties":{"sa2_name16":"Evatt","total_migration_rate":20.0523,"total_migration":997,"sa2_code16":"801011007"},"id":"natsem_social_indicators_migration_rate_sa2_2016.801011007"},{"type":"Feature","properties":{"sa2_name16":"Hawker","total_migration_rate":26.3771,"total_migration":747,"sa2_code16":"801011013"},"id":"natsem_social_indicators_migration_rate_sa2_2016.801011013"},{"type":"Feature","properties":{"sa2_name16":"Flynn (ACT)","total_migration_rate":17.689,"total_migration":571,"sa2_code16":"801011009"},"id":"natsem_social_indicators_migration_rate_sa2_2016.801011009"},{"type":"Feature","properties":{"sa2_name16":"Fraser","total_migration_rate":16.4943,"total_migration":319,"sa2_code16":"801011010"},"id":"natsem_social_indicators_migration_rate_sa2_2016.801011010"},{"type":"Feature","properties":{"sa2_name16":"Giralang","total_migration_rate":23.3113,"total_migration":742,"sa2_code16":"801011011"},"id":"natsem_social_indicators_migration_rate_sa2_2016.801011011"},{"type":"Feature","properties":{"sa2_name16":"Gooromon","total_migration_rate":0.0,"total_migration":0,"sa2_code16":"801011012"},"id":"natsem_social_indicators_migration_rate_sa2_2016.801011012"},{"type":"Feature","properties":{"sa2_name16":"Kaleen","total_migration_rate":29.2704,"total_migration":2034,"sa2_code16":"801011016"},"id":"natsem_social_indicators_migration_rate_sa2_2016.801011016"},{"type":"Feature","properties":{"sa2_name16":"Latham","total_migration_rate":19.7338,"total_migration":682,"sa2_code16":"801011017"},"id":"natsem_social_indicators_migration_rate_sa2_2016.801011017"},{"type":"Feature","properties":{"sa2_name16":"Lawson","total_migration_rate":0.0,"total_migration":0,"sa2_code16":"801011018"},"id":"natsem_social_indicators_migration_rate_sa2_2016.801011018"},{"type":"Feature","properties":{"sa2_name16":"Macgregor (ACT)","total_migration_rate":25.6094,"total_migration":1681,"sa2_code16":"801011019"},"id":"natsem_social_indicators_migration_rate_sa2_2016.801011019"},{"type":"Feature","properties":{"sa2_name16":"McKellar","total_migration_rate":29.2617,"total_migration":757,"sa2_code16":"801011021"},"id":"natsem_social_indicators_migration_rate_sa2_2016.801011021"},{"type":"Feature","properties":{"sa2_name16":"Forde","total_migration_rate":31.897,"total_migration":1325,"sa2_code16":"801041038"},"id":"natsem_social_indicators_migration_rate_sa2_2016.801041038"},{"type":"Feature","properties":{"sa2_name16":"Melba","total_migration_rate":21.6144,"total_migration":648,"sa2_code16":"801011022"},"id":"natsem_social_indicators_migration_rate_sa2_2016.801011022"},{"type":"Feature","properties":{"sa2_name16":"Page","total_migration_rate":31.5417,"total_migration":892,"sa2_code16":"801011023"},"id":"natsem_social_indicators_migration_rate_sa2_2016.801011023"},{"type":"Feature","properties":{"sa2_name16":"Spence","total_migration_rate":17.6375,"total_migration":433,"sa2_code16":"801011025"},"id":"natsem_social_indicators_migration_rate_sa2_2016.801011025"},{"type":"Feature","properties":{"sa2_name16":"Canberra East","total_migration_rate":22.4012,"total_migration":153,"sa2_code16":"801031113"},"id":"natsem_social_indicators_migration_rate_sa2_2016.801031113"},{"type":"Feature","properties":{"sa2_name16":"Bonner","total_migration_rate":40.0468,"total_migration":2565,"sa2_code16":"801041035"},"id":"natsem_social_indicators_migration_rate_sa2_2016.801041035"},{"type":"Feature","properties":{"sa2_name16":"Casey","total_migration_rate":29.6182,"total_migration":1629,"sa2_code16":"801041036"},"id":"natsem_social_indicators_migration_rate_sa2_2016.801041036"},{"type":"Feature","properties":{"sa2_name16":"Crace","total_migration_rate":39.5338,"total_migration":1696,"sa2_code16":"801041037"},"id":"natsem_social_indicators_migration_rate_sa2_2016.801041037"},{"type":"Feature","properties":{"sa2_name16":"Franklin","total_migration_rate":49.0894,"total_migration":3019,"sa2_code16":"801041039"},"id":"natsem_social_indicators_migration_rate_sa2_2016.801041039"},{"type":"Feature","properties":{"sa2_name16":"Gungahlin","total_migration_rate":44.0326,"total_migration":2542,"sa2_code16":"801041040"},"id":"natsem_social_indicators_migration_rate_sa2_2016.801041040"},{"type":"Feature","properties":{"sa2_name16":"Hall","total_migration_rate":10.8,"total_migration":27,"sa2_code16":"801041043"},"id":"natsem_social_indicators_migration_rate_sa2_2016.801041043"},{"type":"Feature","properties":{"sa2_name16":"Harrison","total_migration_rate":41.8479,"total_migration":3098,"sa2_code16":"801041044"},"id":"natsem_social_indicators_migration_rate_sa2_2016.801041044"},{"type":"Feature","properties":{"sa2_name16":"Mitchell","total_migration_rate":0.0,"total_migration":0,"sa2_code16":"801041045"},"id":"natsem_social_indicators_migration_rate_sa2_2016.801041045"},{"type":"Feature","properties":{"sa2_name16":"Ngunnawal","total_migration_rate":26.5066,"total_migration":2639,"sa2_code16":"801041046"},"id":"natsem_social_indicators_migration_rate_sa2_2016.801041046"},{"type":"Feature","properties":{"sa2_name16":"Throsby","total_migration_rate":0.0,"total_migration":0,"sa2_code16":"801041122"},"id":"natsem_social_indicators_migration_rate_sa2_2016.801041122"},{"type":"Feature","properties":{"sa2_name16":"Acton","total_migration_rate":54.2698,"total_migration":1074,"sa2_code16":"801051049"},"id":"natsem_social_indicators_migration_rate_sa2_2016.801051049"},{"type":"Feature","properties":{"sa2_name16":"Nicholls","total_migration_rate":28.6721,"total_migration":1872,"sa2_code16":"801041047"},"id":"natsem_social_indicators_migration_rate_sa2_2016.801041047"},{"type":"Feature","properties":{"sa2_name16":"Palmerston","total_migration_rate":31.5779,"total_migration":1661,"sa2_code16":"801041048"},"id":"natsem_social_indicators_migration_rate_sa2_2016.801041048"},{"type":"Feature","properties":{"sa2_name16":"Ainslie","total_migration_rate":23.5633,"total_migration":1144,"sa2_code16":"801051050"},"id":"natsem_social_indicators_migration_rate_sa2_2016.801051050"},{"type":"Feature","properties":{"sa2_name16":"Gungahlin - East","total_migration_rate":0.0,"total_migration":0,"sa2_code16":"801041116"},"id":"natsem_social_indicators_migration_rate_sa2_2016.801041116"},{"type":"Feature","properties":{"sa2_name16":"Gungahlin - West","total_migration_rate":0.0,"total_migration":0,"sa2_code16":"801041117"},"id":"natsem_social_indicators_migration_rate_sa2_2016.801041117"},{"type":"Feature","properties":{"sa2_name16":"Jacka","total_migration_rate":39.8792,"total_migration":264,"sa2_code16":"801041118"},"id":"natsem_social_indicators_migration_rate_sa2_2016.801041118"},{"type":"Feature","properties":{"sa2_name16":"Kenny","total_migration_rate":0.0,"total_migration":0,"sa2_code16":"801041119"},"id":"natsem_social_indicators_migration_rate_sa2_2016.801041119"},{"type":"Feature","properties":{"sa2_name16":"Braddon","total_migration_rate":36.3378,"total_migration":1790,"sa2_code16":"801051051"},"id":"natsem_social_indicators_migration_rate_sa2_2016.801051051"},{"type":"Feature","properties":{"sa2_name16":"Moncrieff","total_migration_rate":0.0,"total_migration":0,"sa2_code16":"801041120"},"id":"natsem_social_indicators_migration_rate_sa2_2016.801041120"},{"type":"Feature","properties":{"sa2_name16":"Civic","total_migration_rate":55.1529,"total_migration":2146,"sa2_code16":"801051053"},"id":"natsem_social_indicators_migration_rate_sa2_2016.801051053"},{"type":"Feature","properties":{"sa2_name16":"Taylor","total_migration_rate":0.0,"total_migration":0,"sa2_code16":"801041121"},"id":"natsem_social_indicators_migration_rate_sa2_2016.801041121"},{"type":"Feature","properties":{"sa2_name16":"Hackett","total_migration_rate":22.459,"total_migration":643,"sa2_code16":"801051056"},"id":"natsem_social_indicators_migration_rate_sa2_2016.801051056"},{"type":"Feature","properties":{"sa2_name16":"Lyneham","total_migration_rate":34.3981,"total_migration":1626,"sa2_code16":"801051057"},"id":"natsem_social_indicators_migration_rate_sa2_2016.801051057"},{"type":"Feature","properties":{"sa2_name16":"O'Connor (ACT)","total_migration_rate":25.7684,"total_migration":1333,"sa2_code16":"801051058"},"id":"natsem_social_indicators_migration_rate_sa2_2016.801051058"},{"type":"Feature","properties":{"sa2_name16":"Turner","total_migration_rate":38.4444,"total_migration":1384,"sa2_code16":"801051060"},"id":"natsem_social_indicators_migration_rate_sa2_2016.801051060"},{"type":"Feature","properties":{"sa2_name16":"Watson","total_migration_rate":28.2325,"total_migration":1559,"sa2_code16":"801051061"},"id":"natsem_social_indicators_migration_rate_sa2_2016.801051061"},{"type":"Feature","properties":{"sa2_name16":"Black Mountain","total_migration_rate":0.0,"total_migration":0,"sa2_code16":"801051123"},"id":"natsem_social_indicators_migration_rate_sa2_2016.801051123"},{"type":"Feature","properties":{"sa2_name16":"Campbell","total_migration_rate":24.3171,"total_migration":730,"sa2_code16":"801051124"},"id":"natsem_social_indicators_migration_rate_sa2_2016.801051124"},{"type":"Feature","properties":{"sa2_name16":"Barton","total_migration_rate":30.1051,"total_migration":401,"sa2_code16":"801061129"},"id":"natsem_social_indicators_migration_rate_sa2_2016.801061129"},{"type":"Feature","properties":{"sa2_name16":"Deakin","total_migration_rate":27.227,"total_migration":758,"sa2_code16":"801061062"},"id":"natsem_social_indicators_migration_rate_sa2_2016.801061062"},{"type":"Feature","properties":{"sa2_name16":"Griffith (ACT)","total_migration_rate":28.6122,"total_migration":1202,"sa2_code16":"801061064"},"id":"natsem_social_indicators_migration_rate_sa2_2016.801061064"},{"type":"Feature","properties":{"sa2_name16":"Lake Burley Griffin","total_migration_rate":0.0,"total_migration":0,"sa2_code16":"801061066"},"id":"natsem_social_indicators_migration_rate_sa2_2016.801061066"},{"type":"Feature","properties":{"sa2_name16":"Calwell","total_migration_rate":17.8082,"total_migration":975,"sa2_code16":"801071073"},"id":"natsem_social_indicators_migration_rate_sa2_2016.801071073"},{"type":"Feature","properties":{"sa2_name16":"Narrabundah","total_migration_rate":26.8573,"total_migration":1428,"sa2_code16":"801061067"},"id":"natsem_social_indicators_migration_rate_sa2_2016.801061067"},{"type":"Feature","properties":{"sa2_name16":"Parkes (ACT) - South","total_migration_rate":0.0,"total_migration":0,"sa2_code16":"801061068"},"id":"natsem_social_indicators_migration_rate_sa2_2016.801061068"},{"type":"Feature","properties":{"sa2_name16":"Red Hill (ACT)","total_migration_rate":29.1737,"total_migration":865,"sa2_code16":"801061069"},"id":"natsem_social_indicators_migration_rate_sa2_2016.801061069"},{"type":"Feature","properties":{"sa2_name16":"Yarralumla","total_migration_rate":26.6642,"total_migration":721,"sa2_code16":"801061070"},"id":"natsem_social_indicators_migration_rate_sa2_2016.801061070"},{"type":"Feature","properties":{"sa2_name16":"Gowrie (ACT)","total_migration_rate":20.2058,"total_migration":589,"sa2_code16":"801071079"},"id":"natsem_social_indicators_migration_rate_sa2_2016.801071079"},{"type":"Feature","properties":{"sa2_name16":"Fyshwick","total_migration_rate":0.0,"total_migration":0,"sa2_code16":"801061130"},"id":"natsem_social_indicators_migration_rate_sa2_2016.801061130"},{"type":"Feature","properties":{"sa2_name16":"Kingston (ACT)","total_migration_rate":26.9798,"total_migration":1097,"sa2_code16":"801061131"},"id":"natsem_social_indicators_migration_rate_sa2_2016.801061131"},{"type":"Feature","properties":{"sa2_name16":"Banks","total_migration_rate":17.3749,"total_migration":830,"sa2_code16":"801071071"},"id":"natsem_social_indicators_migration_rate_sa2_2016.801071071"},{"type":"Feature","properties":{"sa2_name16":"Bonython","total_migration_rate":25.5417,"total_migration":943,"sa2_code16":"801071072"},"id":"natsem_social_indicators_migration_rate_sa2_2016.801071072"},{"type":"Feature","properties":{"sa2_name16":"Chisholm","total_migration_rate":16.8105,"total_migration":818,"sa2_code16":"801071074"},"id":"natsem_social_indicators_migration_rate_sa2_2016.801071074"},{"type":"Feature","properties":{"sa2_name16":"Conder","total_migration_rate":18.7616,"total_migration":906,"sa2_code16":"801071075"},"id":"natsem_social_indicators_migration_rate_sa2_2016.801071075"},{"type":"Feature","properties":{"sa2_name16":"Fadden","total_migration_rate":22.9937,"total_migration":659,"sa2_code16":"801071076"},"id":"natsem_social_indicators_migration_rate_sa2_2016.801071076"},{"type":"Feature","properties":{"sa2_name16":"Gilmore","total_migration_rate":18.0945,"total_migration":471,"sa2_code16":"801071077"},"id":"natsem_social_indicators_migration_rate_sa2_2016.801071077"},{"type":"Feature","properties":{"sa2_name16":"Gordon (ACT)","total_migration_rate":20.4474,"total_migration":1490,"sa2_code16":"801071078"},"id":"natsem_social_indicators_migration_rate_sa2_2016.801071078"},{"type":"Feature","properties":{"sa2_name16":"Greenway","total_migration_rate":39.8664,"total_migration":716,"sa2_code16":"801071080"},"id":"natsem_social_indicators_migration_rate_sa2_2016.801071080"},{"type":"Feature","properties":{"sa2_name16":"Holder","total_migration_rate":22.52,"total_migration":563,"sa2_code16":"801081094"},"id":"natsem_social_indicators_migration_rate_sa2_2016.801081094"},{"type":"Feature","properties":{"sa2_name16":"Isabella Plains","total_migration_rate":21.348,"total_migration":890,"sa2_code16":"801071081"},"id":"natsem_social_indicators_migration_rate_sa2_2016.801071081"},{"type":"Feature","properties":{"sa2_name16":"Kambah","total_migration_rate":20.034,"total_migration":2832,"sa2_code16":"801071082"},"id":"natsem_social_indicators_migration_rate_sa2_2016.801071082"},{"type":"Feature","properties":{"sa2_name16":"Macarthur","total_migration_rate":17.4871,"total_migration":238,"sa2_code16":"801071083"},"id":"natsem_social_indicators_migration_rate_sa2_2016.801071083"},{"type":"Feature","properties":{"sa2_name16":"Rivett","total_migration_rate":21.2604,"total_migration":641,"sa2_code16":"801081095"},"id":"natsem_social_indicators_migration_rate_sa2_2016.801081095"},{"type":"Feature","properties":{"sa2_name16":"Monash","total_migration_rate":24.9753,"total_migration":1263,"sa2_code16":"801071084"},"id":"natsem_social_indicators_migration_rate_sa2_2016.801071084"},{"type":"Feature","properties":{"sa2_name16":"Mount Taylor","total_migration_rate":0.0,"total_migration":0,"sa2_code16":"801071085"},"id":"natsem_social_indicators_migration_rate_sa2_2016.801071085"},{"type":"Feature","properties":{"sa2_name16":"Oxley (ACT)","total_migration_rate":21.0592,"total_migration":338,"sa2_code16":"801071086"},"id":"natsem_social_indicators_migration_rate_sa2_2016.801071086"},{"type":"Feature","properties":{"sa2_name16":"Richardson","total_migration_rate":20.4609,"total_migration":586,"sa2_code16":"801071087"},"id":"natsem_social_indicators_migration_rate_sa2_2016.801071087"},{"type":"Feature","properties":{"sa2_name16":"Theodore","total_migration_rate":16.9986,"total_migration":623,"sa2_code16":"801071088"},"id":"natsem_social_indicators_migration_rate_sa2_2016.801071088"},{"type":"Feature","properties":{"sa2_name16":"Tuggeranong","total_migration_rate":0.0,"total_migration":0,"sa2_code16":"801071089"},"id":"natsem_social_indicators_migration_rate_sa2_2016.801071089"},{"type":"Feature","properties":{"sa2_name16":"Stirling","total_migration_rate":26.5387,"total_migration":539,"sa2_code16":"801081096"},"id":"natsem_social_indicators_migration_rate_sa2_2016.801081096"},{"type":"Feature","properties":{"sa2_name16":"Wanniassa","total_migration_rate":22.5833,"total_migration":1619,"sa2_code16":"801071090"},"id":"natsem_social_indicators_migration_rate_sa2_2016.801071090"},{"type":"Feature","properties":{"sa2_name16":"Waramanga","total_migration_rate":22.1547,"total_migration":547,"sa2_code16":"801081097"},"id":"natsem_social_indicators_migration_rate_sa2_2016.801081097"},{"type":"Feature","properties":{"sa2_name16":"Tuggeranong - West","total_migration_rate":0.0,"total_migration":0,"sa2_code16":"801071132"},"id":"natsem_social_indicators_migration_rate_sa2_2016.801071132"},{"type":"Feature","properties":{"sa2_name16":"Weston","total_migration_rate":24.7537,"total_migration":804,"sa2_code16":"801081098"},"id":"natsem_social_indicators_migration_rate_sa2_2016.801081098"},{"type":"Feature","properties":{"sa2_name16":"Chapman","total_migration_rate":22.0515,"total_migration":574,"sa2_code16":"801081091"},"id":"natsem_social_indicators_migration_rate_sa2_2016.801081091"},{"type":"Feature","properties":{"sa2_name16":"Duffy","total_migration_rate":18.1758,"total_migration":548,"sa2_code16":"801081092"},"id":"natsem_social_indicators_migration_rate_sa2_2016.801081092"},{"type":"Feature","properties":{"sa2_name16":"Fisher","total_migration_rate":20.3606,"total_migration":576,"sa2_code16":"801081093"},"id":"natsem_social_indicators_migration_rate_sa2_2016.801081093"},{"type":"Feature","properties":{"sa2_name16":"Curtin","total_migration_rate":24.3503,"total_migration":1218,"sa2_code16":"801091100"},"id":"natsem_social_indicators_migration_rate_sa2_2016.801091100"},{"type":"Feature","properties":{"sa2_name16":"Farrer","total_migration_rate":25.1363,"total_migration":784,"sa2_code16":"801091101"},"id":"natsem_social_indicators_migration_rate_sa2_2016.801091101"},{"type":"Feature","properties":{"sa2_name16":"Garran","total_migration_rate":35.9611,"total_migration":1145,"sa2_code16":"801091102"},"id":"natsem_social_indicators_migration_rate_sa2_2016.801091102"},{"type":"Feature","properties":{"sa2_name16":"Isaacs","total_migration_rate":38.4413,"total_migration":878,"sa2_code16":"801091104"},"id":"natsem_social_indicators_migration_rate_sa2_2016.801091104"},{"type":"Feature","properties":{"sa2_name16":"Lyons (ACT)","total_migration_rate":35.0834,"total_migration":989,"sa2_code16":"801091105"},"id":"natsem_social_indicators_migration_rate_sa2_2016.801091105"},{"type":"Feature","properties":{"sa2_name16":"Mawson","total_migration_rate":36.1084,"total_migration":1119,"sa2_code16":"801091106"},"id":"natsem_social_indicators_migration_rate_sa2_2016.801091106"},{"type":"Feature","properties":{"sa2_name16":"O'Malley","total_migration_rate":44.5534,"total_migration":409,"sa2_code16":"801091107"},"id":"natsem_social_indicators_migration_rate_sa2_2016.801091107"},{"type":"Feature","properties":{"sa2_name16":"Pearce","total_migration_rate":24.5794,"total_migration":599,"sa2_code16":"801091108"},"id":"natsem_social_indicators_migration_rate_sa2_2016.801091108"},{"type":"Feature","properties":{"sa2_name16":"Phillip","total_migration_rate":52.2239,"total_migration":1409,"sa2_code16":"801091109"},"id":"natsem_social_indicators_migration_rate_sa2_2016.801091109"},{"type":"Feature","properties":{"sa2_name16":"Arboretum","total_migration_rate":0.0,"total_migration":0,"sa2_code16":"801101134"},"id":"natsem_social_indicators_migration_rate_sa2_2016.801101134"},{"type":"Feature","properties":{"sa2_name16":"Coombs","total_migration_rate":37.4774,"total_migration":621,"sa2_code16":"801101135"},"id":"natsem_social_indicators_migration_rate_sa2_2016.801101135"},{"type":"Feature","properties":{"sa2_name16":"Denman Prospect","total_migration_rate":0.0,"total_migration":0,"sa2_code16":"801101136"},"id":"natsem_social_indicators_migration_rate_sa2_2016.801101136"},{"type":"Feature","properties":{"sa2_name16":"Molonglo","total_migration_rate":0.0,"total_migration":0,"sa2_code16":"801101137"},"id":"natsem_social_indicators_migration_rate_sa2_2016.801101137"},{"type":"Feature","properties":{"sa2_name16":"Molonglo - North","total_migration_rate":0.0,"total_migration":0,"sa2_code16":"801101138"},"id":"natsem_social_indicators_migration_rate_sa2_2016.801101138"},{"type":"Feature","properties":{"sa2_name16":"Wright","total_migration_rate":31.3286,"total_migration":797,"sa2_code16":"801101139"},"id":"natsem_social_indicators_migration_rate_sa2_2016.801101139"},{"type":"Feature","properties":{"sa2_name16":"ACT - South West","total_migration_rate":14.1762,"total_migration":74,"sa2_code16":"801111140"},"id":"natsem_social_indicators_migration_rate_sa2_2016.801111140"},{"type":"Feature","properties":{"sa2_name16":"Namadgi","total_migration_rate":0.0,"total_migration":0,"sa2_code16":"801111141"},"id":"natsem_social_indicators_migration_rate_sa2_2016.801111141"}]}