{"type":"FeatureCollection","bbox":[0.0,0.0,-1.0,-1.0],"features":[{"type":"Feature","properties":{"sa2_name16":"Seaford (SA)","total_migration_rate":25.5001,"mig_pop_total":21047,"total_migration":5367,"sa2_code16":"403041087"},"id":"natsem_social_indicators_migration_rate_sa2_2016.403041087"},{"type":"Feature","properties":{"sa2_name16":"Nairne","total_migration_rate":12.7094,"mig_pop_total":4776,"total_migration":607,"sa2_code16":"401021009"},"id":"natsem_social_indicators_migration_rate_sa2_2016.401021009"},{"type":"Feature","properties":{"sa2_name16":"Uraidla - Summertown","total_migration_rate":20.2774,"mig_pop_total":5119,"total_migration":1038,"sa2_code16":"401021010"},"id":"natsem_social_indicators_migration_rate_sa2_2016.401021010"},{"type":"Feature","properties":{"sa2_name16":"West Beach","total_migration_rate":23.5843,"mig_pop_total":4715,"total_migration":1112,"sa2_code16":"404031109"},"id":"natsem_social_indicators_migration_rate_sa2_2016.404031109"},{"type":"Feature","properties":{"sa2_name16":"Barossa - Angaston","total_migration_rate":12.2474,"mig_pop_total":5740,"total_migration":703,"sa2_code16":"405011110"},"id":"natsem_social_indicators_migration_rate_sa2_2016.405011110"},{"type":"Feature","properties":{"sa2_name16":"Light","total_migration_rate":11.6599,"mig_pop_total":8422,"total_migration":982,"sa2_code16":"405011111"},"id":"natsem_social_indicators_migration_rate_sa2_2016.405011111"},{"type":"Feature","properties":{"sa2_name16":"Lyndoch","total_migration_rate":15.0114,"mig_pop_total":5709,"total_migration":857,"sa2_code16":"405011112"},"id":"natsem_social_indicators_migration_rate_sa2_2016.405011112"},{"type":"Feature","properties":{"sa2_name16":"Mallala","total_migration_rate":12.6556,"mig_pop_total":2892,"total_migration":366,"sa2_code16":"405011113"},"id":"natsem_social_indicators_migration_rate_sa2_2016.405011113"},{"type":"Feature","properties":{"sa2_name16":"Nuriootpa","total_migration_rate":9.02811,"mig_pop_total":6225,"total_migration":562,"sa2_code16":"405011114"},"id":"natsem_social_indicators_migration_rate_sa2_2016.405011114"},{"type":"Feature","properties":{"sa2_name16":"Port Pirie Region","total_migration_rate":7.93137,"mig_pop_total":3089,"total_migration":245,"sa2_code16":"405031123"},"id":"natsem_social_indicators_migration_rate_sa2_2016.405031123"},{"type":"Feature","properties":{"sa2_name16":"Kadina","total_migration_rate":7.48357,"mig_pop_total":4717,"total_migration":353,"sa2_code16":"405041124"},"id":"natsem_social_indicators_migration_rate_sa2_2016.405041124"},{"type":"Feature","properties":{"sa2_name16":"Moonta","total_migration_rate":13.2793,"mig_pop_total":4443,"total_migration":590,"sa2_code16":"405041125"},"id":"natsem_social_indicators_migration_rate_sa2_2016.405041125"},{"type":"Feature","properties":{"sa2_name16":"Yorke Peninsula - South","total_migration_rate":12.2177,"mig_pop_total":3675,"total_migration":449,"sa2_code16":"405041128"},"id":"natsem_social_indicators_migration_rate_sa2_2016.405041128"},{"type":"Feature","properties":{"sa2_name16":"Ceduna","total_migration_rate":8.96185,"mig_pop_total":2254,"total_migration":202,"sa2_code16":"406011129"},"id":"natsem_social_indicators_migration_rate_sa2_2016.406011129"},{"type":"Feature","properties":{"sa2_name16":"Eyre Peninsula","total_migration_rate":6.43167,"mig_pop_total":5986,"total_migration":385,"sa2_code16":"406011130"},"id":"natsem_social_indicators_migration_rate_sa2_2016.406011130"},{"type":"Feature","properties":{"sa2_name16":"Kimba - Cleve - Franklin Harbour","total_migration_rate":5.07994,"mig_pop_total":3878,"total_migration":197,"sa2_code16":"406011131"},"id":"natsem_social_indicators_migration_rate_sa2_2016.406011131"},{"type":"Feature","properties":{"sa2_name16":"Le Hunte - Elliston","total_migration_rate":5.16499,"mig_pop_total":2091,"total_migration":108,"sa2_code16":"406011132"},"id":"natsem_social_indicators_migration_rate_sa2_2016.406011132"},{"type":"Feature","properties":{"sa2_name16":"Port Lincoln","total_migration_rate":8.89722,"mig_pop_total":14409,"total_migration":1282,"sa2_code16":"406011133"},"id":"natsem_social_indicators_migration_rate_sa2_2016.406011133"},{"type":"Feature","properties":{"sa2_name16":"West Coast (SA)","total_migration_rate":5.4181,"mig_pop_total":3193,"total_migration":173,"sa2_code16":"406011134"},"id":"natsem_social_indicators_migration_rate_sa2_2016.406011134"},{"type":"Feature","properties":{"sa2_name16":"Kingston - Robe","total_migration_rate":7.33864,"mig_pop_total":3393,"total_migration":249,"sa2_code16":"407021151"},"id":"natsem_social_indicators_migration_rate_sa2_2016.407021151"},{"type":"Feature","properties":{"sa2_name16":"Unley - Parkside","total_migration_rate":26.532,"mig_pop_total":19207,"total_migration":5096,"sa2_code16":"401071024"},"id":"natsem_social_indicators_migration_rate_sa2_2016.401071024"},{"type":"Feature","properties":{"sa2_name16":"Gawler - North","total_migration_rate":14.7995,"mig_pop_total":8730,"total_migration":1292,"sa2_code16":"402011025"},"id":"natsem_social_indicators_migration_rate_sa2_2016.402011025"},{"type":"Feature","properties":{"sa2_name16":"Gawler - South","total_migration_rate":19.2826,"mig_pop_total":18566,"total_migration":3580,"sa2_code16":"402011026"},"id":"natsem_social_indicators_migration_rate_sa2_2016.402011026"},{"type":"Feature","properties":{"sa2_name16":"Lewiston - Two Wells","total_migration_rate":14.9148,"mig_pop_total":5223,"total_migration":779,"sa2_code16":"402011027"},"id":"natsem_social_indicators_migration_rate_sa2_2016.402011027"},{"type":"Feature","properties":{"sa2_name16":"Millicent","total_migration_rate":9.15872,"mig_pop_total":4826,"total_migration":442,"sa2_code16":"407021152"},"id":"natsem_social_indicators_migration_rate_sa2_2016.407021152"},{"type":"Feature","properties":{"sa2_name16":"Naracoorte","total_migration_rate":17.779,"mig_pop_total":5664,"total_migration":1007,"sa2_code16":"407021154"},"id":"natsem_social_indicators_migration_rate_sa2_2016.407021154"},{"type":"Feature","properties":{"sa2_name16":"Rostrevor - Magill","total_migration_rate":37.3391,"mig_pop_total":20820,"total_migration":7774,"sa2_code16":"401041016"},"id":"natsem_social_indicators_migration_rate_sa2_2016.401041016"},{"type":"Feature","properties":{"sa2_name16":"Loxton Region","total_migration_rate":7.74152,"mig_pop_total":1563,"total_migration":121,"sa2_code16":"407031163"},"id":"natsem_social_indicators_migration_rate_sa2_2016.407031163"},{"type":"Feature","properties":{"sa2_name16":"Mannum","total_migration_rate":11.3457,"mig_pop_total":5588,"total_migration":634,"sa2_code16":"407031164"},"id":"natsem_social_indicators_migration_rate_sa2_2016.407031164"},{"type":"Feature","properties":{"sa2_name16":"Norwood (SA)","total_migration_rate":32.369,"mig_pop_total":9367,"total_migration":3032,"sa2_code16":"401051017"},"id":"natsem_social_indicators_migration_rate_sa2_2016.401051017"},{"type":"Feature","properties":{"sa2_name16":"Nailsworth - Broadview","total_migration_rate":26.4128,"mig_pop_total":5857,"total_migration":1547,"sa2_code16":"401061020"},"id":"natsem_social_indicators_migration_rate_sa2_2016.401061020"},{"type":"Feature","properties":{"sa2_name16":"Prospect","total_migration_rate":28.9769,"mig_pop_total":13704,"total_migration":3971,"sa2_code16":"401061021"},"id":"natsem_social_indicators_migration_rate_sa2_2016.401061021"},{"type":"Feature","properties":{"sa2_name16":"Mount Barker","total_migration_rate":15.647,"mig_pop_total":16361,"total_migration":2560,"sa2_code16":"401021007"},"id":"natsem_social_indicators_migration_rate_sa2_2016.401021007"},{"type":"Feature","properties":{"sa2_name16":"Mount Barker Region","total_migration_rate":13.143,"mig_pop_total":5813,"total_migration":764,"sa2_code16":"401021008"},"id":"natsem_social_indicators_migration_rate_sa2_2016.401021008"},{"type":"Feature","properties":{"sa2_name16":"Adelaide","total_migration_rate":56.9745,"mig_pop_total":13578,"total_migration":7736,"sa2_code16":"401011001"},"id":"natsem_social_indicators_migration_rate_sa2_2016.401011001"},{"type":"Feature","properties":{"sa2_name16":"North Adelaide","total_migration_rate":32.6938,"mig_pop_total":6255,"total_migration":2045,"sa2_code16":"401011002"},"id":"natsem_social_indicators_migration_rate_sa2_2016.401011002"},{"type":"Feature","properties":{"sa2_name16":"Adelaide Hills","total_migration_rate":17.3845,"mig_pop_total":6408,"total_migration":1114,"sa2_code16":"401021003"},"id":"natsem_social_indicators_migration_rate_sa2_2016.401021003"},{"type":"Feature","properties":{"sa2_name16":"Aldgate - Stirling","total_migration_rate":19.1551,"mig_pop_total":16664,"total_migration":3192,"sa2_code16":"401021004"},"id":"natsem_social_indicators_migration_rate_sa2_2016.401021004"},{"type":"Feature","properties":{"sa2_name16":"Hahndorf - Echunga","total_migration_rate":15.8635,"mig_pop_total":4192,"total_migration":665,"sa2_code16":"401021005"},"id":"natsem_social_indicators_migration_rate_sa2_2016.401021005"},{"type":"Feature","properties":{"sa2_name16":"Lobethal - Woodside","total_migration_rate":14.1477,"mig_pop_total":8489,"total_migration":1201,"sa2_code16":"401021006"},"id":"natsem_social_indicators_migration_rate_sa2_2016.401021006"},{"type":"Feature","properties":{"sa2_name16":"Burnside - Wattle Park","total_migration_rate":32.8803,"mig_pop_total":17804,"total_migration":5854,"sa2_code16":"401031011"},"id":"natsem_social_indicators_migration_rate_sa2_2016.401031011"},{"type":"Feature","properties":{"sa2_name16":"Athelstone","total_migration_rate":27.1021,"mig_pop_total":8896,"total_migration":2411,"sa2_code16":"401041014"},"id":"natsem_social_indicators_migration_rate_sa2_2016.401041014"},{"type":"Feature","properties":{"sa2_name16":"Glenside - Beaumont","total_migration_rate":32.6551,"mig_pop_total":9190,"total_migration":3001,"sa2_code16":"401031012"},"id":"natsem_social_indicators_migration_rate_sa2_2016.401031012"},{"type":"Feature","properties":{"sa2_name16":"Toorak Gardens","total_migration_rate":30.0872,"mig_pop_total":15023,"total_migration":4520,"sa2_code16":"401031013"},"id":"natsem_social_indicators_migration_rate_sa2_2016.401031013"},{"type":"Feature","properties":{"sa2_name16":"Paradise - Newton","total_migration_rate":37.1445,"mig_pop_total":18778,"total_migration":6975,"sa2_code16":"401041015"},"id":"natsem_social_indicators_migration_rate_sa2_2016.401041015"},{"type":"Feature","properties":{"sa2_name16":"Payneham - Felixstow","total_migration_rate":34.6525,"mig_pop_total":11826,"total_migration":4098,"sa2_code16":"401051018"},"id":"natsem_social_indicators_migration_rate_sa2_2016.401051018"},{"type":"Feature","properties":{"sa2_name16":"Goodwood - Millswood","total_migration_rate":25.4046,"mig_pop_total":16682,"total_migration":4238,"sa2_code16":"401071023"},"id":"natsem_social_indicators_migration_rate_sa2_2016.401071023"},{"type":"Feature","properties":{"sa2_name16":"St Peters - Marden","total_migration_rate":29.0151,"mig_pop_total":12428,"total_migration":3606,"sa2_code16":"401051019"},"id":"natsem_social_indicators_migration_rate_sa2_2016.401051019"},{"type":"Feature","properties":{"sa2_name16":"Walkerville","total_migration_rate":29.11,"mig_pop_total":7135,"total_migration":2077,"sa2_code16":"401061022"},"id":"natsem_social_indicators_migration_rate_sa2_2016.401061022"},{"type":"Feature","properties":{"sa2_name16":"Craigmore - Blakeview","total_migration_rate":20.4571,"mig_pop_total":17241,"total_migration":3527,"sa2_code16":"402021028"},"id":"natsem_social_indicators_migration_rate_sa2_2016.402021028"},{"type":"Feature","properties":{"sa2_name16":"Davoren Park","total_migration_rate":19.0453,"mig_pop_total":16193,"total_migration":3084,"sa2_code16":"402021029"},"id":"natsem_social_indicators_migration_rate_sa2_2016.402021029"},{"type":"Feature","properties":{"sa2_name16":"Parafield Gardens","total_migration_rate":38.0668,"mig_pop_total":16056,"total_migration":6112,"sa2_code16":"402041043"},"id":"natsem_social_indicators_migration_rate_sa2_2016.402041043"},{"type":"Feature","properties":{"sa2_name16":"Elizabeth","total_migration_rate":32.2311,"mig_pop_total":9224,"total_migration":2973,"sa2_code16":"402021030"},"id":"natsem_social_indicators_migration_rate_sa2_2016.402021030"},{"type":"Feature","properties":{"sa2_name16":"Elizabeth East","total_migration_rate":27.6421,"mig_pop_total":11913,"total_migration":3293,"sa2_code16":"402021031"},"id":"natsem_social_indicators_migration_rate_sa2_2016.402021031"},{"type":"Feature","properties":{"sa2_name16":"Munno Para West - Angle Vale","total_migration_rate":17.3921,"mig_pop_total":11419,"total_migration":1986,"sa2_code16":"402021032"},"id":"natsem_social_indicators_migration_rate_sa2_2016.402021032"},{"type":"Feature","properties":{"sa2_name16":"One Tree Hill","total_migration_rate":23.1462,"mig_pop_total":2333,"total_migration":540,"sa2_code16":"402021033"},"id":"natsem_social_indicators_migration_rate_sa2_2016.402021033"},{"type":"Feature","properties":{"sa2_name16":"Smithfield - Elizabeth North","total_migration_rate":22.9643,"mig_pop_total":11065,"total_migration":2541,"sa2_code16":"402021034"},"id":"natsem_social_indicators_migration_rate_sa2_2016.402021034"},{"type":"Feature","properties":{"sa2_name16":"Virginia - Waterloo Corner","total_migration_rate":33.5593,"mig_pop_total":3835,"total_migration":1287,"sa2_code16":"402021035"},"id":"natsem_social_indicators_migration_rate_sa2_2016.402021035"},{"type":"Feature","properties":{"sa2_name16":"Enfield - Blair Athol","total_migration_rate":43.4463,"mig_pop_total":21652,"total_migration":9407,"sa2_code16":"402031036"},"id":"natsem_social_indicators_migration_rate_sa2_2016.402031036"},{"type":"Feature","properties":{"sa2_name16":"Northgate - Oakden - Gilles Plains","total_migration_rate":35.6201,"mig_pop_total":23439,"total_migration":8349,"sa2_code16":"402031037"},"id":"natsem_social_indicators_migration_rate_sa2_2016.402031037"},{"type":"Feature","properties":{"sa2_name16":"Windsor Gardens","total_migration_rate":37.8641,"mig_pop_total":19327,"total_migration":7318,"sa2_code16":"402031038"},"id":"natsem_social_indicators_migration_rate_sa2_2016.402031038"},{"type":"Feature","properties":{"sa2_name16":"Morphettville","total_migration_rate":23.5733,"mig_pop_total":13948,"total_migration":3288,"sa2_code16":"403021062"},"id":"natsem_social_indicators_migration_rate_sa2_2016.403021062"},{"type":"Feature","properties":{"sa2_name16":"Dry Creek - North","total_migration_rate":0.0,"mig_pop_total":0,"total_migration":0,"sa2_code16":"402041039"},"id":"natsem_social_indicators_migration_rate_sa2_2016.402041039"},{"type":"Feature","properties":{"sa2_name16":"Ingle Farm","total_migration_rate":30.6154,"mig_pop_total":14153,"total_migration":4333,"sa2_code16":"402041040"},"id":"natsem_social_indicators_migration_rate_sa2_2016.402041040"},{"type":"Feature","properties":{"sa2_name16":"Para Hills","total_migration_rate":30.3282,"mig_pop_total":13832,"total_migration":4195,"sa2_code16":"402041041"},"id":"natsem_social_indicators_migration_rate_sa2_2016.402041041"},{"type":"Feature","properties":{"sa2_name16":"Parafield","total_migration_rate":0.0,"mig_pop_total":15,"total_migration":0,"sa2_code16":"402041042"},"id":"natsem_social_indicators_migration_rate_sa2_2016.402041042"},{"type":"Feature","properties":{"sa2_name16":"Paralowie","total_migration_rate":27.2085,"mig_pop_total":15859,"total_migration":4315,"sa2_code16":"402041044"},"id":"natsem_social_indicators_migration_rate_sa2_2016.402041044"},{"type":"Feature","properties":{"sa2_name16":"Salisbury","total_migration_rate":38.5733,"mig_pop_total":16444,"total_migration":6343,"sa2_code16":"402041046"},"id":"natsem_social_indicators_migration_rate_sa2_2016.402041046"},{"type":"Feature","properties":{"sa2_name16":"Salisbury East","total_migration_rate":27.8355,"mig_pop_total":16637,"total_migration":4631,"sa2_code16":"402041047"},"id":"natsem_social_indicators_migration_rate_sa2_2016.402041047"},{"type":"Feature","properties":{"sa2_name16":"Salisbury North","total_migration_rate":27.3655,"mig_pop_total":16064,"total_migration":4396,"sa2_code16":"402041048"},"id":"natsem_social_indicators_migration_rate_sa2_2016.402041048"},{"type":"Feature","properties":{"sa2_name16":"Mawson Lakes - Globe Derby Park","total_migration_rate":41.2292,"mig_pop_total":12707,"total_migration":5239,"sa2_code16":"402041171"},"id":"natsem_social_indicators_migration_rate_sa2_2016.402041171"},{"type":"Feature","properties":{"sa2_name16":"Pooraka - Cavan","total_migration_rate":38.151,"mig_pop_total":7258,"total_migration":2769,"sa2_code16":"402041172"},"id":"natsem_social_indicators_migration_rate_sa2_2016.402041172"},{"type":"Feature","properties":{"sa2_name16":"Golden Grove","total_migration_rate":25.7636,"mig_pop_total":9855,"total_migration":2539,"sa2_code16":"402051049"},"id":"natsem_social_indicators_migration_rate_sa2_2016.402051049"},{"type":"Feature","properties":{"sa2_name16":"Greenwith","total_migration_rate":20.5116,"mig_pop_total":8678,"total_migration":1780,"sa2_code16":"402051050"},"id":"natsem_social_indicators_migration_rate_sa2_2016.402051050"},{"type":"Feature","properties":{"sa2_name16":"Highbury - Dernancourt","total_migration_rate":25.2665,"mig_pop_total":10132,"total_migration":2560,"sa2_code16":"402051051"},"id":"natsem_social_indicators_migration_rate_sa2_2016.402051051"},{"type":"Feature","properties":{"sa2_name16":"Woodville - Cheltenham","total_migration_rate":37.2179,"mig_pop_total":16527,"total_migration":6151,"sa2_code16":"404011097"},"id":"natsem_social_indicators_migration_rate_sa2_2016.404011097"},{"type":"Feature","properties":{"sa2_name16":"Hope Valley - Modbury","total_migration_rate":30.7781,"mig_pop_total":15641,"total_migration":4814,"sa2_code16":"402051052"},"id":"natsem_social_indicators_migration_rate_sa2_2016.402051052"},{"type":"Feature","properties":{"sa2_name16":"Modbury Heights","total_migration_rate":25.1463,"mig_pop_total":18285,"total_migration":4598,"sa2_code16":"402051053"},"id":"natsem_social_indicators_migration_rate_sa2_2016.402051053"},{"type":"Feature","properties":{"sa2_name16":"Redwood Park","total_migration_rate":19.7765,"mig_pop_total":15392,"total_migration":3044,"sa2_code16":"402051054"},"id":"natsem_social_indicators_migration_rate_sa2_2016.402051054"},{"type":"Feature","properties":{"sa2_name16":"St Agnes - Ridgehaven","total_migration_rate":23.3109,"mig_pop_total":11900,"total_migration":2774,"sa2_code16":"402051055"},"id":"natsem_social_indicators_migration_rate_sa2_2016.402051055"},{"type":"Feature","properties":{"sa2_name16":"Brighton (SA)","total_migration_rate":23.0206,"mig_pop_total":13110,"total_migration":3018,"sa2_code16":"403011056"},"id":"natsem_social_indicators_migration_rate_sa2_2016.403011056"},{"type":"Feature","properties":{"sa2_name16":"Glenelg (SA)","total_migration_rate":24.2202,"mig_pop_total":18435,"total_migration":4465,"sa2_code16":"403011057"},"id":"natsem_social_indicators_migration_rate_sa2_2016.403011057"},{"type":"Feature","properties":{"sa2_name16":"Edwardstown","total_migration_rate":30.0611,"mig_pop_total":12774,"total_migration":3840,"sa2_code16":"403021058"},"id":"natsem_social_indicators_migration_rate_sa2_2016.403021058"},{"type":"Feature","properties":{"sa2_name16":"Hallett Cove","total_migration_rate":34.9389,"mig_pop_total":12021,"total_migration":4200,"sa2_code16":"403021059"},"id":"natsem_social_indicators_migration_rate_sa2_2016.403021059"},{"type":"Feature","properties":{"sa2_name16":"Marino - Seaview Downs","total_migration_rate":25.4018,"mig_pop_total":8897,"total_migration":2260,"sa2_code16":"403021060"},"id":"natsem_social_indicators_migration_rate_sa2_2016.403021060"},{"type":"Feature","properties":{"sa2_name16":"Mitchell Park","total_migration_rate":32.7223,"mig_pop_total":14348,"total_migration":4695,"sa2_code16":"403021061"},"id":"natsem_social_indicators_migration_rate_sa2_2016.403021061"},{"type":"Feature","properties":{"sa2_name16":"Sheidow Park - Trott Park","total_migration_rate":22.8209,"mig_pop_total":9763,"total_migration":2228,"sa2_code16":"403021063"},"id":"natsem_social_indicators_migration_rate_sa2_2016.403021063"},{"type":"Feature","properties":{"sa2_name16":"Warradale","total_migration_rate":29.1546,"mig_pop_total":14111,"total_migration":4114,"sa2_code16":"403021064"},"id":"natsem_social_indicators_migration_rate_sa2_2016.403021064"},{"type":"Feature","properties":{"sa2_name16":"Belair","total_migration_rate":23.3318,"mig_pop_total":4406,"total_migration":1028,"sa2_code16":"403031065"},"id":"natsem_social_indicators_migration_rate_sa2_2016.403031065"},{"type":"Feature","properties":{"sa2_name16":"Bellevue Heights","total_migration_rate":31.9712,"mig_pop_total":7072,"total_migration":2261,"sa2_code16":"403031066"},"id":"natsem_social_indicators_migration_rate_sa2_2016.403031066"},{"type":"Feature","properties":{"sa2_name16":"Blackwood","total_migration_rate":21.0162,"mig_pop_total":11572,"total_migration":2432,"sa2_code16":"403031067"},"id":"natsem_social_indicators_migration_rate_sa2_2016.403031067"},{"type":"Feature","properties":{"sa2_name16":"Colonel Light Gardens","total_migration_rate":19.6244,"mig_pop_total":15068,"total_migration":2957,"sa2_code16":"403031068"},"id":"natsem_social_indicators_migration_rate_sa2_2016.403031068"},{"type":"Feature","properties":{"sa2_name16":"Mitcham (SA)","total_migration_rate":21.9215,"mig_pop_total":15186,"total_migration":3329,"sa2_code16":"403031069"},"id":"natsem_social_indicators_migration_rate_sa2_2016.403031069"},{"type":"Feature","properties":{"sa2_name16":"Panorama","total_migration_rate":30.3925,"mig_pop_total":7617,"total_migration":2315,"sa2_code16":"403031070"},"id":"natsem_social_indicators_migration_rate_sa2_2016.403031070"},{"type":"Feature","properties":{"sa2_name16":"Aberfoyle Park","total_migration_rate":22.9354,"mig_pop_total":11358,"total_migration":2605,"sa2_code16":"403041071"},"id":"natsem_social_indicators_migration_rate_sa2_2016.403041071"},{"type":"Feature","properties":{"sa2_name16":"Fulham","total_migration_rate":23.6904,"mig_pop_total":2558,"total_migration":606,"sa2_code16":"404031105"},"id":"natsem_social_indicators_migration_rate_sa2_2016.404031105"},{"type":"Feature","properties":{"sa2_name16":"Aldinga","total_migration_rate":20.7472,"mig_pop_total":14026,"total_migration":2910,"sa2_code16":"403041072"},"id":"natsem_social_indicators_migration_rate_sa2_2016.403041072"},{"type":"Feature","properties":{"sa2_name16":"Christie Downs","total_migration_rate":22.5158,"mig_pop_total":8554,"total_migration":1926,"sa2_code16":"403041073"},"id":"natsem_social_indicators_migration_rate_sa2_2016.403041073"},{"type":"Feature","properties":{"sa2_name16":"Coromandel Valley","total_migration_rate":21.2158,"mig_pop_total":4162,"total_migration":883,"sa2_code16":"403041076"},"id":"natsem_social_indicators_migration_rate_sa2_2016.403041076"},{"type":"Feature","properties":{"sa2_name16":"Christies Beach","total_migration_rate":26.4064,"mig_pop_total":9119,"total_migration":2408,"sa2_code16":"403041074"},"id":"natsem_social_indicators_migration_rate_sa2_2016.403041074"},{"type":"Feature","properties":{"sa2_name16":"Clarendon","total_migration_rate":16.8265,"mig_pop_total":2502,"total_migration":421,"sa2_code16":"403041075"},"id":"natsem_social_indicators_migration_rate_sa2_2016.403041075"},{"type":"Feature","properties":{"sa2_name16":"Hackham West - Huntfield Heights","total_migration_rate":19.7988,"mig_pop_total":7056,"total_migration":1397,"sa2_code16":"403041079"},"id":"natsem_social_indicators_migration_rate_sa2_2016.403041079"},{"type":"Feature","properties":{"sa2_name16":"Flagstaff Hill","total_migration_rate":28.2701,"mig_pop_total":10099,"total_migration":2855,"sa2_code16":"403041077"},"id":"natsem_social_indicators_migration_rate_sa2_2016.403041077"},{"type":"Feature","properties":{"sa2_name16":"Hackham - Onkaparinga Hills","total_migration_rate":21.1323,"mig_pop_total":6076,"total_migration":1284,"sa2_code16":"403041078"},"id":"natsem_social_indicators_migration_rate_sa2_2016.403041078"},{"type":"Feature","properties":{"sa2_name16":"Happy Valley","total_migration_rate":19.9908,"mig_pop_total":13101,"total_migration":2619,"sa2_code16":"403041080"},"id":"natsem_social_indicators_migration_rate_sa2_2016.403041080"},{"type":"Feature","properties":{"sa2_name16":"Happy Valley Reservoir","total_migration_rate":0.0,"mig_pop_total":0,"total_migration":0,"sa2_code16":"403041081"},"id":"natsem_social_indicators_migration_rate_sa2_2016.403041081"},{"type":"Feature","properties":{"sa2_name16":"Reynella","total_migration_rate":20.0595,"mig_pop_total":9746,"total_migration":1955,"sa2_code16":"403041086"},"id":"natsem_social_indicators_migration_rate_sa2_2016.403041086"},{"type":"Feature","properties":{"sa2_name16":"Lonsdale","total_migration_rate":0.0,"mig_pop_total":21,"total_migration":0,"sa2_code16":"403041082"},"id":"natsem_social_indicators_migration_rate_sa2_2016.403041082"},{"type":"Feature","properties":{"sa2_name16":"McLaren Vale","total_migration_rate":23.7816,"mig_pop_total":5622,"total_migration":1337,"sa2_code16":"403041083"},"id":"natsem_social_indicators_migration_rate_sa2_2016.403041083"},{"type":"Feature","properties":{"sa2_name16":"Morphett Vale - East","total_migration_rate":21.1213,"mig_pop_total":12807,"total_migration":2705,"sa2_code16":"403041084"},"id":"natsem_social_indicators_migration_rate_sa2_2016.403041084"},{"type":"Feature","properties":{"sa2_name16":"Morphett Vale - West","total_migration_rate":21.7352,"mig_pop_total":8921,"total_migration":1939,"sa2_code16":"403041085"},"id":"natsem_social_indicators_migration_rate_sa2_2016.403041085"},{"type":"Feature","properties":{"sa2_name16":"Willunga","total_migration_rate":21.264,"mig_pop_total":3212,"total_migration":683,"sa2_code16":"403041088"},"id":"natsem_social_indicators_migration_rate_sa2_2016.403041088"},{"type":"Feature","properties":{"sa2_name16":"Woodcroft","total_migration_rate":20.8122,"mig_pop_total":11032,"total_migration":2296,"sa2_code16":"403041089"},"id":"natsem_social_indicators_migration_rate_sa2_2016.403041089"},{"type":"Feature","properties":{"sa2_name16":"Beverley","total_migration_rate":26.9031,"mig_pop_total":7330,"total_migration":1972,"sa2_code16":"404011090"},"id":"natsem_social_indicators_migration_rate_sa2_2016.404011090"},{"type":"Feature","properties":{"sa2_name16":"Flinders Park","total_migration_rate":30.0929,"mig_pop_total":13774,"total_migration":4145,"sa2_code16":"404011091"},"id":"natsem_social_indicators_migration_rate_sa2_2016.404011091"},{"type":"Feature","properties":{"sa2_name16":"Henley Beach","total_migration_rate":26.2611,"mig_pop_total":14055,"total_migration":3691,"sa2_code16":"404011092"},"id":"natsem_social_indicators_migration_rate_sa2_2016.404011092"},{"type":"Feature","properties":{"sa2_name16":"Hindmarsh - Brompton","total_migration_rate":32.0562,"mig_pop_total":16574,"total_migration":5313,"sa2_code16":"404011093"},"id":"natsem_social_indicators_migration_rate_sa2_2016.404011093"},{"type":"Feature","properties":{"sa2_name16":"Royal Park - Hendon - Albert Park","total_migration_rate":25.7306,"mig_pop_total":5441,"total_migration":1400,"sa2_code16":"404011094"},"id":"natsem_social_indicators_migration_rate_sa2_2016.404011094"},{"type":"Feature","properties":{"sa2_name16":"Seaton - Grange","total_migration_rate":27.0054,"mig_pop_total":15371,"total_migration":4151,"sa2_code16":"404011095"},"id":"natsem_social_indicators_migration_rate_sa2_2016.404011095"},{"type":"Feature","properties":{"sa2_name16":"West Lakes","total_migration_rate":23.3127,"mig_pop_total":13572,"total_migration":3164,"sa2_code16":"404011096"},"id":"natsem_social_indicators_migration_rate_sa2_2016.404011096"},{"type":"Feature","properties":{"sa2_name16":"Dry Creek - South","total_migration_rate":0.0,"mig_pop_total":0,"total_migration":0,"sa2_code16":"404021098"},"id":"natsem_social_indicators_migration_rate_sa2_2016.404021098"},{"type":"Feature","properties":{"sa2_name16":"The Parks","total_migration_rate":51.0143,"mig_pop_total":17154,"total_migration":8751,"sa2_code16":"404021102"},"id":"natsem_social_indicators_migration_rate_sa2_2016.404021102"},{"type":"Feature","properties":{"sa2_name16":"Torrens Island","total_migration_rate":0.0,"mig_pop_total":0,"total_migration":0,"sa2_code16":"404021103"},"id":"natsem_social_indicators_migration_rate_sa2_2016.404021103"},{"type":"Feature","properties":{"sa2_name16":"Largs Bay - Semaphore","total_migration_rate":19.1074,"mig_pop_total":13691,"total_migration":2616,"sa2_code16":"404021099"},"id":"natsem_social_indicators_migration_rate_sa2_2016.404021099"},{"type":"Feature","properties":{"sa2_name16":"Adelaide Airport","total_migration_rate":0.0,"mig_pop_total":0,"total_migration":0,"sa2_code16":"404031104"},"id":"natsem_social_indicators_migration_rate_sa2_2016.404031104"},{"type":"Feature","properties":{"sa2_name16":"North Haven","total_migration_rate":18.4442,"mig_pop_total":13408,"total_migration":2473,"sa2_code16":"404021100"},"id":"natsem_social_indicators_migration_rate_sa2_2016.404021100"},{"type":"Feature","properties":{"sa2_name16":"Port Adelaide","total_migration_rate":29.1112,"mig_pop_total":10058,"total_migration":2928,"sa2_code16":"404021101"},"id":"natsem_social_indicators_migration_rate_sa2_2016.404021101"},{"type":"Feature","properties":{"sa2_name16":"Lockleys","total_migration_rate":31.9243,"mig_pop_total":12160,"total_migration":3882,"sa2_code16":"404031106"},"id":"natsem_social_indicators_migration_rate_sa2_2016.404031106"},{"type":"Feature","properties":{"sa2_name16":"Plympton","total_migration_rate":33.1167,"mig_pop_total":22922,"total_migration":7591,"sa2_code16":"404031107"},"id":"natsem_social_indicators_migration_rate_sa2_2016.404031107"},{"type":"Feature","properties":{"sa2_name16":"Richmond (SA)","total_migration_rate":34.2656,"mig_pop_total":15517,"total_migration":5317,"sa2_code16":"404031108"},"id":"natsem_social_indicators_migration_rate_sa2_2016.404031108"},{"type":"Feature","properties":{"sa2_name16":"Tanunda","total_migration_rate":11.5204,"mig_pop_total":4262,"total_migration":491,"sa2_code16":"405011115"},"id":"natsem_social_indicators_migration_rate_sa2_2016.405011115"},{"type":"Feature","properties":{"sa2_name16":"Clare","total_migration_rate":8.38181,"mig_pop_total":3782,"total_migration":317,"sa2_code16":"405021116"},"id":"natsem_social_indicators_migration_rate_sa2_2016.405021116"},{"type":"Feature","properties":{"sa2_name16":"Gilbert Valley","total_migration_rate":11.9572,"mig_pop_total":4491,"total_migration":537,"sa2_code16":"405021117"},"id":"natsem_social_indicators_migration_rate_sa2_2016.405021117"},{"type":"Feature","properties":{"sa2_name16":"Goyder","total_migration_rate":10.5638,"mig_pop_total":3796,"total_migration":401,"sa2_code16":"405021118"},"id":"natsem_social_indicators_migration_rate_sa2_2016.405021118"},{"type":"Feature","properties":{"sa2_name16":"Wakefield - Barunga West","total_migration_rate":10.3661,"mig_pop_total":8740,"total_migration":906,"sa2_code16":"405021119"},"id":"natsem_social_indicators_migration_rate_sa2_2016.405021119"},{"type":"Feature","properties":{"sa2_name16":"Jamestown","total_migration_rate":7.47398,"mig_pop_total":4228,"total_migration":316,"sa2_code16":"405031120"},"id":"natsem_social_indicators_migration_rate_sa2_2016.405031120"},{"type":"Feature","properties":{"sa2_name16":"Peterborough - Mount Remarkable","total_migration_rate":9.25513,"mig_pop_total":4927,"total_migration":456,"sa2_code16":"405031121"},"id":"natsem_social_indicators_migration_rate_sa2_2016.405031121"},{"type":"Feature","properties":{"sa2_name16":"Port Pirie","total_migration_rate":8.37801,"mig_pop_total":13058,"total_migration":1094,"sa2_code16":"405031122"},"id":"natsem_social_indicators_migration_rate_sa2_2016.405031122"},{"type":"Feature","properties":{"sa2_name16":"Wallaroo","total_migration_rate":8.78009,"mig_pop_total":3656,"total_migration":321,"sa2_code16":"405041126"},"id":"natsem_social_indicators_migration_rate_sa2_2016.405041126"},{"type":"Feature","properties":{"sa2_name16":"Yorke Peninsula - North","total_migration_rate":8.87921,"mig_pop_total":6656,"total_migration":591,"sa2_code16":"405041127"},"id":"natsem_social_indicators_migration_rate_sa2_2016.405041127"},{"type":"Feature","properties":{"sa2_name16":"Western","total_migration_rate":0.0,"mig_pop_total":57,"total_migration":0,"sa2_code16":"406011135"},"id":"natsem_social_indicators_migration_rate_sa2_2016.406011135"},{"type":"Feature","properties":{"sa2_name16":"Whyalla","total_migration_rate":20.007,"mig_pop_total":20043,"total_migration":4010,"sa2_code16":"406011136"},"id":"natsem_social_indicators_migration_rate_sa2_2016.406011136"},{"type":"Feature","properties":{"sa2_name16":"Whyalla - North","total_migration_rate":0.0,"mig_pop_total":0,"total_migration":0,"sa2_code16":"406011137"},"id":"natsem_social_indicators_migration_rate_sa2_2016.406011137"},{"type":"Feature","properties":{"sa2_name16":"APY Lands","total_migration_rate":3.17609,"mig_pop_total":2141,"total_migration":68,"sa2_code16":"406021138"},"id":"natsem_social_indicators_migration_rate_sa2_2016.406021138"},{"type":"Feature","properties":{"sa2_name16":"Coober Pedy","total_migration_rate":31.3351,"mig_pop_total":1468,"total_migration":460,"sa2_code16":"406021139"},"id":"natsem_social_indicators_migration_rate_sa2_2016.406021139"},{"type":"Feature","properties":{"sa2_name16":"Quorn - Lake Gilles","total_migration_rate":8.25117,"mig_pop_total":1927,"total_migration":159,"sa2_code16":"406021140"},"id":"natsem_social_indicators_migration_rate_sa2_2016.406021140"},{"type":"Feature","properties":{"sa2_name16":"Outback","total_migration_rate":12.2155,"mig_pop_total":2153,"total_migration":263,"sa2_code16":"406021141"},"id":"natsem_social_indicators_migration_rate_sa2_2016.406021141"},{"type":"Feature","properties":{"sa2_name16":"Port Augusta","total_migration_rate":7.41678,"mig_pop_total":12256,"total_migration":909,"sa2_code16":"406021142"},"id":"natsem_social_indicators_migration_rate_sa2_2016.406021142"},{"type":"Feature","properties":{"sa2_name16":"Roxby Downs","total_migration_rate":14.639,"mig_pop_total":3518,"total_migration":515,"sa2_code16":"406021143"},"id":"natsem_social_indicators_migration_rate_sa2_2016.406021143"},{"type":"Feature","properties":{"sa2_name16":"Goolwa - Port Elliot","total_migration_rate":21.0323,"mig_pop_total":10365,"total_migration":2180,"sa2_code16":"407011144"},"id":"natsem_social_indicators_migration_rate_sa2_2016.407011144"},{"type":"Feature","properties":{"sa2_name16":"Kangaroo Island","total_migration_rate":15.0405,"mig_pop_total":4202,"total_migration":632,"sa2_code16":"407011145"},"id":"natsem_social_indicators_migration_rate_sa2_2016.407011145"},{"type":"Feature","properties":{"sa2_name16":"Strathalbyn","total_migration_rate":12.7424,"mig_pop_total":6600,"total_migration":841,"sa2_code16":"407011146"},"id":"natsem_social_indicators_migration_rate_sa2_2016.407011146"},{"type":"Feature","properties":{"sa2_name16":"Strathalbyn Region","total_migration_rate":16.1693,"mig_pop_total":6735,"total_migration":1089,"sa2_code16":"407011147"},"id":"natsem_social_indicators_migration_rate_sa2_2016.407011147"},{"type":"Feature","properties":{"sa2_name16":"Victor Harbor","total_migration_rate":20.3635,"mig_pop_total":13480,"total_migration":2745,"sa2_code16":"407011148"},"id":"natsem_social_indicators_migration_rate_sa2_2016.407011148"},{"type":"Feature","properties":{"sa2_name16":"Yankalilla","total_migration_rate":19.1041,"mig_pop_total":5313,"total_migration":1015,"sa2_code16":"407011149"},"id":"natsem_social_indicators_migration_rate_sa2_2016.407011149"},{"type":"Feature","properties":{"sa2_name16":"Grant","total_migration_rate":7.93916,"mig_pop_total":5391,"total_migration":428,"sa2_code16":"407021150"},"id":"natsem_social_indicators_migration_rate_sa2_2016.407021150"},{"type":"Feature","properties":{"sa2_name16":"Naracoorte Region","total_migration_rate":5.8216,"mig_pop_total":2130,"total_migration":124,"sa2_code16":"407021155"},"id":"natsem_social_indicators_migration_rate_sa2_2016.407021155"},{"type":"Feature","properties":{"sa2_name16":"Penola","total_migration_rate":8.87041,"mig_pop_total":2886,"total_migration":256,"sa2_code16":"407021156"},"id":"natsem_social_indicators_migration_rate_sa2_2016.407021156"},{"type":"Feature","properties":{"sa2_name16":"Tatiara","total_migration_rate":11.2373,"mig_pop_total":5989,"total_migration":673,"sa2_code16":"407021157"},"id":"natsem_social_indicators_migration_rate_sa2_2016.407021157"},{"type":"Feature","properties":{"sa2_name16":"Wattle Range","total_migration_rate":7.77667,"mig_pop_total":3009,"total_migration":234,"sa2_code16":"407021158"},"id":"natsem_social_indicators_migration_rate_sa2_2016.407021158"},{"type":"Feature","properties":{"sa2_name16":"Mount Gambier - East","total_migration_rate":10.616,"mig_pop_total":13734,"total_migration":1458,"sa2_code16":"407021173"},"id":"natsem_social_indicators_migration_rate_sa2_2016.407021173"},{"type":"Feature","properties":{"sa2_name16":"Mount Gambier - West","total_migration_rate":11.8312,"mig_pop_total":13177,"total_migration":1559,"sa2_code16":"407021174"},"id":"natsem_social_indicators_migration_rate_sa2_2016.407021174"},{"type":"Feature","properties":{"sa2_name16":"Barmera","total_migration_rate":12.2412,"mig_pop_total":6037,"total_migration":739,"sa2_code16":"407031159"},"id":"natsem_social_indicators_migration_rate_sa2_2016.407031159"},{"type":"Feature","properties":{"sa2_name16":"Berri","total_migration_rate":13.5712,"mig_pop_total":3699,"total_migration":502,"sa2_code16":"407031160"},"id":"natsem_social_indicators_migration_rate_sa2_2016.407031160"},{"type":"Feature","properties":{"sa2_name16":"Karoonda - Lameroo","total_migration_rate":10.4332,"mig_pop_total":2770,"total_migration":289,"sa2_code16":"407031161"},"id":"natsem_social_indicators_migration_rate_sa2_2016.407031161"},{"type":"Feature","properties":{"sa2_name16":"Loxton","total_migration_rate":7.32827,"mig_pop_total":5008,"total_migration":367,"sa2_code16":"407031162"},"id":"natsem_social_indicators_migration_rate_sa2_2016.407031162"},{"type":"Feature","properties":{"sa2_name16":"Murray Bridge","total_migration_rate":17.124,"mig_pop_total":16328,"total_migration":2796,"sa2_code16":"407031165"},"id":"natsem_social_indicators_migration_rate_sa2_2016.407031165"},{"type":"Feature","properties":{"sa2_name16":"Murray Bridge Region","total_migration_rate":8.95702,"mig_pop_total":3327,"total_migration":298,"sa2_code16":"407031166"},"id":"natsem_social_indicators_migration_rate_sa2_2016.407031166"},{"type":"Feature","properties":{"sa2_name16":"Renmark","total_migration_rate":17.274,"mig_pop_total":4226,"total_migration":730,"sa2_code16":"407031167"},"id":"natsem_social_indicators_migration_rate_sa2_2016.407031167"},{"type":"Feature","properties":{"sa2_name16":"Renmark Region","total_migration_rate":12.7794,"mig_pop_total":4429,"total_migration":566,"sa2_code16":"407031168"},"id":"natsem_social_indicators_migration_rate_sa2_2016.407031168"},{"type":"Feature","properties":{"sa2_name16":"The Coorong","total_migration_rate":9.2939,"mig_pop_total":4971,"total_migration":462,"sa2_code16":"407031169"},"id":"natsem_social_indicators_migration_rate_sa2_2016.407031169"},{"type":"Feature","properties":{"sa2_name16":"Waikerie","total_migration_rate":11.2887,"mig_pop_total":6068,"total_migration":685,"sa2_code16":"407031170"},"id":"natsem_social_indicators_migration_rate_sa2_2016.407031170"}]}