{"organisation":"VIC_Govt_VicRoads","name":"vicroads_traffic_count_locations_2016","title":"VicRoads - Traffic Count Locations (Point) 2016","legal":{"attribution":"{datasource.organisationTitle}, ({dataset.attributionYear}): {dataset.title}; accessed from AURIN Portal on {dateOfAccess}.","attributionYear":"2018","clickthrough":false,"copyrightNotice":"&copy; {datasource.organisationTitle} {dataset.copyrightYear}","copyrightYear":"2018","licenceType":"Creative Commons Attribution 4.0 International (CC BY 4.0)"},"referenceSystemIdentifier":"urn:x-ogc:def:crs:EPSG:4283","geoLevel":"NA","key":"ogc_fid","keyRegex":null,"availability":"true","geomField":"wkb_geometry","keyword":"Victoria,transportation,count,traffic,points,VIC,locations,network","theme":null,"temporalExtent":{"beginDate":"2016-07-26T00:00:00","endDate":"2016-07-27T00:00:00","selectTime":false},"type":"dataset","_id":"dataset-VIC_Govt_VicRoads-vicroads_traffic_count_locations_2016-NA","bbox":null,"abstract":"This data shows the location and details of traffic count locations across Victoria as of July 2016. VicRoads collects thousands of counts each year across the state. Depending on the type of equipment used, this will determine the accuracy and the type of data collected. eg. Data collected at Traffic Lights (SCATS) does not classify the data into cars and truck. Turning Movement data does not have a traffic speed component etc. Data is not collected at every location every year. Some Traffic flow movements (TFMs) have also been used for adhoc counts. A strategic counting program has been developed to ensure an even coverage of data is available both temporarily and spatially based on the value to the state.<br/><br/>\n\nFor more information please visit the <a href=\"https://vicroadsopendata-vicroadsmaps.opendata.arcgis.com/datasets/traffic-count-locations\" target=\"_blank\">VicRoads Data Portal</a>.<br/><br/>\n\nPleas note; this dataset is a snapshot and may not show real-time or current data.","selectedAttributes":[{"name":"ogc_fid","type":"Integer","title":"Unique feature Identifier","description":"Unique feature Identifier.","isDimension":false},{"name":"aadt_allve","type":"Integer","title":"Annual Average Daily Traffic - All Vehicles","description":"The annual average daily traffic volume for all vehicles (yearly volume for all vehicles divided by 365) for the last year counted.","isDimension":false},{"name":"movement_t","type":"String","title":"Movement Type","description":"Description of the type of movements at this TFM is/ is not capturing.","isDimension":false},{"name":"site_desc","type":"String","title":"Site Description","description":"Description of TFM site location.","isDimension":false}],"filter":{"filterType":"tabular","spatial":{"bbox":[140.961681984,-39.1591895275,149.976679008,-33.9806475865]},"states":["2"]}}