{"type":"FeatureCollection","bbox":[0.0,0.0,-1.0,-1.0],"features":[{"type":"Feature","properties":{"sa4_code16":"501","hl_p_homeless_tot":443,"sa4_name_2016":"Bunbury"},"id":"sa4_estimating_homelessness_2016.501"},{"type":"Feature","properties":{"sa4_code16":"502","hl_p_homeless_tot":255,"sa4_name_2016":"Mandurah"},"id":"sa4_estimating_homelessness_2016.502"},{"type":"Feature","properties":{"sa4_code16":"503","hl_p_homeless_tot":943,"sa4_name_2016":"Perth - Inner"},"id":"sa4_estimating_homelessness_2016.503"},{"type":"Feature","properties":{"sa4_code16":"504","hl_p_homeless_tot":728,"sa4_name_2016":"Perth - North East"},"id":"sa4_estimating_homelessness_2016.504"},{"type":"Feature","properties":{"sa4_code16":"505","hl_p_homeless_tot":954,"sa4_name_2016":"Perth - North West"},"id":"sa4_estimating_homelessness_2016.505"},{"type":"Feature","properties":{"sa4_code16":"506","hl_p_homeless_tot":1446,"sa4_name_2016":"Perth - South East"},"id":"sa4_estimating_homelessness_2016.506"},{"type":"Feature","properties":{"sa4_code16":"507","hl_p_homeless_tot":976,"sa4_name_2016":"Perth - South West"},"id":"sa4_estimating_homelessness_2016.507"},{"type":"Feature","properties":{"sa4_code16":"509","hl_p_homeless_tot":426,"sa4_name_2016":"Western Australia - Wheat Belt"},"id":"sa4_estimating_homelessness_2016.509"},{"type":"Feature","properties":{"sa4_code16":"510","hl_p_homeless_tot":1868,"sa4_name_2016":"Western Australia - Outback (North)"},"id":"sa4_estimating_homelessness_2016.510"},{"type":"Feature","properties":{"sa4_code16":"511","hl_p_homeless_tot":980,"sa4_name_2016":"Western Australia - Outback (South)"},"id":"sa4_estimating_homelessness_2016.511"}]}