{"organisation":"UC_NATSEM","name":"natsem:natsem_tb10_actportal_safety","title":"Australian Capital Region (ACR): Safety Indicators (2011-2013)","legal":{"attribution":"{datasource.organisationTitle}, ({dataset.attributionYear}): {dataset.title}; accessed from AURIN Portal on {dateOfAccess}.","attributionYear":"2014","clickthrough":false,"copyrightNotice":"&copy; University of Canberra - National Centre for Social and Economic Modelling {dataset.copyrightYear}","copyrightYear":"2011 - 2014","licenceType":"Creative Commons Attribution-NonCommercial 4.0 International (CC BY-NC 4.0)"},"referenceSystemIdentifier":"EPSG:4283","geoLevel":"NA","key":"area_code11","keyRegex":null,"availability":"true","geomField":"geom","keyword":"safety, risk","theme":null,"temporalExtent":{"beginDate":"2011-01-01T00:00:00","endDate":"2013-12-31T00:00:00","selectTime":false},"type":"dataset","_id":"dataset-UC_NATSEM-natsem:natsem_tb10_actportal_safety-NA","bbox":null,"abstract":"This table contains safety indicators (number of homicides and crime against property, as well as number of police working in the area) for ACT (SA3) and surrounding NSW Councils (LGA) from various sources such as NSW Bureau of Crime Statistics and Research, ACT AFP crime statistics (http://www.police.act.gov.au/crime-and-safety/crime-statistics.aspx) and 2011 ABS Census of Population and Housing, based on place of work.","selectedAttributes":[{"name":"area_code11","type":"Integer","title":"Area Code","description":"Uniqe ID for each area.","stype":"nominal","isDimension":false},{"name":"area_name11","type":"String","title":"Area Name","description":"Name of the area.","stype":"nominal","isDimension":false},{"name":"crime_prop_2011_num","type":"Integer","title":"Number of Crimes Against Property in 2011","description":"Number of crimes against property for 2011 (NSW - break and enter, motor vehicle theft, steal from motor vehicle, retail store, dwelling and person, fraud, malicious damage to property. ACT - burglary, robbery, theft, property damage).","stype":"ratio","isDimension":false},{"name":"crime_prop_2012_num","type":"Integer","title":"Number of Crimes Against Property in 2012","description":"Number of crimes against property for 2012 (NSW - break and enter, motor vehicle theft, steal from motor vehicle, retail store, dwelling and person, fraud, malicious damage to property. ACT - burglary, robbery, theft, property damage).","stype":"ratio","isDimension":false},{"name":"crime_prop_2013_num","type":"Integer","title":"Number of Crimes Against Property in 2013","description":"Number of crimes against property for 2013 (NSW - break and enter, motor vehicle theft, steal from motor vehicle, retail store, dwelling and person, fraud, malicious damage to property. ACT - burglary, robbery, theft, property damage).","stype":"ratio","isDimension":false}],"filter":{"filterType":"tabular","spatial":{"bbox":[148.762674816,-35.920762215,149.39928432,-35.1245172755]},"states":["8"]}}