{"organisation":"VIC_Govt_CSA","name":"lga_vic_crime_statistics_2012_2016","title":"LGA Number of Offences in Victoria by Offence Type 2012 - 2016","legal":{"attribution":"{datasource.organisationTitle}, ({dataset.attributionYear}): {dataset.title}; accessed from AURIN Portal on {dateOfAccess}.","attributionYear":"2016","clickthrough":false,"copyrightNotice":"&copy; {datasource.organisationTitle} {dataset.copyrightYear}","copyrightYear":"2017","licenceType":"Creative Commons Attribution 3.0 Australia (CC BY 3.0 AU)"},"referenceSystemIdentifier":"urn:x-ogc:def:crs:EPSG:4283","geoLevel":"lga2011","key":"lga_code_2011","keyRegex":null,"availability":null,"geomField":"the_geom","keyword":"stats,statistics,2012,2013,2014,2015,2016,crime,victoria,","theme":null,"temporalExtent":null,"type":"dataset","_id":null,"bbox":null,"abstract":"This dataset describes crime reported to, or detected by, Victoria Police from October 2011 to September 2016, with a focus on the 12 months from 1 October 2015 to 30 September 2016. Quarterly crime statistics produced by the CSA are based on a rolling 12 month set of statistics that collate four quarters of data. As such, three quarters from the previous reference period are carried forward into the next 12 month period, with the addition of the most recent quarter. This means that changes that may occur within one quarter will be included in four different crime statistics releases. Data was extracted from the Victoria Police Law Enforcement Assistance Program (LEAP) database on 18 October 2016. \n<br/>\nThe dataset represents all offences recorded in the Victoria Police Law Enforcement Assistance Program (LEAP) database between October 2011 and September 2016, where Victoria Police have recorded a crime prohibited by criminal law. These offences include crimes that have been reported to police as well as those identified by police.For the purposes of reporting, each specific offence belongs to a broader offence category which is used to describe and summarise each offence type. For more information: <a href=https://www.crimestatistics.vic.gov.au/about-the-data/classifications>https://www.crimestatistics.vic.gov.au/about-the-data/classifications</a>","selectedAttributes":[{"name":"lga_code_2011","type":"Integer","title":"LGA Code 2011","description":"Local Government Area (LGA) code, 2011","stype":"nominal","isDimension":false},{"name":"a20","type":"Integer","title":"A20 Assault and related offences","description":"A20 Assault and related offence count. The direct and confrontational infliction of force, injury or violence upon a person or a group of people. Includes: serious assault, assault police, emergency services or other authorised officer and common assault.","stype":"ratio","isDimension":false},{"name":"a70","type":"Integer","title":"A70 Stalking, harassment and threatening behaviour","description":"A70 Stalking, harassment and threatening behaviour offence count. Acts intended to cause physical or mental harm, or arouse apprehension or fear through a repeated course of unreasonable conduct. This includes actions that are intended to harass, threaten or invade the privacy of an individual. Includes: stalking, harassment and private nuisance, and threatening behaviour.","stype":"ratio","isDimension":false},{"name":"c_total","type":"Integer","title":"Total offence count: (C)","description":"Total offence count: (C) Drug offences.","stype":"ratio","isDimension":false},{"name":"lga_name11","type":"String","title":"LGA Name","description":"Local Government Area (LGA) name.","stype":"nominal","isDimension":false},{"name":"ref_period","type":"Integer","title":"Reference Period","description":"The reference period (October 2012 - September 2016)","stype":"ordinal","categories":[{"key":"2012","label":"2012"},{"key":"2013","label":"2013"},{"key":"2014","label":"2014"},{"key":"2015","label":"2015"},{"key":"2016","label":"2016"}],"filterValue":"Possible filter values","isDimension":false},{"name":"lga_erp","type":"Integer","title":"LGA Estimated Residential Population","description":"Local Government Area (LGA) Estimated Resident Population (ABS). Estimated resident population, for years preceding the current year, are taken from the Australian Bureau of Statistics (ABS), Regional Population Growth, Australia (cat. no. 3218.0) - as at 30 June.","stype":"ratio","isDimension":false},{"name":"feature_code","type":"java.lang.String","title":"Code of Geographic feature","stype":"Nominal","description":"","isDimension":false},{"name":"feature_name","type":"java.lang.String","title":"Name of Geographic feature","stype":"Nominal","description":"","isDimension":false},{"name":"the_geom","type":"com.vividsolutions.jts.geom.MultiPolygon","title":"Geometry","stype":"Nominal","description":"","isDimension":false}],"filter":null}