{"type":"FeatureCollection","bbox":[0.0,0.0,-1.0,-1.0],"features":[{"type":"Feature","properties":{"sa4_code16":"301","hl_p_homeless_tot":440,"sa4_name_2016":"Brisbane - East"},"id":"sa4_estimating_homelessness_2016.301"},{"type":"Feature","properties":{"sa4_code16":"302","hl_p_homeless_tot":525,"sa4_name_2016":"Brisbane - North"},"id":"sa4_estimating_homelessness_2016.302"},{"type":"Feature","properties":{"sa4_code16":"303","hl_p_homeless_tot":1524,"sa4_name_2016":"Brisbane - South"},"id":"sa4_estimating_homelessness_2016.303"},{"type":"Feature","properties":{"sa4_code16":"304","hl_p_homeless_tot":301,"sa4_name_2016":"Brisbane - West"},"id":"sa4_estimating_homelessness_2016.304"},{"type":"Feature","properties":{"sa4_code16":"305","hl_p_homeless_tot":2915,"sa4_name_2016":"Brisbane Inner City"},"id":"sa4_estimating_homelessness_2016.305"},{"type":"Feature","properties":{"sa4_code16":"306","hl_p_homeless_tot":2362,"sa4_name_2016":"Cairns"},"id":"sa4_estimating_homelessness_2016.306"},{"type":"Feature","properties":{"sa4_code16":"307","hl_p_homeless_tot":349,"sa4_name_2016":"Darling Downs - Maranoa"},"id":"sa4_estimating_homelessness_2016.307"},{"type":"Feature","properties":{"sa4_code16":"308","hl_p_homeless_tot":929,"sa4_name_2016":"Central Queensland"},"id":"sa4_estimating_homelessness_2016.308"},{"type":"Feature","properties":{"sa4_code16":"309","hl_p_homeless_tot":1723,"sa4_name_2016":"Gold Coast"},"id":"sa4_estimating_homelessness_2016.309"},{"type":"Feature","properties":{"sa4_code16":"310","hl_p_homeless_tot":1223,"sa4_name_2016":"Ipswich"},"id":"sa4_estimating_homelessness_2016.310"},{"type":"Feature","properties":{"sa4_code16":"311","hl_p_homeless_tot":1229,"sa4_name_2016":"Logan - Beaudesert"},"id":"sa4_estimating_homelessness_2016.311"},{"type":"Feature","properties":{"sa4_code16":"312","hl_p_homeless_tot":695,"sa4_name_2016":"Mackay - Isaac - Whitsunday"},"id":"sa4_estimating_homelessness_2016.312"},{"type":"Feature","properties":{"sa4_code16":"313","hl_p_homeless_tot":894,"sa4_name_2016":"Moreton Bay - North"},"id":"sa4_estimating_homelessness_2016.313"},{"type":"Feature","properties":{"sa4_code16":"314","hl_p_homeless_tot":285,"sa4_name_2016":"Moreton Bay - South"},"id":"sa4_estimating_homelessness_2016.314"},{"type":"Feature","properties":{"sa4_code16":"315","hl_p_homeless_tot":1892,"sa4_name_2016":"Queensland - Outback"},"id":"sa4_estimating_homelessness_2016.315"},{"type":"Feature","properties":{"sa4_code16":"316","hl_p_homeless_tot":894,"sa4_name_2016":"Sunshine Coast"},"id":"sa4_estimating_homelessness_2016.316"},{"type":"Feature","properties":{"sa4_code16":"317","hl_p_homeless_tot":531,"sa4_name_2016":"Toowoomba"},"id":"sa4_estimating_homelessness_2016.317"},{"type":"Feature","properties":{"sa4_code16":"318","hl_p_homeless_tot":1483,"sa4_name_2016":"Townsville"},"id":"sa4_estimating_homelessness_2016.318"},{"type":"Feature","properties":{"sa4_code16":"319","hl_p_homeless_tot":1522,"sa4_name_2016":"Wide Bay"},"id":"sa4_estimating_homelessness_2016.319"}]}