{"type":"FeatureCollection","bbox":[0.0,0.0,-1.0,-1.0],"features":[{"type":"Feature","properties":{"tot_tpw_tot":288,"tot_tot_tot":9436,"tot_othsvs_tot":331,"tot_hc_sa_tot":1691,"tot_const_tot":628,"tot_idns_tot":395,"sa4_name16":"Capital Region","tot_prosts_tot":470,"tot_rett_tot":890,"tot_wst_tot":132,"tot_adsup_tot":286,"tot_finins_tot":88,"sa4_code16":"101","tot_rhre_tot":127,"tot_acfd_tot":1319,"tot_artsr_tot":222,"tot_edtrn_tot":582,"tot_imt_tot":60,"tot_pubas_tot":669},"id":"sa4_w08e_ind_emp_by_year_arr_aust_by_prof_spkn_eng_census_2016.fid-33f230a3_16aa47c2374_-7dcc"},{"type":"Feature","properties":{"tot_tpw_tot":467,"tot_tot_tot":16764,"tot_othsvs_tot":712,"tot_hc_sa_tot":4152,"tot_const_tot":1064,"tot_idns_tot":776,"sa4_name16":"Central Coast","tot_prosts_tot":940,"tot_rett_tot":1649,"tot_wst_tot":328,"tot_adsup_tot":607,"tot_finins_tot":332,"sa4_code16":"102","tot_rhre_tot":244,"tot_acfd_tot":1688,"tot_artsr_tot":215,"tot_edtrn_tot":1033,"tot_imt_tot":220,"tot_pubas_tot":704},"id":"sa4_w08e_ind_emp_by_year_arr_aust_by_prof_spkn_eng_census_2016.fid-33f230a3_16aa47c2374_-7dcb"},{"type":"Feature","properties":{"tot_tpw_tot":191,"tot_tot_tot":7347,"tot_othsvs_tot":224,"tot_hc_sa_tot":1517,"tot_const_tot":324,"tot_idns_tot":281,"sa4_name16":"Central West","tot_prosts_tot":313,"tot_rett_tot":610,"tot_wst_tot":123,"tot_adsup_tot":235,"tot_finins_tot":85,"sa4_code16":"103","tot_rhre_tot":49,"tot_acfd_tot":812,"tot_artsr_tot":57,"tot_edtrn_tot":600,"tot_imt_tot":57,"tot_pubas_tot":438},"id":"sa4_w08e_ind_emp_by_year_arr_aust_by_prof_spkn_eng_census_2016.fid-33f230a3_16aa47c2374_-7dca"},{"type":"Feature","properties":{"tot_tpw_tot":180,"tot_tot_tot":6312,"tot_othsvs_tot":196,"tot_hc_sa_tot":1411,"tot_const_tot":361,"tot_idns_tot":269,"sa4_name16":"Coffs Harbour - Grafton","tot_prosts_tot":304,"tot_rett_tot":485,"tot_wst_tot":85,"tot_adsup_tot":166,"tot_finins_tot":52,"sa4_code16":"104","tot_rhre_tot":84,"tot_acfd_tot":665,"tot_artsr_tot":67,"tot_edtrn_tot":437,"tot_imt_tot":42,"tot_pubas_tot":283},"id":"sa4_w08e_ind_emp_by_year_arr_aust_by_prof_spkn_eng_census_2016.fid-33f230a3_16aa47c2374_-7dc9"},{"type":"Feature","properties":{"tot_tpw_tot":70,"tot_tot_tot":3699,"tot_othsvs_tot":114,"tot_hc_sa_tot":874,"tot_const_tot":96,"tot_idns_tot":124,"sa4_name16":"Far West and Orana","tot_prosts_tot":127,"tot_rett_tot":379,"tot_wst_tot":51,"tot_adsup_tot":74,"tot_finins_tot":32,"sa4_code16":"105","tot_rhre_tot":20,"tot_acfd_tot":488,"tot_artsr_tot":34,"tot_edtrn_tot":250,"tot_imt_tot":19,"tot_pubas_tot":204},"id":"sa4_w08e_ind_emp_by_year_arr_aust_by_prof_spkn_eng_census_2016.fid-33f230a3_16aa47c2374_-7dc8"},{"type":"Feature","properties":{"tot_tpw_tot":313,"tot_tot_tot":10001,"tot_othsvs_tot":394,"tot_hc_sa_tot":1466,"tot_const_tot":637,"tot_idns_tot":377,"sa4_name16":"Hunter Valley exc Newcastle","tot_prosts_tot":481,"tot_rett_tot":810,"tot_wst_tot":155,"tot_adsup_tot":326,"tot_finins_tot":87,"sa4_code16":"106","tot_rhre_tot":119,"tot_acfd_tot":1083,"tot_artsr_tot":106,"tot_edtrn_tot":529,"tot_imt_tot":58,"tot_pubas_tot":839},"id":"sa4_w08e_ind_emp_by_year_arr_aust_by_prof_spkn_eng_census_2016.fid-33f230a3_16aa47c2374_-7dc7"},{"type":"Feature","properties":{"tot_tpw_tot":748,"tot_tot_tot":19198,"tot_othsvs_tot":744,"tot_hc_sa_tot":4102,"tot_const_tot":1184,"tot_idns_tot":767,"sa4_name16":"Illawarra","tot_prosts_tot":1057,"tot_rett_tot":1694,"tot_wst_tot":330,"tot_adsup_tot":808,"tot_finins_tot":545,"sa4_code16":"107","tot_rhre_tot":255,"tot_acfd_tot":1770,"tot_artsr_tot":192,"tot_edtrn_tot":2313,"tot_imt_tot":159,"tot_pubas_tot":903},"id":"sa4_w08e_ind_emp_by_year_arr_aust_by_prof_spkn_eng_census_2016.fid-33f230a3_16aa47c2374_-7dc6"},{"type":"Feature","properties":{"tot_tpw_tot":173,"tot_tot_tot":7207,"tot_othsvs_tot":233,"tot_hc_sa_tot":1935,"tot_const_tot":505,"tot_idns_tot":269,"sa4_name16":"Mid North Coast","tot_prosts_tot":363,"tot_rett_tot":669,"tot_wst_tot":109,"tot_adsup_tot":266,"tot_finins_tot":103,"sa4_code16":"108","tot_rhre_tot":86,"tot_acfd_tot":768,"tot_artsr_tot":60,"tot_edtrn_tot":575,"tot_imt_tot":49,"tot_pubas_tot":286},"id":"sa4_w08e_ind_emp_by_year_arr_aust_by_prof_spkn_eng_census_2016.fid-33f230a3_16aa47c2374_-7dc5"},{"type":"Feature","properties":{"tot_tpw_tot":157,"tot_tot_tot":4712,"tot_othsvs_tot":182,"tot_hc_sa_tot":949,"tot_const_tot":176,"tot_idns_tot":195,"sa4_name16":"Murray","tot_prosts_tot":141,"tot_rett_tot":352,"tot_wst_tot":87,"tot_adsup_tot":143,"tot_finins_tot":47,"sa4_code16":"109","tot_rhre_tot":28,"tot_acfd_tot":599,"tot_artsr_tot":57,"tot_edtrn_tot":340,"tot_imt_tot":23,"tot_pubas_tot":231},"id":"sa4_w08e_ind_emp_by_year_arr_aust_by_prof_spkn_eng_census_2016.fid-33f230a3_16aa47c2374_-7dc4"},{"type":"Feature","properties":{"tot_tpw_tot":155,"tot_tot_tot":6521,"tot_othsvs_tot":162,"tot_hc_sa_tot":1219,"tot_const_tot":197,"tot_idns_tot":247,"sa4_name16":"New England and North West","tot_prosts_tot":284,"tot_rett_tot":495,"tot_wst_tot":214,"tot_adsup_tot":157,"tot_finins_tot":68,"sa4_code16":"110","tot_rhre_tot":40,"tot_acfd_tot":579,"tot_artsr_tot":34,"tot_edtrn_tot":739,"tot_imt_tot":37,"tot_pubas_tot":275},"id":"sa4_w08e_ind_emp_by_year_arr_aust_by_prof_spkn_eng_census_2016.fid-33f230a3_16aa47c2374_-7dc3"},{"type":"Feature","properties":{"tot_tpw_tot":672,"tot_tot_tot":18676,"tot_othsvs_tot":683,"tot_hc_sa_tot":4704,"tot_const_tot":1090,"tot_idns_tot":706,"sa4_name16":"Newcastle and Lake Macquarie","tot_prosts_tot":1279,"tot_rett_tot":1434,"tot_wst_tot":337,"tot_adsup_tot":598,"tot_finins_tot":536,"sa4_code16":"111","tot_rhre_tot":187,"tot_acfd_tot":1742,"tot_artsr_tot":198,"tot_edtrn_tot":1853,"tot_imt_tot":166,"tot_pubas_tot":761},"id":"sa4_w08e_ind_emp_by_year_arr_aust_by_prof_spkn_eng_census_2016.fid-33f230a3_16aa47c2374_-7dc2"},{"type":"Feature","properties":{"tot_tpw_tot":330,"tot_tot_tot":12541,"tot_othsvs_tot":427,"tot_hc_sa_tot":2772,"tot_const_tot":683,"tot_idns_tot":597,"sa4_name16":"Richmond - Tweed","tot_prosts_tot":741,"tot_rett_tot":1213,"tot_wst_tot":197,"tot_adsup_tot":479,"tot_finins_tot":174,"sa4_code16":"112","tot_rhre_tot":192,"tot_acfd_tot":1556,"tot_artsr_tot":191,"tot_edtrn_tot":1122,"tot_imt_tot":130,"tot_pubas_tot":442},"id":"sa4_w08e_ind_emp_by_year_arr_aust_by_prof_spkn_eng_census_2016.fid-33f230a3_16aa47c2374_-7dc1"},{"type":"Feature","properties":{"tot_tpw_tot":207,"tot_tot_tot":7938,"tot_othsvs_tot":157,"tot_hc_sa_tot":1489,"tot_const_tot":198,"tot_idns_tot":376,"sa4_name16":"Riverina","tot_prosts_tot":200,"tot_rett_tot":485,"tot_wst_tot":112,"tot_adsup_tot":229,"tot_finins_tot":52,"sa4_code16":"113","tot_rhre_tot":38,"tot_acfd_tot":590,"tot_artsr_tot":28,"tot_edtrn_tot":514,"tot_imt_tot":27,"tot_pubas_tot":523},"id":"sa4_w08e_ind_emp_by_year_arr_aust_by_prof_spkn_eng_census_2016.fid-33f230a3_16aa47c2374_-7dc0"},{"type":"Feature","properties":{"tot_tpw_tot":193,"tot_tot_tot":7299,"tot_othsvs_tot":220,"tot_hc_sa_tot":1608,"tot_const_tot":456,"tot_idns_tot":318,"sa4_name16":"Southern Highlands and Shoalhaven","tot_prosts_tot":430,"tot_rett_tot":720,"tot_wst_tot":114,"tot_adsup_tot":269,"tot_finins_tot":108,"sa4_code16":"114","tot_rhre_tot":112,"tot_acfd_tot":886,"tot_artsr_tot":107,"tot_edtrn_tot":517,"tot_imt_tot":78,"tot_pubas_tot":468},"id":"sa4_w08e_ind_emp_by_year_arr_aust_by_prof_spkn_eng_census_2016.fid-33f230a3_16aa47c2374_-7dbf"},{"type":"Feature","properties":{"tot_tpw_tot":645,"tot_tot_tot":29012,"tot_othsvs_tot":999,"tot_hc_sa_tot":4520,"tot_const_tot":2735,"tot_idns_tot":1628,"sa4_name16":"Sydney - Baulkham Hills and Hawkesbury","tot_prosts_tot":3313,"tot_rett_tot":4299,"tot_wst_tot":1075,"tot_adsup_tot":834,"tot_finins_tot":1015,"sa4_code16":"115","tot_rhre_tot":505,"tot_acfd_tot":1800,"tot_artsr_tot":226,"tot_edtrn_tot":1701,"tot_imt_tot":386,"tot_pubas_tot":431},"id":"sa4_w08e_ind_emp_by_year_arr_aust_by_prof_spkn_eng_census_2016.fid-33f230a3_16aa47c2374_-7dbe"},{"type":"Feature","properties":{"tot_tpw_tot":5268,"tot_tot_tot":43207,"tot_othsvs_tot":1498,"tot_hc_sa_tot":5805,"tot_const_tot":3043,"tot_idns_tot":3163,"sa4_name16":"Sydney - Blacktown","tot_prosts_tot":1583,"tot_rett_tot":4765,"tot_wst_tot":2991,"tot_adsup_tot":1481,"tot_finins_tot":568,"sa4_code16":"116","tot_rhre_tot":431,"tot_acfd_tot":2054,"tot_artsr_tot":217,"tot_edtrn_tot":2443,"tot_imt_tot":382,"tot_pubas_tot":1355},"id":"sa4_w08e_ind_emp_by_year_arr_aust_by_prof_spkn_eng_census_2016.fid-33f230a3_16aa47c2374_-7dbd"},{"type":"Feature","properties":{"tot_tpw_tot":16665,"tot_tot_tot":277809,"tot_othsvs_tot":6424,"tot_hc_sa_tot":14815,"tot_const_tot":9512,"tot_idns_tot":13217,"sa4_name16":"Sydney - City and Inner South","tot_prosts_tot":47080,"tot_rett_tot":17428,"tot_wst_tot":6480,"tot_adsup_tot":14306,"tot_finins_tot":43836,"sa4_code16":"117","tot_rhre_tot":6098,"tot_acfd_tot":28008,"tot_artsr_tot":4681,"tot_edtrn_tot":14245,"tot_imt_tot":11572,"tot_pubas_tot":13328},"id":"sa4_w08e_ind_emp_by_year_arr_aust_by_prof_spkn_eng_census_2016.fid-33f230a3_16aa47c2374_-7dbc"},{"type":"Feature","properties":{"tot_tpw_tot":708,"tot_tot_tot":42909,"tot_othsvs_tot":1818,"tot_hc_sa_tot":8601,"tot_const_tot":2338,"tot_idns_tot":2015,"sa4_name16":"Sydney - Eastern Suburbs","tot_prosts_tot":3310,"tot_rett_tot":4305,"tot_wst_tot":502,"tot_adsup_tot":1695,"tot_finins_tot":913,"sa4_code16":"118","tot_rhre_tot":788,"tot_acfd_tot":5409,"tot_artsr_tot":985,"tot_edtrn_tot":6341,"tot_imt_tot":681,"tot_pubas_tot":1761},"id":"sa4_w08e_ind_emp_by_year_arr_aust_by_prof_spkn_eng_census_2016.fid-33f230a3_16aa47c2374_-7dbb"},{"type":"Feature","properties":{"tot_tpw_tot":5567,"tot_tot_tot":70278,"tot_othsvs_tot":2885,"tot_hc_sa_tot":12902,"tot_const_tot":5763,"tot_idns_tot":5165,"sa4_name16":"Sydney - Inner South West","tot_prosts_tot":3475,"tot_rett_tot":6928,"tot_wst_tot":2594,"tot_adsup_tot":2617,"tot_finins_tot":2141,"sa4_code16":"119","tot_rhre_tot":1037,"tot_acfd_tot":4884,"tot_artsr_tot":401,"tot_edtrn_tot":3592,"tot_imt_tot":539,"tot_pubas_tot":1868},"id":"sa4_w08e_ind_emp_by_year_arr_aust_by_prof_spkn_eng_census_2016.fid-33f230a3_16aa47c2374_-7dba"},{"type":"Feature","properties":{"tot_tpw_tot":3211,"tot_tot_tot":51304,"tot_othsvs_tot":1960,"tot_hc_sa_tot":8565,"tot_const_tot":3522,"tot_idns_tot":3012,"sa4_name16":"Sydney - Inner West","tot_prosts_tot":4170,"tot_rett_tot":5652,"tot_wst_tot":2234,"tot_adsup_tot":1887,"tot_finins_tot":3168,"sa4_code16":"120","tot_rhre_tot":1099,"tot_acfd_tot":4471,"tot_artsr_tot":357,"tot_edtrn_tot":2676,"tot_imt_tot":744,"tot_pubas_tot":2021},"id":"sa4_w08e_ind_emp_by_year_arr_aust_by_prof_spkn_eng_census_2016.fid-33f230a3_16aa47c2374_-7db9"},{"type":"Feature","properties":{"tot_tpw_tot":2265,"tot_tot_tot":98129,"tot_othsvs_tot":3248,"tot_hc_sa_tot":14645,"tot_const_tot":5371,"tot_idns_tot":5044,"sa4_name16":"Sydney - North Sydney and Hornsby","tot_prosts_tot":18660,"tot_rett_tot":7781,"tot_wst_tot":3774,"tot_adsup_tot":3683,"tot_finins_tot":5878,"sa4_code16":"121","tot_rhre_tot":2001,"tot_acfd_tot":6900,"tot_artsr_tot":1087,"tot_edtrn_tot":5332,"tot_imt_tot":5195,"tot_pubas_tot":2598},"id":"sa4_w08e_ind_emp_by_year_arr_aust_by_prof_spkn_eng_census_2016.fid-33f230a3_16aa47c2374_-7db8"},{"type":"Feature","properties":{"tot_tpw_tot":828,"tot_tot_tot":32873,"tot_othsvs_tot":1387,"tot_hc_sa_tot":5030,"tot_const_tot":2320,"tot_idns_tot":1983,"sa4_name16":"Sydney - Northern Beaches","tot_prosts_tot":3350,"tot_rett_tot":4111,"tot_wst_tot":1844,"tot_adsup_tot":1135,"tot_finins_tot":646,"sa4_code16":"122","tot_rhre_tot":489,"tot_acfd_tot":3211,"tot_artsr_tot":407,"tot_edtrn_tot":2162,"tot_imt_tot":561,"tot_pubas_tot":749},"id":"sa4_w08e_ind_emp_by_year_arr_aust_by_prof_spkn_eng_census_2016.fid-33f230a3_16aa47c2374_-7db7"},{"type":"Feature","properties":{"tot_tpw_tot":1415,"tot_tot_tot":21797,"tot_othsvs_tot":795,"tot_hc_sa_tot":3601,"tot_const_tot":1746,"tot_idns_tot":1630,"sa4_name16":"Sydney - Outer South West","tot_prosts_tot":694,"tot_rett_tot":2065,"tot_wst_tot":716,"tot_adsup_tot":682,"tot_finins_tot":299,"sa4_code16":"123","tot_rhre_tot":264,"tot_acfd_tot":1268,"tot_artsr_tot":110,"tot_edtrn_tot":1530,"tot_imt_tot":138,"tot_pubas_tot":689},"id":"sa4_w08e_ind_emp_by_year_arr_aust_by_prof_spkn_eng_census_2016.fid-33f230a3_16aa47c2374_-7db6"},{"type":"Feature","properties":{"tot_tpw_tot":1649,"tot_tot_tot":25539,"tot_othsvs_tot":784,"tot_hc_sa_tot":4897,"tot_const_tot":1619,"tot_idns_tot":1487,"sa4_name16":"Sydney - Outer West and Blue Mountains","tot_prosts_tot":961,"tot_rett_tot":2490,"tot_wst_tot":609,"tot_adsup_tot":709,"tot_finins_tot":349,"sa4_code16":"124","tot_rhre_tot":329,"tot_acfd_tot":2004,"tot_artsr_tot":275,"tot_edtrn_tot":2126,"tot_imt_tot":216,"tot_pubas_tot":1663},"id":"sa4_w08e_ind_emp_by_year_arr_aust_by_prof_spkn_eng_census_2016.fid-33f230a3_16aa47c2374_-7db5"},{"type":"Feature","properties":{"tot_tpw_tot":6974,"tot_tot_tot":108783,"tot_othsvs_tot":3643,"tot_hc_sa_tot":15130,"tot_const_tot":7461,"tot_idns_tot":7979,"sa4_name16":"Sydney - Parramatta","tot_prosts_tot":6120,"tot_rett_tot":8632,"tot_wst_tot":6437,"tot_adsup_tot":3722,"tot_finins_tot":6913,"sa4_code16":"125","tot_rhre_tot":1333,"tot_acfd_tot":5154,"tot_artsr_tot":804,"tot_edtrn_tot":4676,"tot_imt_tot":1085,"tot_pubas_tot":7864},"id":"sa4_w08e_ind_emp_by_year_arr_aust_by_prof_spkn_eng_census_2016.fid-33f230a3_16aa47c2374_-7db4"},{"type":"Feature","properties":{"tot_tpw_tot":888,"tot_tot_tot":49373,"tot_othsvs_tot":1363,"tot_hc_sa_tot":6871,"tot_const_tot":2577,"tot_idns_tot":2488,"sa4_name16":"Sydney - Ryde","tot_prosts_tot":6354,"tot_rett_tot":3700,"tot_wst_tot":5733,"tot_adsup_tot":1644,"tot_finins_tot":944,"sa4_code16":"126","tot_rhre_tot":667,"tot_acfd_tot":2725,"tot_artsr_tot":232,"tot_edtrn_tot":3814,"tot_imt_tot":4437,"tot_pubas_tot":1232},"id":"sa4_w08e_ind_emp_by_year_arr_aust_by_prof_spkn_eng_census_2016.fid-33f230a3_16aa47c2374_-7db3"},{"type":"Feature","properties":{"tot_tpw_tot":3612,"tot_tot_tot":56344,"tot_othsvs_tot":2101,"tot_hc_sa_tot":9204,"tot_const_tot":4356,"tot_idns_tot":4551,"sa4_name16":"Sydney - South West","tot_prosts_tot":1923,"tot_rett_tot":5708,"tot_wst_tot":2706,"tot_adsup_tot":2056,"tot_finins_tot":788,"sa4_code16":"127","tot_rhre_tot":693,"tot_acfd_tot":3189,"tot_artsr_tot":312,"tot_edtrn_tot":3471,"tot_imt_tot":418,"tot_pubas_tot":2388},"id":"sa4_w08e_ind_emp_by_year_arr_aust_by_prof_spkn_eng_census_2016.fid-33f230a3_16aa47c2374_-7db2"},{"type":"Feature","properties":{"tot_tpw_tot":476,"tot_tot_tot":16759,"tot_othsvs_tot":704,"tot_hc_sa_tot":3450,"tot_const_tot":1270,"tot_idns_tot":991,"sa4_name16":"Sydney - Sutherland","tot_prosts_tot":1347,"tot_rett_tot":2248,"tot_wst_tot":548,"tot_adsup_tot":627,"tot_finins_tot":321,"sa4_code16":"128","tot_rhre_tot":206,"tot_acfd_tot":1701,"tot_artsr_tot":168,"tot_edtrn_tot":792,"tot_imt_tot":115,"tot_pubas_tot":412},"id":"sa4_w08e_ind_emp_by_year_arr_aust_by_prof_spkn_eng_census_2016.fid-33f230a3_16aa47c2374_-7db1"}]}