{"type":"FeatureCollection","bbox":[0.0,0.0,-1.0,-1.0],"features":[{"type":"Feature","properties":{"tot_tpw_tot":1860,"tot_tot_tot":24207,"tot_othsvs_tot":902,"tot_hc_sa_tot":3432,"tot_const_tot":1916,"tot_idns_tot":1341,"sa4_name16":"Brisbane - East","tot_prosts_tot":1259,"tot_rett_tot":2071,"tot_wst_tot":1087,"tot_adsup_tot":1012,"tot_finins_tot":367,"sa4_code16":"301","tot_rhre_tot":483,"tot_acfd_tot":1572,"tot_artsr_tot":203,"tot_edtrn_tot":1321,"tot_imt_tot":272,"tot_pubas_tot":677},"id":"sa4_w08e_ind_emp_by_year_arr_aust_by_prof_spkn_eng_census_2016.fid-33f230a3_16aa47c2374_-48fa"},{"type":"Feature","properties":{"tot_tpw_tot":4817,"tot_tot_tot":32892,"tot_othsvs_tot":1213,"tot_hc_sa_tot":4923,"tot_const_tot":2187,"tot_idns_tot":1562,"sa4_name16":"Brisbane - North","tot_prosts_tot":1360,"tot_rett_tot":2927,"tot_wst_tot":1500,"tot_adsup_tot":1212,"tot_finins_tot":408,"sa4_code16":"302","tot_rhre_tot":551,"tot_acfd_tot":2327,"tot_artsr_tot":244,"tot_edtrn_tot":1308,"tot_imt_tot":311,"tot_pubas_tot":1465},"id":"sa4_w08e_ind_emp_by_year_arr_aust_by_prof_spkn_eng_census_2016.fid-33f230a3_16aa47c2374_-48f9"},{"type":"Feature","properties":{"tot_tpw_tot":4601,"tot_tot_tot":56277,"tot_othsvs_tot":2594,"tot_hc_sa_tot":10385,"tot_const_tot":3179,"tot_idns_tot":3123,"sa4_name16":"Brisbane - South","tot_prosts_tot":3416,"tot_rett_tot":5400,"tot_wst_tot":2527,"tot_adsup_tot":2027,"tot_finins_tot":1241,"sa4_code16":"303","tot_rhre_tot":1288,"tot_acfd_tot":3918,"tot_artsr_tot":483,"tot_edtrn_tot":4619,"tot_imt_tot":603,"tot_pubas_tot":1565},"id":"sa4_w08e_ind_emp_by_year_arr_aust_by_prof_spkn_eng_census_2016.fid-33f230a3_16aa47c2374_-48f8"},{"type":"Feature","properties":{"tot_tpw_tot":391,"tot_tot_tot":18180,"tot_othsvs_tot":787,"tot_hc_sa_tot":2772,"tot_const_tot":697,"tot_idns_tot":734,"sa4_name16":"Brisbane - West","tot_prosts_tot":1453,"tot_rett_tot":1822,"tot_wst_tot":241,"tot_adsup_tot":607,"tot_finins_tot":287,"sa4_code16":"304","tot_rhre_tot":325,"tot_acfd_tot":1591,"tot_artsr_tot":215,"tot_edtrn_tot":4659,"tot_imt_tot":197,"tot_pubas_tot":882},"id":"sa4_w08e_ind_emp_by_year_arr_aust_by_prof_spkn_eng_census_2016.fid-33f230a3_16aa47c2374_-48f7"},{"type":"Feature","properties":{"tot_tpw_tot":3809,"tot_tot_tot":99270,"tot_othsvs_tot":2596,"tot_hc_sa_tot":13110,"tot_const_tot":4397,"tot_idns_tot":3547,"sa4_name16":"Brisbane Inner City","tot_prosts_tot":15768,"tot_rett_tot":4360,"tot_wst_tot":1551,"tot_adsup_tot":5008,"tot_finins_tot":6802,"sa4_code16":"305","tot_rhre_tot":2173,"tot_acfd_tot":10137,"tot_artsr_tot":1796,"tot_edtrn_tot":6544,"tot_imt_tot":2321,"tot_pubas_tot":8729},"id":"sa4_w08e_ind_emp_by_year_arr_aust_by_prof_spkn_eng_census_2016.fid-33f230a3_16aa47c2374_-48f6"},{"type":"Feature","properties":{"tot_tpw_tot":1508,"tot_tot_tot":24291,"tot_othsvs_tot":912,"tot_hc_sa_tot":4151,"tot_const_tot":947,"tot_idns_tot":962,"sa4_name16":"Cairns","tot_prosts_tot":938,"tot_rett_tot":2191,"tot_wst_tot":418,"tot_adsup_tot":1282,"tot_finins_tot":274,"sa4_code16":"306","tot_rhre_tot":445,"tot_acfd_tot":3971,"tot_artsr_tot":474,"tot_edtrn_tot":1812,"tot_imt_tot":160,"tot_pubas_tot":1207},"id":"sa4_w08e_ind_emp_by_year_arr_aust_by_prof_spkn_eng_census_2016.fid-33f230a3_16aa47c2374_-48f5"},{"type":"Feature","properties":{"tot_tpw_tot":182,"tot_tot_tot":6306,"tot_othsvs_tot":169,"tot_hc_sa_tot":697,"tot_const_tot":457,"tot_idns_tot":262,"sa4_name16":"Darling Downs - Maranoa","tot_prosts_tot":185,"tot_rett_tot":420,"tot_wst_tot":176,"tot_adsup_tot":183,"tot_finins_tot":40,"sa4_code16":"307","tot_rhre_tot":50,"tot_acfd_tot":574,"tot_artsr_tot":30,"tot_edtrn_tot":349,"tot_imt_tot":23,"tot_pubas_tot":313},"id":"sa4_w08e_ind_emp_by_year_arr_aust_by_prof_spkn_eng_census_2016.fid-33f230a3_16aa47c2374_-48f4"},{"type":"Feature","properties":{"tot_tpw_tot":641,"tot_tot_tot":14101,"tot_othsvs_tot":462,"tot_hc_sa_tot":2112,"tot_const_tot":886,"tot_idns_tot":538,"sa4_name16":"Central Queensland","tot_prosts_tot":716,"tot_rett_tot":1002,"tot_wst_tot":314,"tot_adsup_tot":467,"tot_finins_tot":122,"sa4_code16":"308","tot_rhre_tot":195,"tot_acfd_tot":1310,"tot_artsr_tot":88,"tot_edtrn_tot":1078,"tot_imt_tot":67,"tot_pubas_tot":589},"id":"sa4_w08e_ind_emp_by_year_arr_aust_by_prof_spkn_eng_census_2016.fid-33f230a3_16aa47c2374_-48f3"},{"type":"Feature","properties":{"tot_tpw_tot":2878,"tot_tot_tot":78625,"tot_othsvs_tot":3195,"tot_hc_sa_tot":11251,"tot_const_tot":6114,"tot_idns_tot":4288,"sa4_name16":"Gold Coast","tot_prosts_tot":4748,"tot_rett_tot":7630,"tot_wst_tot":1868,"tot_adsup_tot":3974,"tot_finins_tot":1810,"sa4_code16":"309","tot_rhre_tot":2623,"tot_acfd_tot":10407,"tot_artsr_tot":2369,"tot_edtrn_tot":5834,"tot_imt_tot":1062,"tot_pubas_tot":2277},"id":"sa4_w08e_ind_emp_by_year_arr_aust_by_prof_spkn_eng_census_2016.fid-33f230a3_16aa47c2374_-48f2"},{"type":"Feature","properties":{"tot_tpw_tot":1579,"tot_tot_tot":29031,"tot_othsvs_tot":1073,"tot_hc_sa_tot":4076,"tot_const_tot":1735,"tot_idns_tot":1780,"sa4_name16":"Ipswich","tot_prosts_tot":1003,"tot_rett_tot":2426,"tot_wst_tot":1236,"tot_adsup_tot":850,"tot_finins_tot":386,"sa4_code16":"310","tot_rhre_tot":419,"tot_acfd_tot":1456,"tot_artsr_tot":146,"tot_edtrn_tot":1959,"tot_imt_tot":131,"tot_pubas_tot":1881},"id":"sa4_w08e_ind_emp_by_year_arr_aust_by_prof_spkn_eng_census_2016.fid-33f230a3_16aa47c2374_-48f1"},{"type":"Feature","properties":{"tot_tpw_tot":1525,"tot_tot_tot":29594,"tot_othsvs_tot":1220,"tot_hc_sa_tot":5275,"tot_const_tot":2538,"tot_idns_tot":1866,"sa4_name16":"Logan - Beaudesert","tot_prosts_tot":1242,"tot_rett_tot":3319,"tot_wst_tot":1236,"tot_adsup_tot":1266,"tot_finins_tot":429,"sa4_code16":"311","tot_rhre_tot":667,"tot_acfd_tot":1913,"tot_artsr_tot":248,"tot_edtrn_tot":2312,"tot_imt_tot":210,"tot_pubas_tot":1028},"id":"sa4_w08e_ind_emp_by_year_arr_aust_by_prof_spkn_eng_census_2016.fid-33f230a3_16aa47c2374_-48f0"},{"type":"Feature","properties":{"tot_tpw_tot":714,"tot_tot_tot":12968,"tot_othsvs_tot":527,"tot_hc_sa_tot":1710,"tot_const_tot":563,"tot_idns_tot":513,"sa4_name16":"Mackay - Isaac - Whitsunday","tot_prosts_tot":394,"tot_rett_tot":924,"tot_wst_tot":301,"tot_adsup_tot":547,"tot_finins_tot":104,"sa4_code16":"312","tot_rhre_tot":181,"tot_acfd_tot":1912,"tot_artsr_tot":97,"tot_edtrn_tot":658,"tot_imt_tot":52,"tot_pubas_tot":422},"id":"sa4_w08e_ind_emp_by_year_arr_aust_by_prof_spkn_eng_census_2016.fid-33f230a3_16aa47c2374_-48ef"},{"type":"Feature","properties":{"tot_tpw_tot":471,"tot_tot_tot":15237,"tot_othsvs_tot":576,"tot_hc_sa_tot":3448,"tot_const_tot":1071,"tot_idns_tot":810,"sa4_name16":"Moreton Bay - North","tot_prosts_tot":531,"tot_rett_tot":1395,"tot_wst_tot":279,"tot_adsup_tot":549,"tot_finins_tot":212,"sa4_code16":"313","tot_rhre_tot":276,"tot_acfd_tot":1123,"tot_artsr_tot":139,"tot_edtrn_tot":1225,"tot_imt_tot":75,"tot_pubas_tot":512},"id":"sa4_w08e_ind_emp_by_year_arr_aust_by_prof_spkn_eng_census_2016.fid-33f230a3_16aa47c2374_-48ee"},{"type":"Feature","properties":{"tot_tpw_tot":431,"tot_tot_tot":12495,"tot_othsvs_tot":660,"tot_hc_sa_tot":1766,"tot_const_tot":1196,"tot_idns_tot":732,"sa4_name16":"Moreton Bay - South","tot_prosts_tot":816,"tot_rett_tot":1789,"tot_wst_tot":368,"tot_adsup_tot":402,"tot_finins_tot":316,"sa4_code16":"314","tot_rhre_tot":234,"tot_acfd_tot":1088,"tot_artsr_tot":168,"tot_edtrn_tot":1021,"tot_imt_tot":118,"tot_pubas_tot":348},"id":"sa4_w08e_ind_emp_by_year_arr_aust_by_prof_spkn_eng_census_2016.fid-33f230a3_16aa47c2374_-48ed"},{"type":"Feature","properties":{"tot_tpw_tot":190,"tot_tot_tot":5251,"tot_othsvs_tot":113,"tot_hc_sa_tot":725,"tot_const_tot":250,"tot_idns_tot":174,"sa4_name16":"Queensland - Outback","tot_prosts_tot":103,"tot_rett_tot":355,"tot_wst_tot":95,"tot_adsup_tot":160,"tot_finins_tot":30,"sa4_code16":"315","tot_rhre_tot":44,"tot_acfd_tot":521,"tot_artsr_tot":34,"tot_edtrn_tot":386,"tot_imt_tot":17,"tot_pubas_tot":457},"id":"sa4_w08e_ind_emp_by_year_arr_aust_by_prof_spkn_eng_census_2016.fid-33f230a3_16aa47c2374_-48ec"},{"type":"Feature","properties":{"tot_tpw_tot":868,"tot_tot_tot":30167,"tot_othsvs_tot":1351,"tot_hc_sa_tot":5938,"tot_const_tot":2148,"tot_idns_tot":1402,"sa4_name16":"Sunshine Coast","tot_prosts_tot":1918,"tot_rett_tot":3015,"tot_wst_tot":604,"tot_adsup_tot":1168,"tot_finins_tot":814,"sa4_code16":"316","tot_rhre_tot":787,"tot_acfd_tot":3659,"tot_artsr_tot":559,"tot_edtrn_tot":2391,"tot_imt_tot":291,"tot_pubas_tot":874},"id":"sa4_w08e_ind_emp_by_year_arr_aust_by_prof_spkn_eng_census_2016.fid-33f230a3_16aa47c2374_-48eb"},{"type":"Feature","properties":{"tot_tpw_tot":298,"tot_tot_tot":9203,"tot_othsvs_tot":352,"tot_hc_sa_tot":2031,"tot_const_tot":427,"tot_idns_tot":345,"sa4_name16":"Toowoomba","tot_prosts_tot":414,"tot_rett_tot":745,"tot_wst_tot":208,"tot_adsup_tot":302,"tot_finins_tot":197,"sa4_code16":"317","tot_rhre_tot":84,"tot_acfd_tot":681,"tot_artsr_tot":61,"tot_edtrn_tot":1145,"tot_imt_tot":38,"tot_pubas_tot":431},"id":"sa4_w08e_ind_emp_by_year_arr_aust_by_prof_spkn_eng_census_2016.fid-33f230a3_16aa47c2374_-48ea"},{"type":"Feature","properties":{"tot_tpw_tot":711,"tot_tot_tot":15138,"tot_othsvs_tot":544,"tot_hc_sa_tot":3410,"tot_const_tot":760,"tot_idns_tot":575,"sa4_name16":"Townsville","tot_prosts_tot":634,"tot_rett_tot":1038,"tot_wst_tot":262,"tot_adsup_tot":520,"tot_finins_tot":172,"sa4_code16":"318","tot_rhre_tot":193,"tot_acfd_tot":1515,"tot_artsr_tot":168,"tot_edtrn_tot":1620,"tot_imt_tot":166,"tot_pubas_tot":1422},"id":"sa4_w08e_ind_emp_by_year_arr_aust_by_prof_spkn_eng_census_2016.fid-33f230a3_16aa47c2374_-48e9"},{"type":"Feature","properties":{"tot_tpw_tot":366,"tot_tot_tot":12081,"tot_othsvs_tot":411,"tot_hc_sa_tot":2967,"tot_const_tot":505,"tot_idns_tot":530,"sa4_name16":"Wide Bay","tot_prosts_tot":382,"tot_rett_tot":1086,"tot_wst_tot":200,"tot_adsup_tot":374,"tot_finins_tot":114,"sa4_code16":"319","tot_rhre_tot":173,"tot_acfd_tot":1029,"tot_artsr_tot":85,"tot_edtrn_tot":1015,"tot_imt_tot":85,"tot_pubas_tot":548},"id":"sa4_w08e_ind_emp_by_year_arr_aust_by_prof_spkn_eng_census_2016.fid-33f230a3_16aa47c2374_-48e8"}]}