{"type":"FeatureCollection","bbox":[0.0,0.0,-1.0,-1.0],"features":[{"type":"Feature","properties":{"sa2_name16":"Dickson","unemployment_rate":4.80132,"sa2_code16":"801051054"},"id":"natsem_social_indicators_unemployment_sa2_2016.801051054"},{"type":"Feature","properties":{"sa2_name16":"Downer","unemployment_rate":5.43536,"sa2_code16":"801051055"},"id":"natsem_social_indicators_unemployment_sa2_2016.801051055"},{"type":"Feature","properties":{"sa2_name16":"Scrivener","unemployment_rate":0.0,"sa2_code16":"801081133"},"id":"natsem_social_indicators_unemployment_sa2_2016.801081133"},{"type":"Feature","properties":{"sa2_name16":"Chifley","unemployment_rate":4.98418,"sa2_code16":"801091099"},"id":"natsem_social_indicators_unemployment_sa2_2016.801091099"},{"type":"Feature","properties":{"sa2_name16":"Higgins","unemployment_rate":4.00802,"sa2_code16":"801011014"},"id":"natsem_social_indicators_unemployment_sa2_2016.801011014"},{"type":"Feature","properties":{"sa2_name16":"Holt","unemployment_rate":5.19722,"sa2_code16":"801011015"},"id":"natsem_social_indicators_unemployment_sa2_2016.801011015"},{"type":"Feature","properties":{"sa2_name16":"Macquarie","unemployment_rate":4.40395,"sa2_code16":"801011020"},"id":"natsem_social_indicators_unemployment_sa2_2016.801011020"},{"type":"Feature","properties":{"sa2_name16":"Scullin","unemployment_rate":5.6922,"sa2_code16":"801011024"},"id":"natsem_social_indicators_unemployment_sa2_2016.801011024"},{"type":"Feature","properties":{"sa2_name16":"Weetangera","unemployment_rate":3.83333,"sa2_code16":"801011026"},"id":"natsem_social_indicators_unemployment_sa2_2016.801011026"},{"type":"Feature","properties":{"sa2_name16":"Molonglo Corridor","unemployment_rate":0.0,"sa2_code16":"801011111"},"id":"natsem_social_indicators_unemployment_sa2_2016.801011111"},{"type":"Feature","properties":{"sa2_name16":"West Belconnen","unemployment_rate":0.0,"sa2_code16":"801011112"},"id":"natsem_social_indicators_unemployment_sa2_2016.801011112"},{"type":"Feature","properties":{"sa2_name16":"Hume","unemployment_rate":0.0,"sa2_code16":"801031031"},"id":"natsem_social_indicators_unemployment_sa2_2016.801031031"},{"type":"Feature","properties":{"sa2_name16":"Kowen","unemployment_rate":0.0,"sa2_code16":"801031032"},"id":"natsem_social_indicators_unemployment_sa2_2016.801031032"},{"type":"Feature","properties":{"sa2_name16":"Canberra Airport","unemployment_rate":0.0,"sa2_code16":"801031114"},"id":"natsem_social_indicators_unemployment_sa2_2016.801031114"},{"type":"Feature","properties":{"sa2_name16":"Majura","unemployment_rate":0.0,"sa2_code16":"801031115"},"id":"natsem_social_indicators_unemployment_sa2_2016.801031115"},{"type":"Feature","properties":{"sa2_name16":"Amaroo","unemployment_rate":4.02706,"sa2_code16":"801041034"},"id":"natsem_social_indicators_unemployment_sa2_2016.801041034"},{"type":"Feature","properties":{"sa2_name16":"Hughes","unemployment_rate":3.95437,"sa2_code16":"801091103"},"id":"natsem_social_indicators_unemployment_sa2_2016.801091103"},{"type":"Feature","properties":{"sa2_name16":"Torrens","unemployment_rate":4.66139,"sa2_code16":"801091110"},"id":"natsem_social_indicators_unemployment_sa2_2016.801091110"},{"type":"Feature","properties":{"sa2_name16":"Aranda","unemployment_rate":3.73333,"sa2_code16":"801011001"},"id":"natsem_social_indicators_unemployment_sa2_2016.801011001"},{"type":"Feature","properties":{"sa2_name16":"Belconnen","unemployment_rate":7.8125,"sa2_code16":"801011002"},"id":"natsem_social_indicators_unemployment_sa2_2016.801011002"},{"type":"Feature","properties":{"sa2_name16":"Bruce","unemployment_rate":6.0229,"sa2_code16":"801011003"},"id":"natsem_social_indicators_unemployment_sa2_2016.801011003"},{"type":"Feature","properties":{"sa2_name16":"Charnwood","unemployment_rate":5.93047,"sa2_code16":"801011004"},"id":"natsem_social_indicators_unemployment_sa2_2016.801011004"},{"type":"Feature","properties":{"sa2_name16":"Cook","unemployment_rate":4.30416,"sa2_code16":"801011005"},"id":"natsem_social_indicators_unemployment_sa2_2016.801011005"},{"type":"Feature","properties":{"sa2_name16":"Dunlop","unemployment_rate":3.80296,"sa2_code16":"801011006"},"id":"natsem_social_indicators_unemployment_sa2_2016.801011006"},{"type":"Feature","properties":{"sa2_name16":"Florey","unemployment_rate":5.23039,"sa2_code16":"801011008"},"id":"natsem_social_indicators_unemployment_sa2_2016.801011008"},{"type":"Feature","properties":{"sa2_name16":"Evatt","unemployment_rate":3.90855,"sa2_code16":"801011007"},"id":"natsem_social_indicators_unemployment_sa2_2016.801011007"},{"type":"Feature","properties":{"sa2_name16":"Hawker","unemployment_rate":5.22496,"sa2_code16":"801011013"},"id":"natsem_social_indicators_unemployment_sa2_2016.801011013"},{"type":"Feature","properties":{"sa2_name16":"Flynn (ACT)","unemployment_rate":4.12679,"sa2_code16":"801011009"},"id":"natsem_social_indicators_unemployment_sa2_2016.801011009"},{"type":"Feature","properties":{"sa2_name16":"Fraser","unemployment_rate":4.26396,"sa2_code16":"801011010"},"id":"natsem_social_indicators_unemployment_sa2_2016.801011010"},{"type":"Feature","properties":{"sa2_name16":"Giralang","unemployment_rate":5.22876,"sa2_code16":"801011011"},"id":"natsem_social_indicators_unemployment_sa2_2016.801011011"},{"type":"Feature","properties":{"sa2_name16":"Gooromon","unemployment_rate":0.0,"sa2_code16":"801011012"},"id":"natsem_social_indicators_unemployment_sa2_2016.801011012"},{"type":"Feature","properties":{"sa2_name16":"Kaleen","unemployment_rate":5.69948,"sa2_code16":"801011016"},"id":"natsem_social_indicators_unemployment_sa2_2016.801011016"},{"type":"Feature","properties":{"sa2_name16":"Latham","unemployment_rate":4.21918,"sa2_code16":"801011017"},"id":"natsem_social_indicators_unemployment_sa2_2016.801011017"},{"type":"Feature","properties":{"sa2_name16":"Lawson","unemployment_rate":0.0,"sa2_code16":"801011018"},"id":"natsem_social_indicators_unemployment_sa2_2016.801011018"},{"type":"Feature","properties":{"sa2_name16":"Macgregor (ACT)","unemployment_rate":4.05513,"sa2_code16":"801011019"},"id":"natsem_social_indicators_unemployment_sa2_2016.801011019"},{"type":"Feature","properties":{"sa2_name16":"McKellar","unemployment_rate":4.84454,"sa2_code16":"801011021"},"id":"natsem_social_indicators_unemployment_sa2_2016.801011021"},{"type":"Feature","properties":{"sa2_name16":"Forde","unemployment_rate":4.18936,"sa2_code16":"801041038"},"id":"natsem_social_indicators_unemployment_sa2_2016.801041038"},{"type":"Feature","properties":{"sa2_name16":"Melba","unemployment_rate":3.93375,"sa2_code16":"801011022"},"id":"natsem_social_indicators_unemployment_sa2_2016.801011022"},{"type":"Feature","properties":{"sa2_name16":"Page","unemployment_rate":5.19084,"sa2_code16":"801011023"},"id":"natsem_social_indicators_unemployment_sa2_2016.801011023"},{"type":"Feature","properties":{"sa2_name16":"Spence","unemployment_rate":5.56439,"sa2_code16":"801011025"},"id":"natsem_social_indicators_unemployment_sa2_2016.801011025"},{"type":"Feature","properties":{"sa2_name16":"Canberra East","unemployment_rate":12.3779,"sa2_code16":"801031113"},"id":"natsem_social_indicators_unemployment_sa2_2016.801031113"},{"type":"Feature","properties":{"sa2_name16":"Bonner","unemployment_rate":4.27494,"sa2_code16":"801041035"},"id":"natsem_social_indicators_unemployment_sa2_2016.801041035"},{"type":"Feature","properties":{"sa2_name16":"Casey","unemployment_rate":3.29385,"sa2_code16":"801041036"},"id":"natsem_social_indicators_unemployment_sa2_2016.801041036"},{"type":"Feature","properties":{"sa2_name16":"Crace","unemployment_rate":3.11432,"sa2_code16":"801041037"},"id":"natsem_social_indicators_unemployment_sa2_2016.801041037"},{"type":"Feature","properties":{"sa2_name16":"Franklin","unemployment_rate":4.82086,"sa2_code16":"801041039"},"id":"natsem_social_indicators_unemployment_sa2_2016.801041039"},{"type":"Feature","properties":{"sa2_name16":"Gungahlin","unemployment_rate":6.38665,"sa2_code16":"801041040"},"id":"natsem_social_indicators_unemployment_sa2_2016.801041040"},{"type":"Feature","properties":{"sa2_name16":"Hall","unemployment_rate":0.0,"sa2_code16":"801041043"},"id":"natsem_social_indicators_unemployment_sa2_2016.801041043"},{"type":"Feature","properties":{"sa2_name16":"Harrison","unemployment_rate":4.47559,"sa2_code16":"801041044"},"id":"natsem_social_indicators_unemployment_sa2_2016.801041044"},{"type":"Feature","properties":{"sa2_name16":"Mitchell","unemployment_rate":0.0,"sa2_code16":"801041045"},"id":"natsem_social_indicators_unemployment_sa2_2016.801041045"},{"type":"Feature","properties":{"sa2_name16":"Ngunnawal","unemployment_rate":4.03695,"sa2_code16":"801041046"},"id":"natsem_social_indicators_unemployment_sa2_2016.801041046"},{"type":"Feature","properties":{"sa2_name16":"Throsby","unemployment_rate":0.0,"sa2_code16":"801041122"},"id":"natsem_social_indicators_unemployment_sa2_2016.801041122"},{"type":"Feature","properties":{"sa2_name16":"Acton","unemployment_rate":28.7344,"sa2_code16":"801051049"},"id":"natsem_social_indicators_unemployment_sa2_2016.801051049"},{"type":"Feature","properties":{"sa2_name16":"Nicholls","unemployment_rate":4.10172,"sa2_code16":"801041047"},"id":"natsem_social_indicators_unemployment_sa2_2016.801041047"},{"type":"Feature","properties":{"sa2_name16":"Palmerston","unemployment_rate":4.91858,"sa2_code16":"801041048"},"id":"natsem_social_indicators_unemployment_sa2_2016.801041048"},{"type":"Feature","properties":{"sa2_name16":"Ainslie","unemployment_rate":3.98551,"sa2_code16":"801051050"},"id":"natsem_social_indicators_unemployment_sa2_2016.801051050"},{"type":"Feature","properties":{"sa2_name16":"Gungahlin - East","unemployment_rate":0.0,"sa2_code16":"801041116"},"id":"natsem_social_indicators_unemployment_sa2_2016.801041116"},{"type":"Feature","properties":{"sa2_name16":"Gungahlin - West","unemployment_rate":0.0,"sa2_code16":"801041117"},"id":"natsem_social_indicators_unemployment_sa2_2016.801041117"},{"type":"Feature","properties":{"sa2_name16":"Jacka","unemployment_rate":5.09091,"sa2_code16":"801041118"},"id":"natsem_social_indicators_unemployment_sa2_2016.801041118"},{"type":"Feature","properties":{"sa2_name16":"Kenny","unemployment_rate":0.0,"sa2_code16":"801041119"},"id":"natsem_social_indicators_unemployment_sa2_2016.801041119"},{"type":"Feature","properties":{"sa2_name16":"Braddon","unemployment_rate":6.31754,"sa2_code16":"801051051"},"id":"natsem_social_indicators_unemployment_sa2_2016.801051051"},{"type":"Feature","properties":{"sa2_name16":"Moncrieff","unemployment_rate":0.0,"sa2_code16":"801041120"},"id":"natsem_social_indicators_unemployment_sa2_2016.801041120"},{"type":"Feature","properties":{"sa2_name16":"Civic","unemployment_rate":12.7708,"sa2_code16":"801051053"},"id":"natsem_social_indicators_unemployment_sa2_2016.801051053"},{"type":"Feature","properties":{"sa2_name16":"Taylor","unemployment_rate":0.0,"sa2_code16":"801041121"},"id":"natsem_social_indicators_unemployment_sa2_2016.801041121"},{"type":"Feature","properties":{"sa2_name16":"Hackett","unemployment_rate":4.63531,"sa2_code16":"801051056"},"id":"natsem_social_indicators_unemployment_sa2_2016.801051056"},{"type":"Feature","properties":{"sa2_name16":"Lyneham","unemployment_rate":5.35324,"sa2_code16":"801051057"},"id":"natsem_social_indicators_unemployment_sa2_2016.801051057"},{"type":"Feature","properties":{"sa2_name16":"O'Connor (ACT)","unemployment_rate":4.94245,"sa2_code16":"801051058"},"id":"natsem_social_indicators_unemployment_sa2_2016.801051058"},{"type":"Feature","properties":{"sa2_name16":"Turner","unemployment_rate":5.51181,"sa2_code16":"801051060"},"id":"natsem_social_indicators_unemployment_sa2_2016.801051060"},{"type":"Feature","properties":{"sa2_name16":"Watson","unemployment_rate":4.59492,"sa2_code16":"801051061"},"id":"natsem_social_indicators_unemployment_sa2_2016.801051061"},{"type":"Feature","properties":{"sa2_name16":"Black Mountain","unemployment_rate":0.0,"sa2_code16":"801051123"},"id":"natsem_social_indicators_unemployment_sa2_2016.801051123"},{"type":"Feature","properties":{"sa2_name16":"Campbell","unemployment_rate":5.06884,"sa2_code16":"801051124"},"id":"natsem_social_indicators_unemployment_sa2_2016.801051124"},{"type":"Feature","properties":{"sa2_name16":"Duntroon","unemployment_rate":0.352609,"sa2_code16":"801051125"},"id":"natsem_social_indicators_unemployment_sa2_2016.801051125"},{"type":"Feature","properties":{"sa2_name16":"Parkes (ACT) - North","unemployment_rate":0.0,"sa2_code16":"801051126"},"id":"natsem_social_indicators_unemployment_sa2_2016.801051126"},{"type":"Feature","properties":{"sa2_name16":"Reid","unemployment_rate":8.39329,"sa2_code16":"801051127"},"id":"natsem_social_indicators_unemployment_sa2_2016.801051127"},{"type":"Feature","properties":{"sa2_name16":"Russell","unemployment_rate":0.0,"sa2_code16":"801051128"},"id":"natsem_social_indicators_unemployment_sa2_2016.801051128"},{"type":"Feature","properties":{"sa2_name16":"Barton","unemployment_rate":2.46253,"sa2_code16":"801061129"},"id":"natsem_social_indicators_unemployment_sa2_2016.801061129"},{"type":"Feature","properties":{"sa2_name16":"Deakin","unemployment_rate":3.85827,"sa2_code16":"801061062"},"id":"natsem_social_indicators_unemployment_sa2_2016.801061062"},{"type":"Feature","properties":{"sa2_name16":"Forrest","unemployment_rate":2.81863,"sa2_code16":"801061063"},"id":"natsem_social_indicators_unemployment_sa2_2016.801061063"},{"type":"Feature","properties":{"sa2_name16":"Griffith (ACT)","unemployment_rate":4.13123,"sa2_code16":"801061064"},"id":"natsem_social_indicators_unemployment_sa2_2016.801061064"},{"type":"Feature","properties":{"sa2_name16":"Lake Burley Griffin","unemployment_rate":0.0,"sa2_code16":"801061066"},"id":"natsem_social_indicators_unemployment_sa2_2016.801061066"},{"type":"Feature","properties":{"sa2_name16":"Calwell","unemployment_rate":3.8817,"sa2_code16":"801071073"},"id":"natsem_social_indicators_unemployment_sa2_2016.801071073"},{"type":"Feature","properties":{"sa2_name16":"Narrabundah","unemployment_rate":5.91922,"sa2_code16":"801061067"},"id":"natsem_social_indicators_unemployment_sa2_2016.801061067"},{"type":"Feature","properties":{"sa2_name16":"Parkes (ACT) - South","unemployment_rate":0.0,"sa2_code16":"801061068"},"id":"natsem_social_indicators_unemployment_sa2_2016.801061068"},{"type":"Feature","properties":{"sa2_name16":"Red Hill (ACT)","unemployment_rate":6.03747,"sa2_code16":"801061069"},"id":"natsem_social_indicators_unemployment_sa2_2016.801061069"},{"type":"Feature","properties":{"sa2_name16":"Yarralumla","unemployment_rate":4.69484,"sa2_code16":"801061070"},"id":"natsem_social_indicators_unemployment_sa2_2016.801061070"},{"type":"Feature","properties":{"sa2_name16":"Gowrie (ACT)","unemployment_rate":3.99485,"sa2_code16":"801071079"},"id":"natsem_social_indicators_unemployment_sa2_2016.801071079"},{"type":"Feature","properties":{"sa2_name16":"Fyshwick","unemployment_rate":0.0,"sa2_code16":"801061130"},"id":"natsem_social_indicators_unemployment_sa2_2016.801061130"},{"type":"Feature","properties":{"sa2_name16":"Kingston (ACT)","unemployment_rate":2.34633,"sa2_code16":"801061131"},"id":"natsem_social_indicators_unemployment_sa2_2016.801061131"},{"type":"Feature","properties":{"sa2_name16":"Banks","unemployment_rate":3.91877,"sa2_code16":"801071071"},"id":"natsem_social_indicators_unemployment_sa2_2016.801071071"},{"type":"Feature","properties":{"sa2_name16":"Bonython","unemployment_rate":4.67757,"sa2_code16":"801071072"},"id":"natsem_social_indicators_unemployment_sa2_2016.801071072"},{"type":"Feature","properties":{"sa2_name16":"Chisholm","unemployment_rate":3.54736,"sa2_code16":"801071074"},"id":"natsem_social_indicators_unemployment_sa2_2016.801071074"},{"type":"Feature","properties":{"sa2_name16":"Conder","unemployment_rate":3.95381,"sa2_code16":"801071075"},"id":"natsem_social_indicators_unemployment_sa2_2016.801071075"},{"type":"Feature","properties":{"sa2_name16":"Fadden","unemployment_rate":2.83912,"sa2_code16":"801071076"},"id":"natsem_social_indicators_unemployment_sa2_2016.801071076"},{"type":"Feature","properties":{"sa2_name16":"Gilmore","unemployment_rate":3.78378,"sa2_code16":"801071077"},"id":"natsem_social_indicators_unemployment_sa2_2016.801071077"},{"type":"Feature","properties":{"sa2_name16":"Gordon (ACT)","unemployment_rate":4.54441,"sa2_code16":"801071078"},"id":"natsem_social_indicators_unemployment_sa2_2016.801071078"},{"type":"Feature","properties":{"sa2_name16":"Greenway","unemployment_rate":5.33842,"sa2_code16":"801071080"},"id":"natsem_social_indicators_unemployment_sa2_2016.801071080"},{"type":"Feature","properties":{"sa2_name16":"Holder","unemployment_rate":4.02208,"sa2_code16":"801081094"},"id":"natsem_social_indicators_unemployment_sa2_2016.801081094"},{"type":"Feature","properties":{"sa2_name16":"Isabella Plains","unemployment_rate":4.95263,"sa2_code16":"801071081"},"id":"natsem_social_indicators_unemployment_sa2_2016.801071081"},{"type":"Feature","properties":{"sa2_name16":"Kambah","unemployment_rate":4.46404,"sa2_code16":"801071082"},"id":"natsem_social_indicators_unemployment_sa2_2016.801071082"},{"type":"Feature","properties":{"sa2_name16":"Macarthur","unemployment_rate":2.47525,"sa2_code16":"801071083"},"id":"natsem_social_indicators_unemployment_sa2_2016.801071083"},{"type":"Feature","properties":{"sa2_name16":"Rivett","unemployment_rate":5.20192,"sa2_code16":"801081095"},"id":"natsem_social_indicators_unemployment_sa2_2016.801081095"},{"type":"Feature","properties":{"sa2_name16":"Monash","unemployment_rate":3.76245,"sa2_code16":"801071084"},"id":"natsem_social_indicators_unemployment_sa2_2016.801071084"},{"type":"Feature","properties":{"sa2_name16":"Mount Taylor","unemployment_rate":0.0,"sa2_code16":"801071085"},"id":"natsem_social_indicators_unemployment_sa2_2016.801071085"},{"type":"Feature","properties":{"sa2_name16":"Oxley (ACT)","unemployment_rate":5.48098,"sa2_code16":"801071086"},"id":"natsem_social_indicators_unemployment_sa2_2016.801071086"},{"type":"Feature","properties":{"sa2_name16":"Richardson","unemployment_rate":5.79268,"sa2_code16":"801071087"},"id":"natsem_social_indicators_unemployment_sa2_2016.801071087"},{"type":"Feature","properties":{"sa2_name16":"Theodore","unemployment_rate":4.52899,"sa2_code16":"801071088"},"id":"natsem_social_indicators_unemployment_sa2_2016.801071088"},{"type":"Feature","properties":{"sa2_name16":"Tuggeranong","unemployment_rate":0.0,"sa2_code16":"801071089"},"id":"natsem_social_indicators_unemployment_sa2_2016.801071089"},{"type":"Feature","properties":{"sa2_name16":"Stirling","unemployment_rate":4.7619,"sa2_code16":"801081096"},"id":"natsem_social_indicators_unemployment_sa2_2016.801081096"},{"type":"Feature","properties":{"sa2_name16":"Wanniassa","unemployment_rate":5.20751,"sa2_code16":"801071090"},"id":"natsem_social_indicators_unemployment_sa2_2016.801071090"},{"type":"Feature","properties":{"sa2_name16":"Waramanga","unemployment_rate":3.70968,"sa2_code16":"801081097"},"id":"natsem_social_indicators_unemployment_sa2_2016.801081097"},{"type":"Feature","properties":{"sa2_name16":"Tuggeranong - West","unemployment_rate":0.0,"sa2_code16":"801071132"},"id":"natsem_social_indicators_unemployment_sa2_2016.801071132"},{"type":"Feature","properties":{"sa2_name16":"Weston","unemployment_rate":4.4598,"sa2_code16":"801081098"},"id":"natsem_social_indicators_unemployment_sa2_2016.801081098"},{"type":"Feature","properties":{"sa2_name16":"Chapman","unemployment_rate":3.63924,"sa2_code16":"801081091"},"id":"natsem_social_indicators_unemployment_sa2_2016.801081091"},{"type":"Feature","properties":{"sa2_name16":"Duffy","unemployment_rate":3.57616,"sa2_code16":"801081092"},"id":"natsem_social_indicators_unemployment_sa2_2016.801081092"},{"type":"Feature","properties":{"sa2_name16":"Fisher","unemployment_rate":3.18021,"sa2_code16":"801081093"},"id":"natsem_social_indicators_unemployment_sa2_2016.801081093"},{"type":"Feature","properties":{"sa2_name16":"Curtin","unemployment_rate":3.09647,"sa2_code16":"801091100"},"id":"natsem_social_indicators_unemployment_sa2_2016.801091100"},{"type":"Feature","properties":{"sa2_name16":"Farrer","unemployment_rate":3.90428,"sa2_code16":"801091101"},"id":"natsem_social_indicators_unemployment_sa2_2016.801091101"},{"type":"Feature","properties":{"sa2_name16":"Garran","unemployment_rate":3.42972,"sa2_code16":"801091102"},"id":"natsem_social_indicators_unemployment_sa2_2016.801091102"},{"type":"Feature","properties":{"sa2_name16":"Isaacs","unemployment_rate":4.0566,"sa2_code16":"801091104"},"id":"natsem_social_indicators_unemployment_sa2_2016.801091104"},{"type":"Feature","properties":{"sa2_name16":"Lyons (ACT)","unemployment_rate":5.50585,"sa2_code16":"801091105"},"id":"natsem_social_indicators_unemployment_sa2_2016.801091105"},{"type":"Feature","properties":{"sa2_name16":"Mawson","unemployment_rate":4.4458,"sa2_code16":"801091106"},"id":"natsem_social_indicators_unemployment_sa2_2016.801091106"},{"type":"Feature","properties":{"sa2_name16":"O'Malley","unemployment_rate":1.91847,"sa2_code16":"801091107"},"id":"natsem_social_indicators_unemployment_sa2_2016.801091107"},{"type":"Feature","properties":{"sa2_name16":"Pearce","unemployment_rate":4.69256,"sa2_code16":"801091108"},"id":"natsem_social_indicators_unemployment_sa2_2016.801091108"},{"type":"Feature","properties":{"sa2_name16":"Phillip","unemployment_rate":4.0154,"sa2_code16":"801091109"},"id":"natsem_social_indicators_unemployment_sa2_2016.801091109"},{"type":"Feature","properties":{"sa2_name16":"Arboretum","unemployment_rate":0.0,"sa2_code16":"801101134"},"id":"natsem_social_indicators_unemployment_sa2_2016.801101134"},{"type":"Feature","properties":{"sa2_name16":"Coombs","unemployment_rate":3.43474,"sa2_code16":"801101135"},"id":"natsem_social_indicators_unemployment_sa2_2016.801101135"},{"type":"Feature","properties":{"sa2_name16":"Denman Prospect","unemployment_rate":0.0,"sa2_code16":"801101136"},"id":"natsem_social_indicators_unemployment_sa2_2016.801101136"},{"type":"Feature","properties":{"sa2_name16":"Molonglo","unemployment_rate":0.0,"sa2_code16":"801101137"},"id":"natsem_social_indicators_unemployment_sa2_2016.801101137"},{"type":"Feature","properties":{"sa2_name16":"Molonglo - North","unemployment_rate":0.0,"sa2_code16":"801101138"},"id":"natsem_social_indicators_unemployment_sa2_2016.801101138"},{"type":"Feature","properties":{"sa2_name16":"Wright","unemployment_rate":1.96829,"sa2_code16":"801101139"},"id":"natsem_social_indicators_unemployment_sa2_2016.801101139"},{"type":"Feature","properties":{"sa2_name16":"ACT - South West","unemployment_rate":1.48699,"sa2_code16":"801111140"},"id":"natsem_social_indicators_unemployment_sa2_2016.801111140"},{"type":"Feature","properties":{"sa2_name16":"Namadgi","unemployment_rate":0.0,"sa2_code16":"801111141"},"id":"natsem_social_indicators_unemployment_sa2_2016.801111141"}]}