{"type":"FeatureCollection","bbox":[0.0,0.0,-1.0,-1.0],"features":[{"type":"Feature","properties":{"sa2_name16":"Beerwah","unemployment_rate":7.29567,"sa2_code16":"316061439"},"id":"natsem_social_indicators_unemployment_sa2_2016.316061439"},{"type":"Feature","properties":{"sa2_name16":"Macgregor (Qld)","unemployment_rate":11.9713,"sa2_code16":"303031061"},"id":"natsem_social_indicators_unemployment_sa2_2016.303031061"},{"type":"Feature","properties":{"sa2_name16":"Manoora","unemployment_rate":14.8581,"sa2_code16":"306021151"},"id":"natsem_social_indicators_unemployment_sa2_2016.306021151"},{"type":"Feature","properties":{"sa2_name16":"Tarragindi","unemployment_rate":5.64778,"sa2_code16":"303041071"},"id":"natsem_social_indicators_unemployment_sa2_2016.303041071"},{"type":"Feature","properties":{"sa2_name16":"Algester","unemployment_rate":7.83345,"sa2_code16":"303051072"},"id":"natsem_social_indicators_unemployment_sa2_2016.303051072"},{"type":"Feature","properties":{"sa2_name16":"Zillmere","unemployment_rate":9.08484,"sa2_code16":"302041046"},"id":"natsem_social_indicators_unemployment_sa2_2016.302041046"},{"type":"Feature","properties":{"sa2_name16":"West Mackay","unemployment_rate":7.52149,"sa2_code16":"312021358"},"id":"natsem_social_indicators_unemployment_sa2_2016.312021358"},{"type":"Feature","properties":{"sa2_name16":"Airlie - Whitsundays","unemployment_rate":5.54004,"sa2_code16":"312031359"},"id":"natsem_social_indicators_unemployment_sa2_2016.312031359"},{"type":"Feature","properties":{"sa2_name16":"Cape Conway","unemployment_rate":0.0,"sa2_code16":"312031360"},"id":"natsem_social_indicators_unemployment_sa2_2016.312031360"},{"type":"Feature","properties":{"sa2_name16":"Proserpine","unemployment_rate":6.62924,"sa2_code16":"312031361"},"id":"natsem_social_indicators_unemployment_sa2_2016.312031361"},{"type":"Feature","properties":{"sa2_name16":"Beachmere - Sandstone Point","unemployment_rate":9.40747,"sa2_code16":"313011362"},"id":"natsem_social_indicators_unemployment_sa2_2016.313011362"},{"type":"Feature","properties":{"sa2_name16":"Bribie Island","unemployment_rate":9.84848,"sa2_code16":"313011363"},"id":"natsem_social_indicators_unemployment_sa2_2016.313011363"},{"type":"Feature","properties":{"sa2_name16":"Alexandra Hills","unemployment_rate":6.43064,"sa2_code16":"301011001"},"id":"natsem_social_indicators_unemployment_sa2_2016.301011001"},{"type":"Feature","properties":{"sa2_name16":"Belmont - Gumdale","unemployment_rate":5.1129,"sa2_code16":"301011002"},"id":"natsem_social_indicators_unemployment_sa2_2016.301011002"},{"type":"Feature","properties":{"sa2_name16":"McDowall","unemployment_rate":5.30995,"sa2_code16":"302011026"},"id":"natsem_social_indicators_unemployment_sa2_2016.302011026"},{"type":"Feature","properties":{"sa2_name16":"Birkdale","unemployment_rate":5.72951,"sa2_code16":"301011003"},"id":"natsem_social_indicators_unemployment_sa2_2016.301011003"},{"type":"Feature","properties":{"sa2_name16":"Capalaba","unemployment_rate":6.80346,"sa2_code16":"301011004"},"id":"natsem_social_indicators_unemployment_sa2_2016.301011004"},{"type":"Feature","properties":{"sa2_name16":"Chermside West","unemployment_rate":6.23819,"sa2_code16":"302021029"},"id":"natsem_social_indicators_unemployment_sa2_2016.302021029"},{"type":"Feature","properties":{"sa2_name16":"Thorneside","unemployment_rate":6.86943,"sa2_code16":"301011005"},"id":"natsem_social_indicators_unemployment_sa2_2016.301011005"},{"type":"Feature","properties":{"sa2_name16":"Wellington Point","unemployment_rate":5.36096,"sa2_code16":"301011006"},"id":"natsem_social_indicators_unemployment_sa2_2016.301011006"},{"type":"Feature","properties":{"sa2_name16":"Cleveland","unemployment_rate":6.25567,"sa2_code16":"301021007"},"id":"natsem_social_indicators_unemployment_sa2_2016.301021007"},{"type":"Feature","properties":{"sa2_name16":"Ormiston","unemployment_rate":5.50558,"sa2_code16":"301021008"},"id":"natsem_social_indicators_unemployment_sa2_2016.301021008"},{"type":"Feature","properties":{"sa2_name16":"Redland Bay","unemployment_rate":6.10378,"sa2_code16":"301021009"},"id":"natsem_social_indicators_unemployment_sa2_2016.301021009"},{"type":"Feature","properties":{"sa2_name16":"Sheldon - Mount Cotton","unemployment_rate":4.56736,"sa2_code16":"301021011"},"id":"natsem_social_indicators_unemployment_sa2_2016.301021011"},{"type":"Feature","properties":{"sa2_name16":"Thornlands","unemployment_rate":5.28019,"sa2_code16":"301021012"},"id":"natsem_social_indicators_unemployment_sa2_2016.301021012"},{"type":"Feature","properties":{"sa2_name16":"Victoria Point","unemployment_rate":6.02963,"sa2_code16":"301021013"},"id":"natsem_social_indicators_unemployment_sa2_2016.301021013"},{"type":"Feature","properties":{"sa2_name16":"Redland Islands","unemployment_rate":14.0404,"sa2_code16":"301021527"},"id":"natsem_social_indicators_unemployment_sa2_2016.301021527"},{"type":"Feature","properties":{"sa2_name16":"Brisbane Port - Lytton","unemployment_rate":0.0,"sa2_code16":"301031014"},"id":"natsem_social_indicators_unemployment_sa2_2016.301031014"},{"type":"Feature","properties":{"sa2_name16":"Wavell Heights","unemployment_rate":4.73037,"sa2_code16":"302021034"},"id":"natsem_social_indicators_unemployment_sa2_2016.302021034"},{"type":"Feature","properties":{"sa2_name16":"Boondall","unemployment_rate":6.99571,"sa2_code16":"302031035"},"id":"natsem_social_indicators_unemployment_sa2_2016.302031035"},{"type":"Feature","properties":{"sa2_name16":"Brisbane Airport","unemployment_rate":0.0,"sa2_code16":"302031036"},"id":"natsem_social_indicators_unemployment_sa2_2016.302031036"},{"type":"Feature","properties":{"sa2_name16":"Manly - Lota","unemployment_rate":6.09388,"sa2_code16":"301031015"},"id":"natsem_social_indicators_unemployment_sa2_2016.301031015"},{"type":"Feature","properties":{"sa2_name16":"Manly West","unemployment_rate":6.54092,"sa2_code16":"301031016"},"id":"natsem_social_indicators_unemployment_sa2_2016.301031016"},{"type":"Feature","properties":{"sa2_name16":"Daisy Hill","unemployment_rate":7.22107,"sa2_code16":"311061329"},"id":"natsem_social_indicators_unemployment_sa2_2016.311061329"},{"type":"Feature","properties":{"sa2_name16":"Murarrie","unemployment_rate":5.9888,"sa2_code16":"301031017"},"id":"natsem_social_indicators_unemployment_sa2_2016.301031017"},{"type":"Feature","properties":{"sa2_name16":"Camp Hill","unemployment_rate":4.39488,"sa2_code16":"303011047"},"id":"natsem_social_indicators_unemployment_sa2_2016.303011047"},{"type":"Feature","properties":{"sa2_name16":"Tingalpa","unemployment_rate":5.93529,"sa2_code16":"301031018"},"id":"natsem_social_indicators_unemployment_sa2_2016.301031018"},{"type":"Feature","properties":{"sa2_name16":"Wakerley","unemployment_rate":4.43236,"sa2_code16":"301031019"},"id":"natsem_social_indicators_unemployment_sa2_2016.301031019"},{"type":"Feature","properties":{"sa2_name16":"Wynnum","unemployment_rate":6.74884,"sa2_code16":"301031020"},"id":"natsem_social_indicators_unemployment_sa2_2016.301031020"},{"type":"Feature","properties":{"sa2_name16":"Eagle Farm - Pinkenba","unemployment_rate":5.65657,"sa2_code16":"302031037"},"id":"natsem_social_indicators_unemployment_sa2_2016.302031037"},{"type":"Feature","properties":{"sa2_name16":"Wynnum West - Hemmant","unemployment_rate":6.4717,"sa2_code16":"301031021"},"id":"natsem_social_indicators_unemployment_sa2_2016.301031021"},{"type":"Feature","properties":{"sa2_name16":"Bald Hills","unemployment_rate":7.02674,"sa2_code16":"302011022"},"id":"natsem_social_indicators_unemployment_sa2_2016.302011022"},{"type":"Feature","properties":{"sa2_name16":"Nundah","unemployment_rate":5.94424,"sa2_code16":"302031040"},"id":"natsem_social_indicators_unemployment_sa2_2016.302031040"},{"type":"Feature","properties":{"sa2_name16":"Bridgeman Downs","unemployment_rate":5.33559,"sa2_code16":"302011023"},"id":"natsem_social_indicators_unemployment_sa2_2016.302011023"},{"type":"Feature","properties":{"sa2_name16":"Carseldine","unemployment_rate":5.93743,"sa2_code16":"302011024"},"id":"natsem_social_indicators_unemployment_sa2_2016.302011024"},{"type":"Feature","properties":{"sa2_name16":"Carina Heights","unemployment_rate":5.63612,"sa2_code16":"303011050"},"id":"natsem_social_indicators_unemployment_sa2_2016.303011050"},{"type":"Feature","properties":{"sa2_name16":"Everton Park","unemployment_rate":5.63497,"sa2_code16":"302011025"},"id":"natsem_social_indicators_unemployment_sa2_2016.302011025"},{"type":"Feature","properties":{"sa2_name16":"Aspley","unemployment_rate":6.3372,"sa2_code16":"302021027"},"id":"natsem_social_indicators_unemployment_sa2_2016.302021027"},{"type":"Feature","properties":{"sa2_name16":"Chermside","unemployment_rate":7.84014,"sa2_code16":"302021028"},"id":"natsem_social_indicators_unemployment_sa2_2016.302021028"},{"type":"Feature","properties":{"sa2_name16":"Geebung","unemployment_rate":5.65099,"sa2_code16":"302021030"},"id":"natsem_social_indicators_unemployment_sa2_2016.302021030"},{"type":"Feature","properties":{"sa2_name16":"Kedron - Gordon Park","unemployment_rate":4.82368,"sa2_code16":"302021031"},"id":"natsem_social_indicators_unemployment_sa2_2016.302021031"},{"type":"Feature","properties":{"sa2_name16":"Stafford","unemployment_rate":6.59097,"sa2_code16":"302021032"},"id":"natsem_social_indicators_unemployment_sa2_2016.302021032"},{"type":"Feature","properties":{"sa2_name16":"Stafford Heights","unemployment_rate":6.44291,"sa2_code16":"302021033"},"id":"natsem_social_indicators_unemployment_sa2_2016.302021033"},{"type":"Feature","properties":{"sa2_name16":"Northgate - Virginia","unemployment_rate":5.77281,"sa2_code16":"302031038"},"id":"natsem_social_indicators_unemployment_sa2_2016.302031038"},{"type":"Feature","properties":{"sa2_name16":"Nudgee - Banyo","unemployment_rate":6.35234,"sa2_code16":"302031039"},"id":"natsem_social_indicators_unemployment_sa2_2016.302031039"},{"type":"Feature","properties":{"sa2_name16":"Bracken Ridge","unemployment_rate":6.672,"sa2_code16":"302041041"},"id":"natsem_social_indicators_unemployment_sa2_2016.302041041"},{"type":"Feature","properties":{"sa2_name16":"Brighton (Qld)","unemployment_rate":5.59294,"sa2_code16":"302041042"},"id":"natsem_social_indicators_unemployment_sa2_2016.302041042"},{"type":"Feature","properties":{"sa2_name16":"Deagon","unemployment_rate":7.66667,"sa2_code16":"302041043"},"id":"natsem_social_indicators_unemployment_sa2_2016.302041043"},{"type":"Feature","properties":{"sa2_name16":"Taigum - Fitzgibbon","unemployment_rate":6.70526,"sa2_code16":"302041045"},"id":"natsem_social_indicators_unemployment_sa2_2016.302041045"},{"type":"Feature","properties":{"sa2_name16":"Sandgate - Shorncliffe","unemployment_rate":5.89182,"sa2_code16":"302041044"},"id":"natsem_social_indicators_unemployment_sa2_2016.302041044"},{"type":"Feature","properties":{"sa2_name16":"Cannon Hill","unemployment_rate":5.91381,"sa2_code16":"303011048"},"id":"natsem_social_indicators_unemployment_sa2_2016.303011048"},{"type":"Feature","properties":{"sa2_name16":"Carina","unemployment_rate":5.07519,"sa2_code16":"303011049"},"id":"natsem_social_indicators_unemployment_sa2_2016.303011049"},{"type":"Feature","properties":{"sa2_name16":"Carindale","unemployment_rate":5.53097,"sa2_code16":"303011051"},"id":"natsem_social_indicators_unemployment_sa2_2016.303011051"},{"type":"Feature","properties":{"sa2_name16":"Annerley","unemployment_rate":7.64481,"sa2_code16":"303021052"},"id":"natsem_social_indicators_unemployment_sa2_2016.303021052"},{"type":"Feature","properties":{"sa2_name16":"Coorparoo","unemployment_rate":5.41199,"sa2_code16":"303021053"},"id":"natsem_social_indicators_unemployment_sa2_2016.303021053"},{"type":"Feature","properties":{"sa2_name16":"Fairfield - Dutton Park","unemployment_rate":8.19367,"sa2_code16":"303021054"},"id":"natsem_social_indicators_unemployment_sa2_2016.303021054"},{"type":"Feature","properties":{"sa2_name16":"Greenslopes","unemployment_rate":6.31466,"sa2_code16":"303021055"},"id":"natsem_social_indicators_unemployment_sa2_2016.303021055"},{"type":"Feature","properties":{"sa2_name16":"Holland Park","unemployment_rate":6.08187,"sa2_code16":"303021056"},"id":"natsem_social_indicators_unemployment_sa2_2016.303021056"},{"type":"Feature","properties":{"sa2_name16":"Holland Park West","unemployment_rate":5.41703,"sa2_code16":"303021057"},"id":"natsem_social_indicators_unemployment_sa2_2016.303021057"},{"type":"Feature","properties":{"sa2_name16":"Woolloongabba","unemployment_rate":9.0623,"sa2_code16":"303021058"},"id":"natsem_social_indicators_unemployment_sa2_2016.303021058"},{"type":"Feature","properties":{"sa2_name16":"Yeronga","unemployment_rate":6.46184,"sa2_code16":"303021059"},"id":"natsem_social_indicators_unemployment_sa2_2016.303021059"},{"type":"Feature","properties":{"sa2_name16":"Eight Mile Plains","unemployment_rate":8.55832,"sa2_code16":"303031060"},"id":"natsem_social_indicators_unemployment_sa2_2016.303031060"},{"type":"Feature","properties":{"sa2_name16":"Mansfield (Qld)","unemployment_rate":7.54897,"sa2_code16":"303031062"},"id":"natsem_social_indicators_unemployment_sa2_2016.303031062"},{"type":"Feature","properties":{"sa2_name16":"Mount Gravatt","unemployment_rate":6.37726,"sa2_code16":"303031063"},"id":"natsem_social_indicators_unemployment_sa2_2016.303031063"},{"type":"Feature","properties":{"sa2_name16":"Rochedale - Burbank","unemployment_rate":5.85487,"sa2_code16":"303031064"},"id":"natsem_social_indicators_unemployment_sa2_2016.303031064"},{"type":"Feature","properties":{"sa2_name16":"Upper Mount Gravatt","unemployment_rate":9.8793,"sa2_code16":"303031065"},"id":"natsem_social_indicators_unemployment_sa2_2016.303031065"},{"type":"Feature","properties":{"sa2_name16":"Wishart","unemployment_rate":6.45408,"sa2_code16":"303031066"},"id":"natsem_social_indicators_unemployment_sa2_2016.303031066"},{"type":"Feature","properties":{"sa2_name16":"Coopers Plains","unemployment_rate":10.6185,"sa2_code16":"303041067"},"id":"natsem_social_indicators_unemployment_sa2_2016.303041067"},{"type":"Feature","properties":{"sa2_name16":"Salisbury - Nathan","unemployment_rate":8.6239,"sa2_code16":"303041070"},"id":"natsem_social_indicators_unemployment_sa2_2016.303041070"},{"type":"Feature","properties":{"sa2_name16":"Moorooka","unemployment_rate":6.46574,"sa2_code16":"303041068"},"id":"natsem_social_indicators_unemployment_sa2_2016.303041068"},{"type":"Feature","properties":{"sa2_name16":"Robertson","unemployment_rate":11.3059,"sa2_code16":"303041069"},"id":"natsem_social_indicators_unemployment_sa2_2016.303041069"},{"type":"Feature","properties":{"sa2_name16":"Calamvale - Stretton","unemployment_rate":8.17622,"sa2_code16":"303051073"},"id":"natsem_social_indicators_unemployment_sa2_2016.303051073"},{"type":"Feature","properties":{"sa2_name16":"Pallara - Willawong","unemployment_rate":6.77043,"sa2_code16":"303051074"},"id":"natsem_social_indicators_unemployment_sa2_2016.303051074"},{"type":"Feature","properties":{"sa2_name16":"Parkinson - Drewvale","unemployment_rate":6.98925,"sa2_code16":"303051075"},"id":"natsem_social_indicators_unemployment_sa2_2016.303051075"},{"type":"Feature","properties":{"sa2_name16":"Rocklea - Acacia Ridge","unemployment_rate":13.6406,"sa2_code16":"303051076"},"id":"natsem_social_indicators_unemployment_sa2_2016.303051076"},{"type":"Feature","properties":{"sa2_name16":"Underwood","unemployment_rate":7.78368,"sa2_code16":"311061335"},"id":"natsem_social_indicators_unemployment_sa2_2016.311061335"},{"type":"Feature","properties":{"sa2_name16":"Kuraby","unemployment_rate":8.74902,"sa2_code16":"303061077"},"id":"natsem_social_indicators_unemployment_sa2_2016.303061077"},{"type":"Feature","properties":{"sa2_name16":"Runcorn","unemployment_rate":9.49782,"sa2_code16":"303061078"},"id":"natsem_social_indicators_unemployment_sa2_2016.303061078"},{"type":"Feature","properties":{"sa2_name16":"Sunnybank","unemployment_rate":12.4578,"sa2_code16":"303061079"},"id":"natsem_social_indicators_unemployment_sa2_2016.303061079"},{"type":"Feature","properties":{"sa2_name16":"Sunnybank Hills","unemployment_rate":10.1516,"sa2_code16":"303061080"},"id":"natsem_social_indicators_unemployment_sa2_2016.303061080"},{"type":"Feature","properties":{"sa2_name16":"Woodridge","unemployment_rate":19.352,"sa2_code16":"311061336"},"id":"natsem_social_indicators_unemployment_sa2_2016.311061336"},{"type":"Feature","properties":{"sa2_name16":"Jindalee - Mount Ommaney","unemployment_rate":6.07277,"sa2_code16":"304011081"},"id":"natsem_social_indicators_unemployment_sa2_2016.304011081"},{"type":"Feature","properties":{"sa2_name16":"Middle Park - Jamboree Heights","unemployment_rate":6.24321,"sa2_code16":"304011082"},"id":"natsem_social_indicators_unemployment_sa2_2016.304011082"},{"type":"Feature","properties":{"sa2_name16":"Mackay Harbour","unemployment_rate":8.73016,"sa2_code16":"312021347"},"id":"natsem_social_indicators_unemployment_sa2_2016.312021347"},{"type":"Feature","properties":{"sa2_name16":"Riverhills","unemployment_rate":7.00723,"sa2_code16":"304011083"},"id":"natsem_social_indicators_unemployment_sa2_2016.304011083"},{"type":"Feature","properties":{"sa2_name16":"Seventeen Mile Rocks - Sinnamon Park","unemployment_rate":5.15422,"sa2_code16":"304011084"},"id":"natsem_social_indicators_unemployment_sa2_2016.304011084"},{"type":"Feature","properties":{"sa2_name16":"Westlake","unemployment_rate":6.09704,"sa2_code16":"304011085"},"id":"natsem_social_indicators_unemployment_sa2_2016.304011085"},{"type":"Feature","properties":{"sa2_name16":"Sherwood","unemployment_rate":5.5353,"sa2_code16":"304031095"},"id":"natsem_social_indicators_unemployment_sa2_2016.304031095"},{"type":"Feature","properties":{"sa2_name16":"St Lucia","unemployment_rate":17.5445,"sa2_code16":"304031096"},"id":"natsem_social_indicators_unemployment_sa2_2016.304031096"},{"type":"Feature","properties":{"sa2_name16":"Cranbrook","unemployment_rate":11.1778,"sa2_code16":"318021472"},"id":"natsem_social_indicators_unemployment_sa2_2016.318021472"},{"type":"Feature","properties":{"sa2_name16":"Deeragun","unemployment_rate":8.36599,"sa2_code16":"318021473"},"id":"natsem_social_indicators_unemployment_sa2_2016.318021473"},{"type":"Feature","properties":{"sa2_name16":"Bellbowrie - Moggill","unemployment_rate":5.67499,"sa2_code16":"304021086"},"id":"natsem_social_indicators_unemployment_sa2_2016.304021086"},{"type":"Feature","properties":{"sa2_name16":"Brookfield - Kenmore Hills","unemployment_rate":6.01673,"sa2_code16":"304021087"},"id":"natsem_social_indicators_unemployment_sa2_2016.304021087"},{"type":"Feature","properties":{"sa2_name16":"Chapel Hill","unemployment_rate":7.05625,"sa2_code16":"304021088"},"id":"natsem_social_indicators_unemployment_sa2_2016.304021088"},{"type":"Feature","properties":{"sa2_name16":"Manunda","unemployment_rate":14.4562,"sa2_code16":"306021152"},"id":"natsem_social_indicators_unemployment_sa2_2016.306021152"},{"type":"Feature","properties":{"sa2_name16":"Fig Tree Pocket","unemployment_rate":6.1754,"sa2_code16":"304021089"},"id":"natsem_social_indicators_unemployment_sa2_2016.304021089"},{"type":"Feature","properties":{"sa2_name16":"Mount Sheridan","unemployment_rate":5.84768,"sa2_code16":"306021153"},"id":"natsem_social_indicators_unemployment_sa2_2016.306021153"},{"type":"Feature","properties":{"sa2_name16":"Kenmore","unemployment_rate":6.79272,"sa2_code16":"304021090"},"id":"natsem_social_indicators_unemployment_sa2_2016.304021090"},{"type":"Feature","properties":{"sa2_name16":"Pinjarra Hills - Pullenvale","unemployment_rate":4.94399,"sa2_code16":"304021091"},"id":"natsem_social_indicators_unemployment_sa2_2016.304021091"},{"type":"Feature","properties":{"sa2_name16":"Chelmer - Graceville","unemployment_rate":5.21809,"sa2_code16":"304031092"},"id":"natsem_social_indicators_unemployment_sa2_2016.304031092"},{"type":"Feature","properties":{"sa2_name16":"Corinda","unemployment_rate":5.55324,"sa2_code16":"304031093"},"id":"natsem_social_indicators_unemployment_sa2_2016.304031093"},{"type":"Feature","properties":{"sa2_name16":"Indooroopilly","unemployment_rate":9.48358,"sa2_code16":"304031094"},"id":"natsem_social_indicators_unemployment_sa2_2016.304031094"},{"type":"Feature","properties":{"sa2_name16":"Taringa","unemployment_rate":8.61819,"sa2_code16":"304031097"},"id":"natsem_social_indicators_unemployment_sa2_2016.304031097"},{"type":"Feature","properties":{"sa2_name16":"Mount Coot-tha","unemployment_rate":0.0,"sa2_code16":"304041102"},"id":"natsem_social_indicators_unemployment_sa2_2016.304041102"},{"type":"Feature","properties":{"sa2_name16":"Enoggera","unemployment_rate":5.35934,"sa2_code16":"304041098"},"id":"natsem_social_indicators_unemployment_sa2_2016.304041098"},{"type":"Feature","properties":{"sa2_name16":"Enoggera Reservoir","unemployment_rate":0.0,"sa2_code16":"304041099"},"id":"natsem_social_indicators_unemployment_sa2_2016.304041099"},{"type":"Feature","properties":{"sa2_name16":"Keperra","unemployment_rate":7.60347,"sa2_code16":"304041100"},"id":"natsem_social_indicators_unemployment_sa2_2016.304041100"},{"type":"Feature","properties":{"sa2_name16":"Mitchelton","unemployment_rate":5.36619,"sa2_code16":"304041101"},"id":"natsem_social_indicators_unemployment_sa2_2016.304041101"},{"type":"Feature","properties":{"sa2_name16":"The Gap","unemployment_rate":6.1793,"sa2_code16":"304041103"},"id":"natsem_social_indicators_unemployment_sa2_2016.304041103"},{"type":"Feature","properties":{"sa2_name16":"Upper Kedron - Ferny Grove","unemployment_rate":6.11567,"sa2_code16":"304041104"},"id":"natsem_social_indicators_unemployment_sa2_2016.304041104"},{"type":"Feature","properties":{"sa2_name16":"Whitfield - Edge Hill","unemployment_rate":6.50902,"sa2_code16":"306021156"},"id":"natsem_social_indicators_unemployment_sa2_2016.306021156"},{"type":"Feature","properties":{"sa2_name16":"Brisbane City","unemployment_rate":11.1926,"sa2_code16":"305011105"},"id":"natsem_social_indicators_unemployment_sa2_2016.305011105"},{"type":"Feature","properties":{"sa2_name16":"Fortitude Valley","unemployment_rate":6.72618,"sa2_code16":"305011106"},"id":"natsem_social_indicators_unemployment_sa2_2016.305011106"},{"type":"Feature","properties":{"sa2_name16":"Tully","unemployment_rate":6.91075,"sa2_code16":"306031161"},"id":"natsem_social_indicators_unemployment_sa2_2016.306031161"},{"type":"Feature","properties":{"sa2_name16":"Wooroonooran","unemployment_rate":0.0,"sa2_code16":"306031162"},"id":"natsem_social_indicators_unemployment_sa2_2016.306031162"},{"type":"Feature","properties":{"sa2_name16":"Yarrabah","unemployment_rate":45.4984,"sa2_code16":"306031163"},"id":"natsem_social_indicators_unemployment_sa2_2016.306031163"},{"type":"Feature","properties":{"sa2_name16":"Daintree","unemployment_rate":5.68056,"sa2_code16":"306041164"},"id":"natsem_social_indicators_unemployment_sa2_2016.306041164"},{"type":"Feature","properties":{"sa2_name16":"Port Douglas","unemployment_rate":4.32352,"sa2_code16":"306041165"},"id":"natsem_social_indicators_unemployment_sa2_2016.306041165"},{"type":"Feature","properties":{"sa2_name16":"Atherton","unemployment_rate":6.79435,"sa2_code16":"306051166"},"id":"natsem_social_indicators_unemployment_sa2_2016.306051166"},{"type":"Feature","properties":{"sa2_name16":"Herberton","unemployment_rate":14.6784,"sa2_code16":"306051167"},"id":"natsem_social_indicators_unemployment_sa2_2016.306051167"},{"type":"Feature","properties":{"sa2_name16":"Kuranda","unemployment_rate":9.57504,"sa2_code16":"306051168"},"id":"natsem_social_indicators_unemployment_sa2_2016.306051168"},{"type":"Feature","properties":{"sa2_name16":"Malanda - Yungaburra","unemployment_rate":6.23912,"sa2_code16":"306051169"},"id":"natsem_social_indicators_unemployment_sa2_2016.306051169"},{"type":"Feature","properties":{"sa2_name16":"Mareeba","unemployment_rate":8.50446,"sa2_code16":"306051170"},"id":"natsem_social_indicators_unemployment_sa2_2016.306051170"},{"type":"Feature","properties":{"sa2_name16":"Balonne","unemployment_rate":4.79884,"sa2_code16":"307011171"},"id":"natsem_social_indicators_unemployment_sa2_2016.307011171"},{"type":"Feature","properties":{"sa2_name16":"Highgate Hill","unemployment_rate":7.88955,"sa2_code16":"305011107"},"id":"natsem_social_indicators_unemployment_sa2_2016.305011107"},{"type":"Feature","properties":{"sa2_name16":"South Brisbane","unemployment_rate":9.40339,"sa2_code16":"305011110"},"id":"natsem_social_indicators_unemployment_sa2_2016.305011110"},{"type":"Feature","properties":{"sa2_name16":"Chinchilla","unemployment_rate":6.7147,"sa2_code16":"307011172"},"id":"natsem_social_indicators_unemployment_sa2_2016.307011172"},{"type":"Feature","properties":{"sa2_name16":"Goondiwindi","unemployment_rate":3.49627,"sa2_code16":"307011173"},"id":"natsem_social_indicators_unemployment_sa2_2016.307011173"},{"type":"Feature","properties":{"sa2_name16":"Inglewood - Waggamba","unemployment_rate":4.55857,"sa2_code16":"307011174"},"id":"natsem_social_indicators_unemployment_sa2_2016.307011174"},{"type":"Feature","properties":{"sa2_name16":"Kangaroo Point","unemployment_rate":7.89474,"sa2_code16":"305011108"},"id":"natsem_social_indicators_unemployment_sa2_2016.305011108"},{"type":"Feature","properties":{"sa2_name16":"Spring Hill","unemployment_rate":10.5602,"sa2_code16":"305011111"},"id":"natsem_social_indicators_unemployment_sa2_2016.305011111"},{"type":"Feature","properties":{"sa2_name16":"Miles - Wandoan","unemployment_rate":4.41489,"sa2_code16":"307011175"},"id":"natsem_social_indicators_unemployment_sa2_2016.307011175"},{"type":"Feature","properties":{"sa2_name16":"New Farm","unemployment_rate":5.09554,"sa2_code16":"305011109"},"id":"natsem_social_indicators_unemployment_sa2_2016.305011109"},{"type":"Feature","properties":{"sa2_name16":"Albion","unemployment_rate":5.12066,"sa2_code16":"305031119"},"id":"natsem_social_indicators_unemployment_sa2_2016.305031119"},{"type":"Feature","properties":{"sa2_name16":"West End","unemployment_rate":6.65573,"sa2_code16":"305011112"},"id":"natsem_social_indicators_unemployment_sa2_2016.305011112"},{"type":"Feature","properties":{"sa2_name16":"Balmoral","unemployment_rate":4.64047,"sa2_code16":"305021113"},"id":"natsem_social_indicators_unemployment_sa2_2016.305021113"},{"type":"Feature","properties":{"sa2_name16":"Roma","unemployment_rate":4.36183,"sa2_code16":"307011176"},"id":"natsem_social_indicators_unemployment_sa2_2016.307011176"},{"type":"Feature","properties":{"sa2_name16":"Roma Region","unemployment_rate":3.46992,"sa2_code16":"307011177"},"id":"natsem_social_indicators_unemployment_sa2_2016.307011177"},{"type":"Feature","properties":{"sa2_name16":"Tara","unemployment_rate":9.07047,"sa2_code16":"307011178"},"id":"natsem_social_indicators_unemployment_sa2_2016.307011178"},{"type":"Feature","properties":{"sa2_name16":"Crows Nest - Rosalie","unemployment_rate":6.98324,"sa2_code16":"307021179"},"id":"natsem_social_indicators_unemployment_sa2_2016.307021179"},{"type":"Feature","properties":{"sa2_name16":"Jondaryan","unemployment_rate":5.70431,"sa2_code16":"307021180"},"id":"natsem_social_indicators_unemployment_sa2_2016.307021180"},{"type":"Feature","properties":{"sa2_name16":"Millmerran","unemployment_rate":5.36113,"sa2_code16":"307021181"},"id":"natsem_social_indicators_unemployment_sa2_2016.307021181"},{"type":"Feature","properties":{"sa2_name16":"Pittsworth","unemployment_rate":4.94327,"sa2_code16":"307021182"},"id":"natsem_social_indicators_unemployment_sa2_2016.307021182"},{"type":"Feature","properties":{"sa2_name16":"Bulimba","unemployment_rate":4.48649,"sa2_code16":"305021114"},"id":"natsem_social_indicators_unemployment_sa2_2016.305021114"},{"type":"Feature","properties":{"sa2_name16":"Wambo","unemployment_rate":6.831,"sa2_code16":"307021183"},"id":"natsem_social_indicators_unemployment_sa2_2016.307021183"},{"type":"Feature","properties":{"sa2_name16":"Clifton - Greenmount","unemployment_rate":5.52239,"sa2_code16":"307031184"},"id":"natsem_social_indicators_unemployment_sa2_2016.307031184"},{"type":"Feature","properties":{"sa2_name16":"Southern Downs - East","unemployment_rate":4.30351,"sa2_code16":"307031185"},"id":"natsem_social_indicators_unemployment_sa2_2016.307031185"},{"type":"Feature","properties":{"sa2_name16":"Southern Downs - West","unemployment_rate":6.56814,"sa2_code16":"307031186"},"id":"natsem_social_indicators_unemployment_sa2_2016.307031186"},{"type":"Feature","properties":{"sa2_name16":"East Brisbane","unemployment_rate":6.78694,"sa2_code16":"305021115"},"id":"natsem_social_indicators_unemployment_sa2_2016.305021115"},{"type":"Feature","properties":{"sa2_name16":"Ascot","unemployment_rate":4.7619,"sa2_code16":"305031121"},"id":"natsem_social_indicators_unemployment_sa2_2016.305031121"},{"type":"Feature","properties":{"sa2_name16":"Hawthorne","unemployment_rate":3.6153,"sa2_code16":"305021116"},"id":"natsem_social_indicators_unemployment_sa2_2016.305021116"},{"type":"Feature","properties":{"sa2_name16":"Emerald","unemployment_rate":5.55066,"sa2_code16":"308011192"},"id":"natsem_social_indicators_unemployment_sa2_2016.308011192"},{"type":"Feature","properties":{"sa2_name16":"Morningside - Seven Hills","unemployment_rate":4.58295,"sa2_code16":"305021117"},"id":"natsem_social_indicators_unemployment_sa2_2016.305021117"},{"type":"Feature","properties":{"sa2_name16":"Windsor","unemployment_rate":6.37962,"sa2_code16":"305031130"},"id":"natsem_social_indicators_unemployment_sa2_2016.305031130"},{"type":"Feature","properties":{"sa2_name16":"Norman Park","unemployment_rate":4.92424,"sa2_code16":"305021118"},"id":"natsem_social_indicators_unemployment_sa2_2016.305021118"},{"type":"Feature","properties":{"sa2_name16":"Alderley","unemployment_rate":4.4906,"sa2_code16":"305031120"},"id":"natsem_social_indicators_unemployment_sa2_2016.305031120"},{"type":"Feature","properties":{"sa2_name16":"Morayfield - East","unemployment_rate":10.5396,"sa2_code16":"313021368"},"id":"natsem_social_indicators_unemployment_sa2_2016.313021368"},{"type":"Feature","properties":{"sa2_name16":"Wamuran","unemployment_rate":5.46392,"sa2_code16":"313021369"},"id":"natsem_social_indicators_unemployment_sa2_2016.313021369"},{"type":"Feature","properties":{"sa2_name16":"Clayfield","unemployment_rate":5.39946,"sa2_code16":"305031122"},"id":"natsem_social_indicators_unemployment_sa2_2016.305031122"},{"type":"Feature","properties":{"sa2_name16":"Grange","unemployment_rate":4.11311,"sa2_code16":"305031123"},"id":"natsem_social_indicators_unemployment_sa2_2016.305031123"},{"type":"Feature","properties":{"sa2_name16":"Kilcoy","unemployment_rate":7.25103,"sa2_code16":"313031370"},"id":"natsem_social_indicators_unemployment_sa2_2016.313031370"},{"type":"Feature","properties":{"sa2_name16":"Woodford - D'Aguilar","unemployment_rate":6.52247,"sa2_code16":"313031371"},"id":"natsem_social_indicators_unemployment_sa2_2016.313031371"},{"type":"Feature","properties":{"sa2_name16":"Hamilton (Qld)","unemployment_rate":5.11173,"sa2_code16":"305031124"},"id":"natsem_social_indicators_unemployment_sa2_2016.305031124"},{"type":"Feature","properties":{"sa2_name16":"Hendra","unemployment_rate":4.79259,"sa2_code16":"305031125"},"id":"natsem_social_indicators_unemployment_sa2_2016.305031125"},{"type":"Feature","properties":{"sa2_name16":"Narangba","unemployment_rate":6.70333,"sa2_code16":"313041375"},"id":"natsem_social_indicators_unemployment_sa2_2016.313041375"},{"type":"Feature","properties":{"sa2_name16":"Upper Caboolture","unemployment_rate":5.66162,"sa2_code16":"313041376"},"id":"natsem_social_indicators_unemployment_sa2_2016.313041376"},{"type":"Feature","properties":{"sa2_name16":"Kelvin Grove - Herston","unemployment_rate":11.5689,"sa2_code16":"305031126"},"id":"natsem_social_indicators_unemployment_sa2_2016.305031126"},{"type":"Feature","properties":{"sa2_name16":"Newmarket","unemployment_rate":6.55683,"sa2_code16":"305031127"},"id":"natsem_social_indicators_unemployment_sa2_2016.305031127"},{"type":"Feature","properties":{"sa2_name16":"Newstead - Bowen Hills","unemployment_rate":4.76394,"sa2_code16":"305031128"},"id":"natsem_social_indicators_unemployment_sa2_2016.305031128"},{"type":"Feature","properties":{"sa2_name16":"Wilston","unemployment_rate":5.04316,"sa2_code16":"305031129"},"id":"natsem_social_indicators_unemployment_sa2_2016.305031129"},{"type":"Feature","properties":{"sa2_name16":"Wooloowin - Lutwyche","unemployment_rate":5.73036,"sa2_code16":"305031131"},"id":"natsem_social_indicators_unemployment_sa2_2016.305031131"},{"type":"Feature","properties":{"sa2_name16":"Ashgrove","unemployment_rate":4.801,"sa2_code16":"305041132"},"id":"natsem_social_indicators_unemployment_sa2_2016.305041132"},{"type":"Feature","properties":{"sa2_name16":"Auchenflower","unemployment_rate":7.44102,"sa2_code16":"305041133"},"id":"natsem_social_indicators_unemployment_sa2_2016.305041133"},{"type":"Feature","properties":{"sa2_name16":"Kirwan - East","unemployment_rate":11.5139,"sa2_code16":"318021481"},"id":"natsem_social_indicators_unemployment_sa2_2016.318021481"},{"type":"Feature","properties":{"sa2_name16":"Bardon","unemployment_rate":4.9235,"sa2_code16":"305041134"},"id":"natsem_social_indicators_unemployment_sa2_2016.305041134"},{"type":"Feature","properties":{"sa2_name16":"Paddington - Milton","unemployment_rate":5.12436,"sa2_code16":"305041135"},"id":"natsem_social_indicators_unemployment_sa2_2016.305041135"},{"type":"Feature","properties":{"sa2_name16":"Red Hill (Qld)","unemployment_rate":5.75286,"sa2_code16":"305041136"},"id":"natsem_social_indicators_unemployment_sa2_2016.305041136"},{"type":"Feature","properties":{"sa2_name16":"Brinsmead","unemployment_rate":5.0308,"sa2_code16":"306011138"},"id":"natsem_social_indicators_unemployment_sa2_2016.306011138"},{"type":"Feature","properties":{"sa2_name16":"Clifton Beach - Kewarra Beach","unemployment_rate":6.67291,"sa2_code16":"306011139"},"id":"natsem_social_indicators_unemployment_sa2_2016.306011139"},{"type":"Feature","properties":{"sa2_name16":"Toowong","unemployment_rate":8.43295,"sa2_code16":"305041137"},"id":"natsem_social_indicators_unemployment_sa2_2016.305041137"},{"type":"Feature","properties":{"sa2_name16":"Bentley Park","unemployment_rate":7.95543,"sa2_code16":"306021144"},"id":"natsem_social_indicators_unemployment_sa2_2016.306021144"},{"type":"Feature","properties":{"sa2_name16":"Freshwater - Stratford","unemployment_rate":4.87421,"sa2_code16":"306011140"},"id":"natsem_social_indicators_unemployment_sa2_2016.306011140"},{"type":"Feature","properties":{"sa2_name16":"Redlynch","unemployment_rate":4.8913,"sa2_code16":"306011141"},"id":"natsem_social_indicators_unemployment_sa2_2016.306011141"},{"type":"Feature","properties":{"sa2_name16":"Trinity Beach - Smithfield","unemployment_rate":6.99588,"sa2_code16":"306011142"},"id":"natsem_social_indicators_unemployment_sa2_2016.306011142"},{"type":"Feature","properties":{"sa2_name16":"Yorkeys Knob - Machans Beach","unemployment_rate":8.49315,"sa2_code16":"306011143"},"id":"natsem_social_indicators_unemployment_sa2_2016.306011143"},{"type":"Feature","properties":{"sa2_name16":"Cairns City","unemployment_rate":9.44562,"sa2_code16":"306021145"},"id":"natsem_social_indicators_unemployment_sa2_2016.306021145"},{"type":"Feature","properties":{"sa2_name16":"Reedy Creek - Andrews","unemployment_rate":5.3956,"sa2_code16":"309051245"},"id":"natsem_social_indicators_unemployment_sa2_2016.309051245"},{"type":"Feature","properties":{"sa2_name16":"Earlville - Bayview Heights","unemployment_rate":6.53159,"sa2_code16":"306021146"},"id":"natsem_social_indicators_unemployment_sa2_2016.306021146"},{"type":"Feature","properties":{"sa2_name16":"Kanimbla - Mooroobool","unemployment_rate":7.14894,"sa2_code16":"306021149"},"id":"natsem_social_indicators_unemployment_sa2_2016.306021149"},{"type":"Feature","properties":{"sa2_name16":"Lamb Range","unemployment_rate":0.0,"sa2_code16":"306021150"},"id":"natsem_social_indicators_unemployment_sa2_2016.306021150"},{"type":"Feature","properties":{"sa2_name16":"Edmonton","unemployment_rate":8.16782,"sa2_code16":"306021147"},"id":"natsem_social_indicators_unemployment_sa2_2016.306021147"},{"type":"Feature","properties":{"sa2_name16":"Gordonvale - Trinity","unemployment_rate":7.39087,"sa2_code16":"306021148"},"id":"natsem_social_indicators_unemployment_sa2_2016.306021148"},{"type":"Feature","properties":{"sa2_name16":"Westcourt - Bungalow","unemployment_rate":12.0274,"sa2_code16":"306021154"},"id":"natsem_social_indicators_unemployment_sa2_2016.306021154"},{"type":"Feature","properties":{"sa2_name16":"White Rock","unemployment_rate":9.2944,"sa2_code16":"306021155"},"id":"natsem_social_indicators_unemployment_sa2_2016.306021155"},{"type":"Feature","properties":{"sa2_name16":"Woree","unemployment_rate":11.866,"sa2_code16":"306021157"},"id":"natsem_social_indicators_unemployment_sa2_2016.306021157"},{"type":"Feature","properties":{"sa2_name16":"Babinda","unemployment_rate":7.72555,"sa2_code16":"306031158"},"id":"natsem_social_indicators_unemployment_sa2_2016.306031158"},{"type":"Feature","properties":{"sa2_name16":"Park Avenue","unemployment_rate":10.3075,"sa2_code16":"308031214"},"id":"natsem_social_indicators_unemployment_sa2_2016.308031214"},{"type":"Feature","properties":{"sa2_name16":"Parkhurst - Kawana","unemployment_rate":8.49057,"sa2_code16":"308031215"},"id":"natsem_social_indicators_unemployment_sa2_2016.308031215"},{"type":"Feature","properties":{"sa2_name16":"Innisfail","unemployment_rate":10.8246,"sa2_code16":"306031159"},"id":"natsem_social_indicators_unemployment_sa2_2016.306031159"},{"type":"Feature","properties":{"sa2_name16":"Johnstone","unemployment_rate":7.12275,"sa2_code16":"306031160"},"id":"natsem_social_indicators_unemployment_sa2_2016.306031160"},{"type":"Feature","properties":{"sa2_name16":"Stanthorpe","unemployment_rate":7.49747,"sa2_code16":"307031187"},"id":"natsem_social_indicators_unemployment_sa2_2016.307031187"},{"type":"Feature","properties":{"sa2_name16":"Stanthorpe Region","unemployment_rate":6.78191,"sa2_code16":"307031188"},"id":"natsem_social_indicators_unemployment_sa2_2016.307031188"},{"type":"Feature","properties":{"sa2_name16":"Biloela","unemployment_rate":4.12765,"sa2_code16":"308041529"},"id":"natsem_social_indicators_unemployment_sa2_2016.308041529"},{"type":"Feature","properties":{"sa2_name16":"Agnes Water - Miriam Vale","unemployment_rate":12.5381,"sa2_code16":"308051530"},"id":"natsem_social_indicators_unemployment_sa2_2016.308051530"},{"type":"Feature","properties":{"sa2_name16":"Boyne Island - Tannum Sands","unemployment_rate":10.7201,"sa2_code16":"308051531"},"id":"natsem_social_indicators_unemployment_sa2_2016.308051531"},{"type":"Feature","properties":{"sa2_name16":"Callemondah","unemployment_rate":0.0,"sa2_code16":"308051532"},"id":"natsem_social_indicators_unemployment_sa2_2016.308051532"},{"type":"Feature","properties":{"sa2_name16":"Warwick","unemployment_rate":7.05367,"sa2_code16":"307031189"},"id":"natsem_social_indicators_unemployment_sa2_2016.307031189"},{"type":"Feature","properties":{"sa2_name16":"Central Highlands - East","unemployment_rate":6.48122,"sa2_code16":"308011190"},"id":"natsem_social_indicators_unemployment_sa2_2016.308011190"},{"type":"Feature","properties":{"sa2_name16":"Central Highlands - West","unemployment_rate":5.18436,"sa2_code16":"308011191"},"id":"natsem_social_indicators_unemployment_sa2_2016.308011191"},{"type":"Feature","properties":{"sa2_name16":"Berserker","unemployment_rate":12.2349,"sa2_code16":"308031205"},"id":"natsem_social_indicators_unemployment_sa2_2016.308031205"},{"type":"Feature","properties":{"sa2_name16":"Bouldercombe","unemployment_rate":6.43939,"sa2_code16":"308031206"},"id":"natsem_social_indicators_unemployment_sa2_2016.308031206"},{"type":"Feature","properties":{"sa2_name16":"Emu Park","unemployment_rate":11.697,"sa2_code16":"308031207"},"id":"natsem_social_indicators_unemployment_sa2_2016.308031207"},{"type":"Feature","properties":{"sa2_name16":"Frenchville - Mount Archer","unemployment_rate":7.66343,"sa2_code16":"308031208"},"id":"natsem_social_indicators_unemployment_sa2_2016.308031208"},{"type":"Feature","properties":{"sa2_name16":"Glenlee - Rockyview","unemployment_rate":4.86859,"sa2_code16":"308031209"},"id":"natsem_social_indicators_unemployment_sa2_2016.308031209"},{"type":"Feature","properties":{"sa2_name16":"Gracemere","unemployment_rate":9.97255,"sa2_code16":"308031210"},"id":"natsem_social_indicators_unemployment_sa2_2016.308031210"},{"type":"Feature","properties":{"sa2_name16":"Lakes Creek","unemployment_rate":10.2212,"sa2_code16":"308031211"},"id":"natsem_social_indicators_unemployment_sa2_2016.308031211"},{"type":"Feature","properties":{"sa2_name16":"Mount Morgan","unemployment_rate":20.2867,"sa2_code16":"308031212"},"id":"natsem_social_indicators_unemployment_sa2_2016.308031212"},{"type":"Feature","properties":{"sa2_name16":"Norman Gardens","unemployment_rate":6.9996,"sa2_code16":"308031213"},"id":"natsem_social_indicators_unemployment_sa2_2016.308031213"},{"type":"Feature","properties":{"sa2_name16":"Rockhampton - West","unemployment_rate":8.36683,"sa2_code16":"308031216"},"id":"natsem_social_indicators_unemployment_sa2_2016.308031216"},{"type":"Feature","properties":{"sa2_name16":"Rockhampton City","unemployment_rate":15.7934,"sa2_code16":"308031217"},"id":"natsem_social_indicators_unemployment_sa2_2016.308031217"},{"type":"Feature","properties":{"sa2_name16":"Rockhampton Region - East","unemployment_rate":8.0292,"sa2_code16":"308031218"},"id":"natsem_social_indicators_unemployment_sa2_2016.308031218"},{"type":"Feature","properties":{"sa2_name16":"Rockhampton Region - North","unemployment_rate":7.71637,"sa2_code16":"308031219"},"id":"natsem_social_indicators_unemployment_sa2_2016.308031219"},{"type":"Feature","properties":{"sa2_name16":"Rockhampton Region - West","unemployment_rate":6.39659,"sa2_code16":"308031220"},"id":"natsem_social_indicators_unemployment_sa2_2016.308031220"},{"type":"Feature","properties":{"sa2_name16":"Shoalwater Bay","unemployment_rate":0.0,"sa2_code16":"308031221"},"id":"natsem_social_indicators_unemployment_sa2_2016.308031221"},{"type":"Feature","properties":{"sa2_name16":"The Range - Allenstown","unemployment_rate":8.68465,"sa2_code16":"308031222"},"id":"natsem_social_indicators_unemployment_sa2_2016.308031222"},{"type":"Feature","properties":{"sa2_name16":"Yeppoon","unemployment_rate":8.17993,"sa2_code16":"308031223"},"id":"natsem_social_indicators_unemployment_sa2_2016.308031223"},{"type":"Feature","properties":{"sa2_name16":"Banana","unemployment_rate":4.20354,"sa2_code16":"308041528"},"id":"natsem_social_indicators_unemployment_sa2_2016.308041528"},{"type":"Feature","properties":{"sa2_name16":"Clinton - New Auckland","unemployment_rate":10.7715,"sa2_code16":"308051533"},"id":"natsem_social_indicators_unemployment_sa2_2016.308051533"},{"type":"Feature","properties":{"sa2_name16":"Gladstone","unemployment_rate":13.935,"sa2_code16":"308051534"},"id":"natsem_social_indicators_unemployment_sa2_2016.308051534"},{"type":"Feature","properties":{"sa2_name16":"Gladstone Hinterland","unemployment_rate":9.22127,"sa2_code16":"308051535"},"id":"natsem_social_indicators_unemployment_sa2_2016.308051535"},{"type":"Feature","properties":{"sa2_name16":"Kin Kora - Sun Valley","unemployment_rate":11.2853,"sa2_code16":"308051536"},"id":"natsem_social_indicators_unemployment_sa2_2016.308051536"},{"type":"Feature","properties":{"sa2_name16":"South Trees","unemployment_rate":0.0,"sa2_code16":"308051537"},"id":"natsem_social_indicators_unemployment_sa2_2016.308051537"},{"type":"Feature","properties":{"sa2_name16":"Telina - Toolooa","unemployment_rate":10.7443,"sa2_code16":"308051538"},"id":"natsem_social_indicators_unemployment_sa2_2016.308051538"},{"type":"Feature","properties":{"sa2_name16":"West Gladstone","unemployment_rate":14.1889,"sa2_code16":"308051539"},"id":"natsem_social_indicators_unemployment_sa2_2016.308051539"},{"type":"Feature","properties":{"sa2_name16":"Broadbeach Waters","unemployment_rate":6.1317,"sa2_code16":"309011224"},"id":"natsem_social_indicators_unemployment_sa2_2016.309011224"},{"type":"Feature","properties":{"sa2_name16":"Burleigh Heads","unemployment_rate":5.64684,"sa2_code16":"309011225"},"id":"natsem_social_indicators_unemployment_sa2_2016.309011225"},{"type":"Feature","properties":{"sa2_name16":"Burleigh Waters","unemployment_rate":5.54729,"sa2_code16":"309011226"},"id":"natsem_social_indicators_unemployment_sa2_2016.309011226"},{"type":"Feature","properties":{"sa2_name16":"Mermaid Beach - Broadbeach","unemployment_rate":5.6338,"sa2_code16":"309011227"},"id":"natsem_social_indicators_unemployment_sa2_2016.309011227"},{"type":"Feature","properties":{"sa2_name16":"Worongary - Tallai","unemployment_rate":6.04763,"sa2_code16":"309061250"},"id":"natsem_social_indicators_unemployment_sa2_2016.309061250"},{"type":"Feature","properties":{"sa2_name16":"Mermaid Waters","unemployment_rate":6.75722,"sa2_code16":"309011228"},"id":"natsem_social_indicators_unemployment_sa2_2016.309011228"},{"type":"Feature","properties":{"sa2_name16":"Coolangatta","unemployment_rate":7.42574,"sa2_code16":"309021230"},"id":"natsem_social_indicators_unemployment_sa2_2016.309021230"},{"type":"Feature","properties":{"sa2_name16":"Miami","unemployment_rate":5.13369,"sa2_code16":"309011229"},"id":"natsem_social_indicators_unemployment_sa2_2016.309011229"},{"type":"Feature","properties":{"sa2_name16":"Merrimac","unemployment_rate":5.76923,"sa2_code16":"309081260"},"id":"natsem_social_indicators_unemployment_sa2_2016.309081260"},{"type":"Feature","properties":{"sa2_name16":"Currumbin - Tugun","unemployment_rate":6.35625,"sa2_code16":"309021231"},"id":"natsem_social_indicators_unemployment_sa2_2016.309021231"},{"type":"Feature","properties":{"sa2_name16":"Currumbin Waters","unemployment_rate":6.8097,"sa2_code16":"309021232"},"id":"natsem_social_indicators_unemployment_sa2_2016.309021232"},{"type":"Feature","properties":{"sa2_name16":"Elanora","unemployment_rate":6.29781,"sa2_code16":"309021233"},"id":"natsem_social_indicators_unemployment_sa2_2016.309021233"},{"type":"Feature","properties":{"sa2_name16":"Biggera Waters","unemployment_rate":9.26688,"sa2_code16":"309031236"},"id":"natsem_social_indicators_unemployment_sa2_2016.309031236"},{"type":"Feature","properties":{"sa2_name16":"Palm Beach","unemployment_rate":6.43659,"sa2_code16":"309021234"},"id":"natsem_social_indicators_unemployment_sa2_2016.309021234"},{"type":"Feature","properties":{"sa2_name16":"Arundel","unemployment_rate":7.60982,"sa2_code16":"309031235"},"id":"natsem_social_indicators_unemployment_sa2_2016.309031235"},{"type":"Feature","properties":{"sa2_name16":"Coombabah","unemployment_rate":8.6003,"sa2_code16":"309031237"},"id":"natsem_social_indicators_unemployment_sa2_2016.309031237"},{"type":"Feature","properties":{"sa2_name16":"Molendinar","unemployment_rate":8.10893,"sa2_code16":"309091264"},"id":"natsem_social_indicators_unemployment_sa2_2016.309091264"},{"type":"Feature","properties":{"sa2_name16":"Labrador","unemployment_rate":10.3947,"sa2_code16":"309031238"},"id":"natsem_social_indicators_unemployment_sa2_2016.309031238"},{"type":"Feature","properties":{"sa2_name16":"Runaway Bay","unemployment_rate":7.0557,"sa2_code16":"309031240"},"id":"natsem_social_indicators_unemployment_sa2_2016.309031240"},{"type":"Feature","properties":{"sa2_name16":"Paradise Point - Hollywell","unemployment_rate":5.49105,"sa2_code16":"309031239"},"id":"natsem_social_indicators_unemployment_sa2_2016.309031239"},{"type":"Feature","properties":{"sa2_name16":"Guanaba - Springbrook","unemployment_rate":6.26233,"sa2_code16":"309041241"},"id":"natsem_social_indicators_unemployment_sa2_2016.309041241"},{"type":"Feature","properties":{"sa2_name16":"Tamborine - Canungra","unemployment_rate":5.55111,"sa2_code16":"309041242"},"id":"natsem_social_indicators_unemployment_sa2_2016.309041242"},{"type":"Feature","properties":{"sa2_name16":"Currumbin Valley - Tallebudgera","unemployment_rate":5.45455,"sa2_code16":"309051243"},"id":"natsem_social_indicators_unemployment_sa2_2016.309051243"},{"type":"Feature","properties":{"sa2_name16":"Mudgeeraba - Bonogin","unemployment_rate":5.83185,"sa2_code16":"309051244"},"id":"natsem_social_indicators_unemployment_sa2_2016.309051244"},{"type":"Feature","properties":{"sa2_name16":"Carrara","unemployment_rate":6.68863,"sa2_code16":"309061246"},"id":"natsem_social_indicators_unemployment_sa2_2016.309061246"},{"type":"Feature","properties":{"sa2_name16":"Highland Park","unemployment_rate":6.96948,"sa2_code16":"309061247"},"id":"natsem_social_indicators_unemployment_sa2_2016.309061247"},{"type":"Feature","properties":{"sa2_name16":"Nerang - Mount Nathan","unemployment_rate":7.68592,"sa2_code16":"309061248"},"id":"natsem_social_indicators_unemployment_sa2_2016.309061248"},{"type":"Feature","properties":{"sa2_name16":"Pacific Pines - Gaven","unemployment_rate":7.13389,"sa2_code16":"309061249"},"id":"natsem_social_indicators_unemployment_sa2_2016.309061249"},{"type":"Feature","properties":{"sa2_name16":"Parkwood","unemployment_rate":7.69231,"sa2_code16":"309091265"},"id":"natsem_social_indicators_unemployment_sa2_2016.309091265"},{"type":"Feature","properties":{"sa2_name16":"Coomera","unemployment_rate":8.15496,"sa2_code16":"309071251"},"id":"natsem_social_indicators_unemployment_sa2_2016.309071251"},{"type":"Feature","properties":{"sa2_name16":"Helensvale","unemployment_rate":6.76036,"sa2_code16":"309071252"},"id":"natsem_social_indicators_unemployment_sa2_2016.309071252"},{"type":"Feature","properties":{"sa2_name16":"Hope Island","unemployment_rate":5.91728,"sa2_code16":"309071253"},"id":"natsem_social_indicators_unemployment_sa2_2016.309071253"},{"type":"Feature","properties":{"sa2_name16":"Jacobs Well - Alberton","unemployment_rate":5.74001,"sa2_code16":"309071254"},"id":"natsem_social_indicators_unemployment_sa2_2016.309071254"},{"type":"Feature","properties":{"sa2_name16":"Ormeau - Yatala","unemployment_rate":6.21688,"sa2_code16":"309071255"},"id":"natsem_social_indicators_unemployment_sa2_2016.309071255"},{"type":"Feature","properties":{"sa2_name16":"Oxenford - Maudsland","unemployment_rate":6.79268,"sa2_code16":"309071256"},"id":"natsem_social_indicators_unemployment_sa2_2016.309071256"},{"type":"Feature","properties":{"sa2_name16":"Pimpama","unemployment_rate":8.6259,"sa2_code16":"309071257"},"id":"natsem_social_indicators_unemployment_sa2_2016.309071257"},{"type":"Feature","properties":{"sa2_name16":"Upper Coomera - Willow Vale","unemployment_rate":7.03829,"sa2_code16":"309071258"},"id":"natsem_social_indicators_unemployment_sa2_2016.309071258"},{"type":"Feature","properties":{"sa2_name16":"Clear Island Waters","unemployment_rate":5.97448,"sa2_code16":"309081259"},"id":"natsem_social_indicators_unemployment_sa2_2016.309081259"},{"type":"Feature","properties":{"sa2_name16":"Robina","unemployment_rate":7.29213,"sa2_code16":"309081261"},"id":"natsem_social_indicators_unemployment_sa2_2016.309081261"},{"type":"Feature","properties":{"sa2_name16":"Bundall","unemployment_rate":5.7508,"sa2_code16":"309101268"},"id":"natsem_social_indicators_unemployment_sa2_2016.309101268"},{"type":"Feature","properties":{"sa2_name16":"Varsity Lakes","unemployment_rate":7.11258,"sa2_code16":"309081262"},"id":"natsem_social_indicators_unemployment_sa2_2016.309081262"},{"type":"Feature","properties":{"sa2_name16":"Ashmore","unemployment_rate":6.8219,"sa2_code16":"309091263"},"id":"natsem_social_indicators_unemployment_sa2_2016.309091263"},{"type":"Feature","properties":{"sa2_name16":"Southport - North","unemployment_rate":12.2644,"sa2_code16":"309091540"},"id":"natsem_social_indicators_unemployment_sa2_2016.309091540"},{"type":"Feature","properties":{"sa2_name16":"Inala - Richlands","unemployment_rate":16.8792,"sa2_code16":"310011274"},"id":"natsem_social_indicators_unemployment_sa2_2016.310011274"},{"type":"Feature","properties":{"sa2_name16":"Southport - South","unemployment_rate":9.15822,"sa2_code16":"309091541"},"id":"natsem_social_indicators_unemployment_sa2_2016.309091541"},{"type":"Feature","properties":{"sa2_name16":"Benowa","unemployment_rate":5.79672,"sa2_code16":"309101267"},"id":"natsem_social_indicators_unemployment_sa2_2016.309101267"},{"type":"Feature","properties":{"sa2_name16":"Lockyer Valley - East","unemployment_rate":9.36871,"sa2_code16":"310021280"},"id":"natsem_social_indicators_unemployment_sa2_2016.310021280"},{"type":"Feature","properties":{"sa2_name16":"Lowood","unemployment_rate":8.84656,"sa2_code16":"310021281"},"id":"natsem_social_indicators_unemployment_sa2_2016.310021281"},{"type":"Feature","properties":{"sa2_name16":"Rosewood","unemployment_rate":6.65421,"sa2_code16":"310021282"},"id":"natsem_social_indicators_unemployment_sa2_2016.310021282"},{"type":"Feature","properties":{"sa2_name16":"Main Beach","unemployment_rate":5.89595,"sa2_code16":"309101269"},"id":"natsem_social_indicators_unemployment_sa2_2016.309101269"},{"type":"Feature","properties":{"sa2_name16":"Surfers Paradise","unemployment_rate":9.44269,"sa2_code16":"309101270"},"id":"natsem_social_indicators_unemployment_sa2_2016.309101270"},{"type":"Feature","properties":{"sa2_name16":"Ipswich - North","unemployment_rate":4.98353,"sa2_code16":"310031288"},"id":"natsem_social_indicators_unemployment_sa2_2016.310031288"},{"type":"Feature","properties":{"sa2_name16":"Darra - Sumner","unemployment_rate":8.90052,"sa2_code16":"310011271"},"id":"natsem_social_indicators_unemployment_sa2_2016.310011271"},{"type":"Feature","properties":{"sa2_name16":"Durack","unemployment_rate":10.4944,"sa2_code16":"310011272"},"id":"natsem_social_indicators_unemployment_sa2_2016.310011272"},{"type":"Feature","properties":{"sa2_name16":"Karana Downs","unemployment_rate":5.44832,"sa2_code16":"310031290"},"id":"natsem_social_indicators_unemployment_sa2_2016.310031290"},{"type":"Feature","properties":{"sa2_name16":"Leichhardt - One Mile","unemployment_rate":13.7221,"sa2_code16":"310031291"},"id":"natsem_social_indicators_unemployment_sa2_2016.310031291"},{"type":"Feature","properties":{"sa2_name16":"Springfield Lakes","unemployment_rate":6.95263,"sa2_code16":"310041304"},"id":"natsem_social_indicators_unemployment_sa2_2016.310041304"},{"type":"Feature","properties":{"sa2_name16":"Beaudesert","unemployment_rate":8.12201,"sa2_code16":"311011305"},"id":"natsem_social_indicators_unemployment_sa2_2016.311011305"},{"type":"Feature","properties":{"sa2_name16":"Forest Lake - Doolandella","unemployment_rate":7.60747,"sa2_code16":"310011273"},"id":"natsem_social_indicators_unemployment_sa2_2016.310011273"},{"type":"Feature","properties":{"sa2_name16":"Carole Park","unemployment_rate":0.0,"sa2_code16":"310041298"},"id":"natsem_social_indicators_unemployment_sa2_2016.310041298"},{"type":"Feature","properties":{"sa2_name16":"Collingwood Park - Redbank","unemployment_rate":10.0746,"sa2_code16":"310041299"},"id":"natsem_social_indicators_unemployment_sa2_2016.310041299"},{"type":"Feature","properties":{"sa2_name16":"Goodna","unemployment_rate":14.7141,"sa2_code16":"310041300"},"id":"natsem_social_indicators_unemployment_sa2_2016.310041300"},{"type":"Feature","properties":{"sa2_name16":"Oxley (Qld)","unemployment_rate":6.4047,"sa2_code16":"310011275"},"id":"natsem_social_indicators_unemployment_sa2_2016.310011275"},{"type":"Feature","properties":{"sa2_name16":"Wacol","unemployment_rate":18.4369,"sa2_code16":"310011276"},"id":"natsem_social_indicators_unemployment_sa2_2016.310011276"},{"type":"Feature","properties":{"sa2_name16":"Boonah","unemployment_rate":5.20483,"sa2_code16":"310021277"},"id":"natsem_social_indicators_unemployment_sa2_2016.310021277"},{"type":"Feature","properties":{"sa2_name16":"Esk","unemployment_rate":8.69565,"sa2_code16":"310021278"},"id":"natsem_social_indicators_unemployment_sa2_2016.310021278"},{"type":"Feature","properties":{"sa2_name16":"Lake Manchester - England Creek","unemployment_rate":0.0,"sa2_code16":"310021279"},"id":"natsem_social_indicators_unemployment_sa2_2016.310021279"},{"type":"Feature","properties":{"sa2_name16":"Brassall","unemployment_rate":9.29705,"sa2_code16":"310031283"},"id":"natsem_social_indicators_unemployment_sa2_2016.310031283"},{"type":"Feature","properties":{"sa2_name16":"Bundamba","unemployment_rate":10.5595,"sa2_code16":"310031284"},"id":"natsem_social_indicators_unemployment_sa2_2016.310031284"},{"type":"Feature","properties":{"sa2_name16":"Churchill - Yamanto","unemployment_rate":7.35251,"sa2_code16":"310031285"},"id":"natsem_social_indicators_unemployment_sa2_2016.310031285"},{"type":"Feature","properties":{"sa2_name16":"Ipswich - Central","unemployment_rate":11.476,"sa2_code16":"310031286"},"id":"natsem_social_indicators_unemployment_sa2_2016.310031286"},{"type":"Feature","properties":{"sa2_name16":"Ipswich - East","unemployment_rate":10.5537,"sa2_code16":"310031287"},"id":"natsem_social_indicators_unemployment_sa2_2016.310031287"},{"type":"Feature","properties":{"sa2_name16":"Karalee - Barellan Point","unemployment_rate":5.41455,"sa2_code16":"310031289"},"id":"natsem_social_indicators_unemployment_sa2_2016.310031289"},{"type":"Feature","properties":{"sa2_name16":"North Ipswich - Tivoli","unemployment_rate":10.0341,"sa2_code16":"310031292"},"id":"natsem_social_indicators_unemployment_sa2_2016.310031292"},{"type":"Feature","properties":{"sa2_name16":"Edens Landing - Holmview","unemployment_rate":8.34715,"sa2_code16":"311021308"},"id":"natsem_social_indicators_unemployment_sa2_2016.311021308"},{"type":"Feature","properties":{"sa2_name16":"Raceview","unemployment_rate":7.84593,"sa2_code16":"310031293"},"id":"natsem_social_indicators_unemployment_sa2_2016.310031293"},{"type":"Feature","properties":{"sa2_name16":"Ripley","unemployment_rate":4.73825,"sa2_code16":"310031294"},"id":"natsem_social_indicators_unemployment_sa2_2016.310031294"},{"type":"Feature","properties":{"sa2_name16":"Riverview","unemployment_rate":16.2887,"sa2_code16":"310031295"},"id":"natsem_social_indicators_unemployment_sa2_2016.310031295"},{"type":"Feature","properties":{"sa2_name16":"Bellbird Park - Brookwater","unemployment_rate":7.22793,"sa2_code16":"310041296"},"id":"natsem_social_indicators_unemployment_sa2_2016.310041296"},{"type":"Feature","properties":{"sa2_name16":"Camira - Gailes","unemployment_rate":9.1959,"sa2_code16":"310041297"},"id":"natsem_social_indicators_unemployment_sa2_2016.310041297"},{"type":"Feature","properties":{"sa2_name16":"New Chum","unemployment_rate":0.0,"sa2_code16":"310041301"},"id":"natsem_social_indicators_unemployment_sa2_2016.310041301"},{"type":"Feature","properties":{"sa2_name16":"Redbank Plains","unemployment_rate":12.4971,"sa2_code16":"310041302"},"id":"natsem_social_indicators_unemployment_sa2_2016.310041302"},{"type":"Feature","properties":{"sa2_name16":"Springfield","unemployment_rate":6.83075,"sa2_code16":"310041303"},"id":"natsem_social_indicators_unemployment_sa2_2016.310041303"},{"type":"Feature","properties":{"sa2_name16":"Mount Warren Park","unemployment_rate":7.60746,"sa2_code16":"311021309"},"id":"natsem_social_indicators_unemployment_sa2_2016.311021309"},{"type":"Feature","properties":{"sa2_name16":"Beenleigh","unemployment_rate":12.8271,"sa2_code16":"311021306"},"id":"natsem_social_indicators_unemployment_sa2_2016.311021306"},{"type":"Feature","properties":{"sa2_name16":"Eagleby","unemployment_rate":14.1506,"sa2_code16":"311021307"},"id":"natsem_social_indicators_unemployment_sa2_2016.311021307"},{"type":"Feature","properties":{"sa2_name16":"Wolffdene - Bahrs Scrub","unemployment_rate":6.14856,"sa2_code16":"311021310"},"id":"natsem_social_indicators_unemployment_sa2_2016.311021310"},{"type":"Feature","properties":{"sa2_name16":"Boronia Heights - Park Ridge","unemployment_rate":10.0498,"sa2_code16":"311031311"},"id":"natsem_social_indicators_unemployment_sa2_2016.311031311"},{"type":"Feature","properties":{"sa2_name16":"Browns Plains","unemployment_rate":9.80792,"sa2_code16":"311031312"},"id":"natsem_social_indicators_unemployment_sa2_2016.311031312"},{"type":"Feature","properties":{"sa2_name16":"Chambers Flat - Logan Reserve","unemployment_rate":7.03893,"sa2_code16":"311031313"},"id":"natsem_social_indicators_unemployment_sa2_2016.311031313"},{"type":"Feature","properties":{"sa2_name16":"Crestmead","unemployment_rate":11.6686,"sa2_code16":"311031314"},"id":"natsem_social_indicators_unemployment_sa2_2016.311031314"},{"type":"Feature","properties":{"sa2_name16":"Greenbank Military Camp","unemployment_rate":0.0,"sa2_code16":"311031315"},"id":"natsem_social_indicators_unemployment_sa2_2016.311031315"},{"type":"Feature","properties":{"sa2_name16":"Hillcrest","unemployment_rate":7.69596,"sa2_code16":"311031316"},"id":"natsem_social_indicators_unemployment_sa2_2016.311031316"},{"type":"Feature","properties":{"sa2_name16":"Marsden","unemployment_rate":12.3093,"sa2_code16":"311031317"},"id":"natsem_social_indicators_unemployment_sa2_2016.311031317"},{"type":"Feature","properties":{"sa2_name16":"Munruben - Park Ridge South","unemployment_rate":6.76171,"sa2_code16":"311031318"},"id":"natsem_social_indicators_unemployment_sa2_2016.311031318"},{"type":"Feature","properties":{"sa2_name16":"Waterford West","unemployment_rate":10.5677,"sa2_code16":"311051328"},"id":"natsem_social_indicators_unemployment_sa2_2016.311051328"},{"type":"Feature","properties":{"sa2_name16":"Regents Park - Heritage Park","unemployment_rate":7.12995,"sa2_code16":"311031319"},"id":"natsem_social_indicators_unemployment_sa2_2016.311031319"},{"type":"Feature","properties":{"sa2_name16":"Greenbank","unemployment_rate":6.43505,"sa2_code16":"311041320"},"id":"natsem_social_indicators_unemployment_sa2_2016.311041320"},{"type":"Feature","properties":{"sa2_name16":"Jimboomba","unemployment_rate":6.25874,"sa2_code16":"311041321"},"id":"natsem_social_indicators_unemployment_sa2_2016.311041321"},{"type":"Feature","properties":{"sa2_name16":"Bethania - Waterford","unemployment_rate":7.90822,"sa2_code16":"311051323"},"id":"natsem_social_indicators_unemployment_sa2_2016.311051323"},{"type":"Feature","properties":{"sa2_name16":"Logan Village","unemployment_rate":5.05257,"sa2_code16":"311041322"},"id":"natsem_social_indicators_unemployment_sa2_2016.311041322"},{"type":"Feature","properties":{"sa2_name16":"Cornubia - Carbrook","unemployment_rate":5.66988,"sa2_code16":"311051324"},"id":"natsem_social_indicators_unemployment_sa2_2016.311051324"},{"type":"Feature","properties":{"sa2_name16":"Loganholme - Tanah Merah","unemployment_rate":6.86223,"sa2_code16":"311051325"},"id":"natsem_social_indicators_unemployment_sa2_2016.311051325"},{"type":"Feature","properties":{"sa2_name16":"Shailer Park","unemployment_rate":6.00093,"sa2_code16":"311051327"},"id":"natsem_social_indicators_unemployment_sa2_2016.311051327"},{"type":"Feature","properties":{"sa2_name16":"Loganlea","unemployment_rate":12.0088,"sa2_code16":"311051326"},"id":"natsem_social_indicators_unemployment_sa2_2016.311051326"},{"type":"Feature","properties":{"sa2_name16":"Kingston (Qld.)","unemployment_rate":15.9405,"sa2_code16":"311061330"},"id":"natsem_social_indicators_unemployment_sa2_2016.311061330"},{"type":"Feature","properties":{"sa2_name16":"Logan Central","unemployment_rate":21.4429,"sa2_code16":"311061331"},"id":"natsem_social_indicators_unemployment_sa2_2016.311061331"},{"type":"Feature","properties":{"sa2_name16":"Rochedale South - Priestdale","unemployment_rate":5.75457,"sa2_code16":"311061332"},"id":"natsem_social_indicators_unemployment_sa2_2016.311061332"},{"type":"Feature","properties":{"sa2_name16":"Slacks Creek","unemployment_rate":12.2114,"sa2_code16":"311061333"},"id":"natsem_social_indicators_unemployment_sa2_2016.311061333"},{"type":"Feature","properties":{"sa2_name16":"Springwood","unemployment_rate":6.89655,"sa2_code16":"311061334"},"id":"natsem_social_indicators_unemployment_sa2_2016.311061334"},{"type":"Feature","properties":{"sa2_name16":"Bowen","unemployment_rate":8.84422,"sa2_code16":"312011337"},"id":"natsem_social_indicators_unemployment_sa2_2016.312011337"},{"type":"Feature","properties":{"sa2_name16":"Broadsound - Nebo","unemployment_rate":4.5489,"sa2_code16":"312011338"},"id":"natsem_social_indicators_unemployment_sa2_2016.312011338"},{"type":"Feature","properties":{"sa2_name16":"Clermont","unemployment_rate":4.62963,"sa2_code16":"312011339"},"id":"natsem_social_indicators_unemployment_sa2_2016.312011339"},{"type":"Feature","properties":{"sa2_name16":"Collinsville","unemployment_rate":7.7381,"sa2_code16":"312011340"},"id":"natsem_social_indicators_unemployment_sa2_2016.312011340"},{"type":"Feature","properties":{"sa2_name16":"Kirwan - West","unemployment_rate":7.92764,"sa2_code16":"318021482"},"id":"natsem_social_indicators_unemployment_sa2_2016.318021482"},{"type":"Feature","properties":{"sa2_name16":"Moranbah","unemployment_rate":5.4979,"sa2_code16":"312011341"},"id":"natsem_social_indicators_unemployment_sa2_2016.312011341"},{"type":"Feature","properties":{"sa2_name16":"Magnetic Island","unemployment_rate":8.00416,"sa2_code16":"318021483"},"id":"natsem_social_indicators_unemployment_sa2_2016.318021483"},{"type":"Feature","properties":{"sa2_name16":"Mount Louisa","unemployment_rate":6.52783,"sa2_code16":"318021484"},"id":"natsem_social_indicators_unemployment_sa2_2016.318021484"},{"type":"Feature","properties":{"sa2_name16":"Andergrove - Beaconsfield","unemployment_rate":9.54868,"sa2_code16":"312021342"},"id":"natsem_social_indicators_unemployment_sa2_2016.312021342"},{"type":"Feature","properties":{"sa2_name16":"Mount Pleasant - Glenella","unemployment_rate":6.50149,"sa2_code16":"312021348"},"id":"natsem_social_indicators_unemployment_sa2_2016.312021348"},{"type":"Feature","properties":{"sa2_name16":"East Mackay","unemployment_rate":8.97285,"sa2_code16":"312021343"},"id":"natsem_social_indicators_unemployment_sa2_2016.312021343"},{"type":"Feature","properties":{"sa2_name16":"North Mackay","unemployment_rate":12.3144,"sa2_code16":"312021349"},"id":"natsem_social_indicators_unemployment_sa2_2016.312021349"},{"type":"Feature","properties":{"sa2_name16":"Eimeo - Rural View","unemployment_rate":8.70515,"sa2_code16":"312021344"},"id":"natsem_social_indicators_unemployment_sa2_2016.312021344"},{"type":"Feature","properties":{"sa2_name16":"Eungella Hinterland","unemployment_rate":0.0,"sa2_code16":"312021345"},"id":"natsem_social_indicators_unemployment_sa2_2016.312021345"},{"type":"Feature","properties":{"sa2_name16":"Mackay","unemployment_rate":14.7846,"sa2_code16":"312021346"},"id":"natsem_social_indicators_unemployment_sa2_2016.312021346"},{"type":"Feature","properties":{"sa2_name16":"Ooralea - Bakers Creek","unemployment_rate":7.68651,"sa2_code16":"312021350"},"id":"natsem_social_indicators_unemployment_sa2_2016.312021350"},{"type":"Feature","properties":{"sa2_name16":"Pioneer Valley","unemployment_rate":6.85959,"sa2_code16":"312021351"},"id":"natsem_social_indicators_unemployment_sa2_2016.312021351"},{"type":"Feature","properties":{"sa2_name16":"Sarina","unemployment_rate":9.56098,"sa2_code16":"312021352"},"id":"natsem_social_indicators_unemployment_sa2_2016.312021352"},{"type":"Feature","properties":{"sa2_name16":"Seaforth - Calen","unemployment_rate":7.56393,"sa2_code16":"312021353"},"id":"natsem_social_indicators_unemployment_sa2_2016.312021353"},{"type":"Feature","properties":{"sa2_name16":"South Mackay","unemployment_rate":10.8905,"sa2_code16":"312021356"},"id":"natsem_social_indicators_unemployment_sa2_2016.312021356"},{"type":"Feature","properties":{"sa2_name16":"Walkerston - Eton","unemployment_rate":6.21873,"sa2_code16":"312021357"},"id":"natsem_social_indicators_unemployment_sa2_2016.312021357"},{"type":"Feature","properties":{"sa2_name16":"Shoal Point - Bucasia","unemployment_rate":8.55032,"sa2_code16":"312021354"},"id":"natsem_social_indicators_unemployment_sa2_2016.312021354"},{"type":"Feature","properties":{"sa2_name16":"Slade Point","unemployment_rate":10.9848,"sa2_code16":"312021355"},"id":"natsem_social_indicators_unemployment_sa2_2016.312021355"},{"type":"Feature","properties":{"sa2_name16":"Burpengary - East","unemployment_rate":5.38498,"sa2_code16":"313021364"},"id":"natsem_social_indicators_unemployment_sa2_2016.313021364"},{"type":"Feature","properties":{"sa2_name16":"Caboolture","unemployment_rate":12.1723,"sa2_code16":"313021365"},"id":"natsem_social_indicators_unemployment_sa2_2016.313021365"},{"type":"Feature","properties":{"sa2_name16":"Caboolture - South","unemployment_rate":12.5923,"sa2_code16":"313021366"},"id":"natsem_social_indicators_unemployment_sa2_2016.313021366"},{"type":"Feature","properties":{"sa2_name16":"Margate - Woody Point","unemployment_rate":10.303,"sa2_code16":"313051378"},"id":"natsem_social_indicators_unemployment_sa2_2016.313051378"},{"type":"Feature","properties":{"sa2_name16":"Elimbah","unemployment_rate":6.70701,"sa2_code16":"313021367"},"id":"natsem_social_indicators_unemployment_sa2_2016.313021367"},{"type":"Feature","properties":{"sa2_name16":"Burpengary","unemployment_rate":7.31566,"sa2_code16":"313041372"},"id":"natsem_social_indicators_unemployment_sa2_2016.313041372"},{"type":"Feature","properties":{"sa2_name16":"Deception Bay","unemployment_rate":11.4346,"sa2_code16":"313041373"},"id":"natsem_social_indicators_unemployment_sa2_2016.313041373"},{"type":"Feature","properties":{"sa2_name16":"Morayfield","unemployment_rate":6.5748,"sa2_code16":"313041374"},"id":"natsem_social_indicators_unemployment_sa2_2016.313041374"},{"type":"Feature","properties":{"sa2_name16":"Clontarf","unemployment_rate":7.10295,"sa2_code16":"313051377"},"id":"natsem_social_indicators_unemployment_sa2_2016.313051377"},{"type":"Feature","properties":{"sa2_name16":"Newtown (Qld)","unemployment_rate":9.61321,"sa2_code16":"317011453"},"id":"natsem_social_indicators_unemployment_sa2_2016.317011453"},{"type":"Feature","properties":{"sa2_name16":"Redcliffe","unemployment_rate":9.93027,"sa2_code16":"313051379"},"id":"natsem_social_indicators_unemployment_sa2_2016.313051379"},{"type":"Feature","properties":{"sa2_name16":"Rothwell - Kippa-Ring","unemployment_rate":8.8638,"sa2_code16":"313051380"},"id":"natsem_social_indicators_unemployment_sa2_2016.313051380"},{"type":"Feature","properties":{"sa2_name16":"Scarborough - Newport - Moreton Island","unemployment_rate":6.64452,"sa2_code16":"313051542"},"id":"natsem_social_indicators_unemployment_sa2_2016.313051542"},{"type":"Feature","properties":{"sa2_name16":"Eatons Hill","unemployment_rate":5.01913,"sa2_code16":"314011385"},"id":"natsem_social_indicators_unemployment_sa2_2016.314011385"},{"type":"Feature","properties":{"sa2_name16":"The Hills District","unemployment_rate":4.92579,"sa2_code16":"314011386"},"id":"natsem_social_indicators_unemployment_sa2_2016.314011386"},{"type":"Feature","properties":{"sa2_name16":"Albany Creek","unemployment_rate":4.86667,"sa2_code16":"314011382"},"id":"natsem_social_indicators_unemployment_sa2_2016.314011382"},{"type":"Feature","properties":{"sa2_name16":"Cashmere","unemployment_rate":4.93205,"sa2_code16":"314011383"},"id":"natsem_social_indicators_unemployment_sa2_2016.314011383"},{"type":"Feature","properties":{"sa2_name16":"Dayboro","unemployment_rate":4.35947,"sa2_code16":"314011384"},"id":"natsem_social_indicators_unemployment_sa2_2016.314011384"},{"type":"Feature","properties":{"sa2_name16":"Samford Valley","unemployment_rate":4.63723,"sa2_code16":"314011387"},"id":"natsem_social_indicators_unemployment_sa2_2016.314011387"},{"type":"Feature","properties":{"sa2_name16":"Dakabin - Kallangur","unemployment_rate":8.96094,"sa2_code16":"314021388"},"id":"natsem_social_indicators_unemployment_sa2_2016.314021388"},{"type":"Feature","properties":{"sa2_name16":"Carpentaria","unemployment_rate":14.6172,"sa2_code16":"315021404"},"id":"natsem_social_indicators_unemployment_sa2_2016.315021404"},{"type":"Feature","properties":{"sa2_name16":"Toowoomba - Central","unemployment_rate":8.60874,"sa2_code16":"317011456"},"id":"natsem_social_indicators_unemployment_sa2_2016.317011456"},{"type":"Feature","properties":{"sa2_name16":"Murrumba Downs - Griffin","unemployment_rate":6.34694,"sa2_code16":"314021389"},"id":"natsem_social_indicators_unemployment_sa2_2016.314021389"},{"type":"Feature","properties":{"sa2_name16":"North Lakes - Mango Hill","unemployment_rate":7.37609,"sa2_code16":"314021390"},"id":"natsem_social_indicators_unemployment_sa2_2016.314021390"},{"type":"Feature","properties":{"sa2_name16":"Caloundra Hinterland","unemployment_rate":7.52823,"sa2_code16":"316061440"},"id":"natsem_social_indicators_unemployment_sa2_2016.316061440"},{"type":"Feature","properties":{"sa2_name16":"Glass House Mountains","unemployment_rate":7.34149,"sa2_code16":"316061441"},"id":"natsem_social_indicators_unemployment_sa2_2016.316061441"},{"type":"Feature","properties":{"sa2_name16":"Landsborough","unemployment_rate":7.11649,"sa2_code16":"316061442"},"id":"natsem_social_indicators_unemployment_sa2_2016.316061442"},{"type":"Feature","properties":{"sa2_name16":"Maroochy Hinterland","unemployment_rate":7.44094,"sa2_code16":"316061443"},"id":"natsem_social_indicators_unemployment_sa2_2016.316061443"},{"type":"Feature","properties":{"sa2_name16":"Palmwoods","unemployment_rate":6.47143,"sa2_code16":"316061444"},"id":"natsem_social_indicators_unemployment_sa2_2016.316061444"},{"type":"Feature","properties":{"sa2_name16":"Bli Bli","unemployment_rate":6.45742,"sa2_code16":"316071545"},"id":"natsem_social_indicators_unemployment_sa2_2016.316071545"},{"type":"Feature","properties":{"sa2_name16":"Diddillibah - Rosemount","unemployment_rate":6.1237,"sa2_code16":"316071546"},"id":"natsem_social_indicators_unemployment_sa2_2016.316071546"},{"type":"Feature","properties":{"sa2_name16":"Eumundi - Yandina","unemployment_rate":7.30603,"sa2_code16":"316071547"},"id":"natsem_social_indicators_unemployment_sa2_2016.316071547"},{"type":"Feature","properties":{"sa2_name16":"Bray Park","unemployment_rate":7.89002,"sa2_code16":"314031391"},"id":"natsem_social_indicators_unemployment_sa2_2016.314031391"},{"type":"Feature","properties":{"sa2_name16":"Lawnton","unemployment_rate":9.10326,"sa2_code16":"314031392"},"id":"natsem_social_indicators_unemployment_sa2_2016.314031392"},{"type":"Feature","properties":{"sa2_name16":"Noosa Hinterland","unemployment_rate":7.13831,"sa2_code16":"316081549"},"id":"natsem_social_indicators_unemployment_sa2_2016.316081549"},{"type":"Feature","properties":{"sa2_name16":"Petrie","unemployment_rate":7.39111,"sa2_code16":"314031393"},"id":"natsem_social_indicators_unemployment_sa2_2016.314031393"},{"type":"Feature","properties":{"sa2_name16":"Strathpine - Brendale","unemployment_rate":8.62647,"sa2_code16":"314031394"},"id":"natsem_social_indicators_unemployment_sa2_2016.314031394"},{"type":"Feature","properties":{"sa2_name16":"Aurukun","unemployment_rate":37.5335,"sa2_code16":"315011395"},"id":"natsem_social_indicators_unemployment_sa2_2016.315011395"},{"type":"Feature","properties":{"sa2_name16":"Cape York","unemployment_rate":16.0319,"sa2_code16":"315011396"},"id":"natsem_social_indicators_unemployment_sa2_2016.315011396"},{"type":"Feature","properties":{"sa2_name16":"Croydon - Etheridge","unemployment_rate":5.32407,"sa2_code16":"315011397"},"id":"natsem_social_indicators_unemployment_sa2_2016.315011397"},{"type":"Feature","properties":{"sa2_name16":"Kowanyama - Pormpuraaw","unemployment_rate":31.1367,"sa2_code16":"315011398"},"id":"natsem_social_indicators_unemployment_sa2_2016.315011398"},{"type":"Feature","properties":{"sa2_name16":"Northern Peninsula","unemployment_rate":20.3666,"sa2_code16":"315011399"},"id":"natsem_social_indicators_unemployment_sa2_2016.315011399"},{"type":"Feature","properties":{"sa2_name16":"Tablelands","unemployment_rate":8.01909,"sa2_code16":"315011400"},"id":"natsem_social_indicators_unemployment_sa2_2016.315011400"},{"type":"Feature","properties":{"sa2_name16":"Torres","unemployment_rate":8.09689,"sa2_code16":"315011401"},"id":"natsem_social_indicators_unemployment_sa2_2016.315011401"},{"type":"Feature","properties":{"sa2_name16":"Torres Strait Islands","unemployment_rate":16.5049,"sa2_code16":"315011402"},"id":"natsem_social_indicators_unemployment_sa2_2016.315011402"},{"type":"Feature","properties":{"sa2_name16":"Weipa","unemployment_rate":2.89123,"sa2_code16":"315011403"},"id":"natsem_social_indicators_unemployment_sa2_2016.315011403"},{"type":"Feature","properties":{"sa2_name16":"Mount Isa","unemployment_rate":6.1675,"sa2_code16":"315021405"},"id":"natsem_social_indicators_unemployment_sa2_2016.315021405"},{"type":"Feature","properties":{"sa2_name16":"Mount Isa Region","unemployment_rate":5.2819,"sa2_code16":"315021406"},"id":"natsem_social_indicators_unemployment_sa2_2016.315021406"},{"type":"Feature","properties":{"sa2_name16":"Northern Highlands","unemployment_rate":3.08953,"sa2_code16":"315021407"},"id":"natsem_social_indicators_unemployment_sa2_2016.315021407"},{"type":"Feature","properties":{"sa2_name16":"Barcaldine - Blackall","unemployment_rate":3.25602,"sa2_code16":"315031408"},"id":"natsem_social_indicators_unemployment_sa2_2016.315031408"},{"type":"Feature","properties":{"sa2_name16":"Charleville","unemployment_rate":5.01969,"sa2_code16":"315031409"},"id":"natsem_social_indicators_unemployment_sa2_2016.315031409"},{"type":"Feature","properties":{"sa2_name16":"Far Central West","unemployment_rate":4.44856,"sa2_code16":"315031410"},"id":"natsem_social_indicators_unemployment_sa2_2016.315031410"},{"type":"Feature","properties":{"sa2_name16":"Far South West","unemployment_rate":5.00747,"sa2_code16":"315031411"},"id":"natsem_social_indicators_unemployment_sa2_2016.315031411"},{"type":"Feature","properties":{"sa2_name16":"Longreach","unemployment_rate":3.69973,"sa2_code16":"315031412"},"id":"natsem_social_indicators_unemployment_sa2_2016.315031412"},{"type":"Feature","properties":{"sa2_name16":"Toowoomba - East","unemployment_rate":5.18898,"sa2_code16":"317011457"},"id":"natsem_social_indicators_unemployment_sa2_2016.317011457"},{"type":"Feature","properties":{"sa2_name16":"Buderim - North","unemployment_rate":7.26943,"sa2_code16":"316011413"},"id":"natsem_social_indicators_unemployment_sa2_2016.316011413"},{"type":"Feature","properties":{"sa2_name16":"Toowoomba - West","unemployment_rate":4.87953,"sa2_code16":"317011458"},"id":"natsem_social_indicators_unemployment_sa2_2016.317011458"},{"type":"Feature","properties":{"sa2_name16":"Buderim - South","unemployment_rate":6.43739,"sa2_code16":"316011414"},"id":"natsem_social_indicators_unemployment_sa2_2016.316011414"},{"type":"Feature","properties":{"sa2_name16":"Mountain Creek","unemployment_rate":7.18076,"sa2_code16":"316011415"},"id":"natsem_social_indicators_unemployment_sa2_2016.316011415"},{"type":"Feature","properties":{"sa2_name16":"Sippy Downs","unemployment_rate":10.118,"sa2_code16":"316011416"},"id":"natsem_social_indicators_unemployment_sa2_2016.316011416"},{"type":"Feature","properties":{"sa2_name16":"Aroona - Currimundi","unemployment_rate":6.86489,"sa2_code16":"316021417"},"id":"natsem_social_indicators_unemployment_sa2_2016.316021417"},{"type":"Feature","properties":{"sa2_name16":"Buddina - Minyama","unemployment_rate":7.20509,"sa2_code16":"316021418"},"id":"natsem_social_indicators_unemployment_sa2_2016.316021418"},{"type":"Feature","properties":{"sa2_name16":"Caloundra - Kings Beach","unemployment_rate":9.84819,"sa2_code16":"316021419"},"id":"natsem_social_indicators_unemployment_sa2_2016.316021419"},{"type":"Feature","properties":{"sa2_name16":"Caloundra - West","unemployment_rate":6.84361,"sa2_code16":"316021420"},"id":"natsem_social_indicators_unemployment_sa2_2016.316021420"},{"type":"Feature","properties":{"sa2_name16":"Mundingburra","unemployment_rate":8.72274,"sa2_code16":"318021485"},"id":"natsem_social_indicators_unemployment_sa2_2016.318021485"},{"type":"Feature","properties":{"sa2_name16":"Golden Beach - Pelican Waters","unemployment_rate":6.55553,"sa2_code16":"316021421"},"id":"natsem_social_indicators_unemployment_sa2_2016.316021421"},{"type":"Feature","properties":{"sa2_name16":"Northern Beaches","unemployment_rate":10.2077,"sa2_code16":"318021486"},"id":"natsem_social_indicators_unemployment_sa2_2016.318021486"},{"type":"Feature","properties":{"sa2_name16":"Moffat Beach - Battery Hill","unemployment_rate":7.56848,"sa2_code16":"316021422"},"id":"natsem_social_indicators_unemployment_sa2_2016.316021422"},{"type":"Feature","properties":{"sa2_name16":"Parrearra - Warana","unemployment_rate":7.13124,"sa2_code16":"316021423"},"id":"natsem_social_indicators_unemployment_sa2_2016.316021423"},{"type":"Feature","properties":{"sa2_name16":"Wurtulla - Birtinya","unemployment_rate":6.37461,"sa2_code16":"316021424"},"id":"natsem_social_indicators_unemployment_sa2_2016.316021424"},{"type":"Feature","properties":{"sa2_name16":"Coolum Beach","unemployment_rate":6.85185,"sa2_code16":"316031425"},"id":"natsem_social_indicators_unemployment_sa2_2016.316031425"},{"type":"Feature","properties":{"sa2_name16":"Marcoola - Mudjimba","unemployment_rate":7.31988,"sa2_code16":"316031426"},"id":"natsem_social_indicators_unemployment_sa2_2016.316031426"},{"type":"Feature","properties":{"sa2_name16":"Maroochydore - Kuluin","unemployment_rate":7.36748,"sa2_code16":"316031427"},"id":"natsem_social_indicators_unemployment_sa2_2016.316031427"},{"type":"Feature","properties":{"sa2_name16":"Mooloolaba - Alexandra Headland","unemployment_rate":7.42886,"sa2_code16":"316031428"},"id":"natsem_social_indicators_unemployment_sa2_2016.316031428"},{"type":"Feature","properties":{"sa2_name16":"Noosa Heads","unemployment_rate":4.54801,"sa2_code16":"316051434"},"id":"natsem_social_indicators_unemployment_sa2_2016.316051434"},{"type":"Feature","properties":{"sa2_name16":"Noosaville","unemployment_rate":7.0394,"sa2_code16":"316051435"},"id":"natsem_social_indicators_unemployment_sa2_2016.316051435"},{"type":"Feature","properties":{"sa2_name16":"Drayton - Harristown","unemployment_rate":9.2726,"sa2_code16":"317011447"},"id":"natsem_social_indicators_unemployment_sa2_2016.317011447"},{"type":"Feature","properties":{"sa2_name16":"Sunshine Beach","unemployment_rate":5.66625,"sa2_code16":"316051437"},"id":"natsem_social_indicators_unemployment_sa2_2016.316051437"},{"type":"Feature","properties":{"sa2_name16":"Tewantin","unemployment_rate":7.56571,"sa2_code16":"316051438"},"id":"natsem_social_indicators_unemployment_sa2_2016.316051438"},{"type":"Feature","properties":{"sa2_name16":"Peregian Beach - Marcus Beach","unemployment_rate":6.32563,"sa2_code16":"316051543"},"id":"natsem_social_indicators_unemployment_sa2_2016.316051543"},{"type":"Feature","properties":{"sa2_name16":"Peregian Springs","unemployment_rate":6.25409,"sa2_code16":"316051544"},"id":"natsem_social_indicators_unemployment_sa2_2016.316051544"},{"type":"Feature","properties":{"sa2_name16":"Nambour","unemployment_rate":8.85452,"sa2_code16":"316071548"},"id":"natsem_social_indicators_unemployment_sa2_2016.316071548"},{"type":"Feature","properties":{"sa2_name16":"Cambooya - Wyreema","unemployment_rate":5.03089,"sa2_code16":"317011445"},"id":"natsem_social_indicators_unemployment_sa2_2016.317011445"},{"type":"Feature","properties":{"sa2_name16":"Darling Heights","unemployment_rate":10.9587,"sa2_code16":"317011446"},"id":"natsem_social_indicators_unemployment_sa2_2016.317011446"},{"type":"Feature","properties":{"sa2_name16":"Gatton","unemployment_rate":10.1458,"sa2_code16":"317011448"},"id":"natsem_social_indicators_unemployment_sa2_2016.317011448"},{"type":"Feature","properties":{"sa2_name16":"Gowrie (Qld)","unemployment_rate":4.88194,"sa2_code16":"317011449"},"id":"natsem_social_indicators_unemployment_sa2_2016.317011449"},{"type":"Feature","properties":{"sa2_name16":"Highfields","unemployment_rate":4.50422,"sa2_code16":"317011450"},"id":"natsem_social_indicators_unemployment_sa2_2016.317011450"},{"type":"Feature","properties":{"sa2_name16":"Lockyer Valley - West","unemployment_rate":5.65749,"sa2_code16":"317011451"},"id":"natsem_social_indicators_unemployment_sa2_2016.317011451"},{"type":"Feature","properties":{"sa2_name16":"Middle Ridge","unemployment_rate":5.72139,"sa2_code16":"317011452"},"id":"natsem_social_indicators_unemployment_sa2_2016.317011452"},{"type":"Feature","properties":{"sa2_name16":"North Toowoomba - Harlaxton","unemployment_rate":9.88024,"sa2_code16":"317011454"},"id":"natsem_social_indicators_unemployment_sa2_2016.317011454"},{"type":"Feature","properties":{"sa2_name16":"Rangeville","unemployment_rate":6.02282,"sa2_code16":"317011455"},"id":"natsem_social_indicators_unemployment_sa2_2016.317011455"},{"type":"Feature","properties":{"sa2_name16":"Wilsonton","unemployment_rate":8.86772,"sa2_code16":"317011459"},"id":"natsem_social_indicators_unemployment_sa2_2016.317011459"},{"type":"Feature","properties":{"sa2_name16":"Annandale","unemployment_rate":5.76597,"sa2_code16":"318021468"},"id":"natsem_social_indicators_unemployment_sa2_2016.318021468"},{"type":"Feature","properties":{"sa2_name16":"Belgian Gardens - Pallarenda","unemployment_rate":8.68079,"sa2_code16":"318021469"},"id":"natsem_social_indicators_unemployment_sa2_2016.318021469"},{"type":"Feature","properties":{"sa2_name16":"Bohle Plains","unemployment_rate":6.01485,"sa2_code16":"318021470"},"id":"natsem_social_indicators_unemployment_sa2_2016.318021470"},{"type":"Feature","properties":{"sa2_name16":"Ayr","unemployment_rate":6.74877,"sa2_code16":"318011460"},"id":"natsem_social_indicators_unemployment_sa2_2016.318011460"},{"type":"Feature","properties":{"sa2_name16":"Burdekin","unemployment_rate":5.64516,"sa2_code16":"318011461"},"id":"natsem_social_indicators_unemployment_sa2_2016.318011461"},{"type":"Feature","properties":{"sa2_name16":"Charters Towers","unemployment_rate":11.1182,"sa2_code16":"318011462"},"id":"natsem_social_indicators_unemployment_sa2_2016.318011462"},{"type":"Feature","properties":{"sa2_name16":"Dalrymple","unemployment_rate":5.76208,"sa2_code16":"318011463"},"id":"natsem_social_indicators_unemployment_sa2_2016.318011463"},{"type":"Feature","properties":{"sa2_name16":"Ingham","unemployment_rate":7.57042,"sa2_code16":"318011464"},"id":"natsem_social_indicators_unemployment_sa2_2016.318011464"},{"type":"Feature","properties":{"sa2_name16":"Ingham Region","unemployment_rate":5.76852,"sa2_code16":"318011465"},"id":"natsem_social_indicators_unemployment_sa2_2016.318011465"},{"type":"Feature","properties":{"sa2_name16":"Palm Island","unemployment_rate":30.1887,"sa2_code16":"318011466"},"id":"natsem_social_indicators_unemployment_sa2_2016.318011466"},{"type":"Feature","properties":{"sa2_name16":"Aitkenvale","unemployment_rate":11.7513,"sa2_code16":"318021467"},"id":"natsem_social_indicators_unemployment_sa2_2016.318021467"},{"type":"Feature","properties":{"sa2_name16":"Condon - Rasmussen","unemployment_rate":11.9021,"sa2_code16":"318021471"},"id":"natsem_social_indicators_unemployment_sa2_2016.318021471"},{"type":"Feature","properties":{"sa2_name16":"Douglas","unemployment_rate":10.1771,"sa2_code16":"318021474"},"id":"natsem_social_indicators_unemployment_sa2_2016.318021474"},{"type":"Feature","properties":{"sa2_name16":"Bundaberg East - Kalkie","unemployment_rate":9.26396,"sa2_code16":"319011496"},"id":"natsem_social_indicators_unemployment_sa2_2016.319011496"},{"type":"Feature","properties":{"sa2_name16":"Garbutt - West End","unemployment_rate":10.9097,"sa2_code16":"318021475"},"id":"natsem_social_indicators_unemployment_sa2_2016.318021475"},{"type":"Feature","properties":{"sa2_name16":"Gulliver - Currajong - Vincent","unemployment_rate":11.5673,"sa2_code16":"318021476"},"id":"natsem_social_indicators_unemployment_sa2_2016.318021476"},{"type":"Feature","properties":{"sa2_name16":"Heatley","unemployment_rate":14.6919,"sa2_code16":"318021477"},"id":"natsem_social_indicators_unemployment_sa2_2016.318021477"},{"type":"Feature","properties":{"sa2_name16":"Gympie Region","unemployment_rate":9.29635,"sa2_code16":"319031514"},"id":"natsem_social_indicators_unemployment_sa2_2016.319031514"},{"type":"Feature","properties":{"sa2_name16":"Kilkivan","unemployment_rate":8.25688,"sa2_code16":"319031515"},"id":"natsem_social_indicators_unemployment_sa2_2016.319031515"},{"type":"Feature","properties":{"sa2_name16":"Booral - River Heads","unemployment_rate":10.6247,"sa2_code16":"319041516"},"id":"natsem_social_indicators_unemployment_sa2_2016.319041516"},{"type":"Feature","properties":{"sa2_name16":"Hermit Park - Rosslea","unemployment_rate":9.07733,"sa2_code16":"318021478"},"id":"natsem_social_indicators_unemployment_sa2_2016.318021478"},{"type":"Feature","properties":{"sa2_name16":"Hyde Park - Pimlico","unemployment_rate":10.7932,"sa2_code16":"318021479"},"id":"natsem_social_indicators_unemployment_sa2_2016.318021479"},{"type":"Feature","properties":{"sa2_name16":"Kelso","unemployment_rate":11.552,"sa2_code16":"318021480"},"id":"natsem_social_indicators_unemployment_sa2_2016.318021480"},{"type":"Feature","properties":{"sa2_name16":"Oonoonba","unemployment_rate":6.245,"sa2_code16":"318021487"},"id":"natsem_social_indicators_unemployment_sa2_2016.318021487"},{"type":"Feature","properties":{"sa2_name16":"South Townsville - Railway Estate","unemployment_rate":10.6711,"sa2_code16":"318021488"},"id":"natsem_social_indicators_unemployment_sa2_2016.318021488"},{"type":"Feature","properties":{"sa2_name16":"Townsville - South","unemployment_rate":7.07547,"sa2_code16":"318021489"},"id":"natsem_social_indicators_unemployment_sa2_2016.318021489"},{"type":"Feature","properties":{"sa2_name16":"Townsville City - North Ward","unemployment_rate":6.43916,"sa2_code16":"318021490"},"id":"natsem_social_indicators_unemployment_sa2_2016.318021490"},{"type":"Feature","properties":{"sa2_name16":"Wulguru - Roseneath","unemployment_rate":10.0788,"sa2_code16":"318021491"},"id":"natsem_social_indicators_unemployment_sa2_2016.318021491"},{"type":"Feature","properties":{"sa2_name16":"Ashfield - Kepnock","unemployment_rate":9.40848,"sa2_code16":"319011492"},"id":"natsem_social_indicators_unemployment_sa2_2016.319011492"},{"type":"Feature","properties":{"sa2_name16":"Bargara - Burnett Heads","unemployment_rate":9.50112,"sa2_code16":"319011493"},"id":"natsem_social_indicators_unemployment_sa2_2016.319011493"},{"type":"Feature","properties":{"sa2_name16":"Branyan - Kensington","unemployment_rate":8.83899,"sa2_code16":"319011494"},"id":"natsem_social_indicators_unemployment_sa2_2016.319011494"},{"type":"Feature","properties":{"sa2_name16":"Bundaberg","unemployment_rate":16.2031,"sa2_code16":"319011495"},"id":"natsem_social_indicators_unemployment_sa2_2016.319011495"},{"type":"Feature","properties":{"sa2_name16":"Bundaberg North - Gooburrum","unemployment_rate":12.196,"sa2_code16":"319011497"},"id":"natsem_social_indicators_unemployment_sa2_2016.319011497"},{"type":"Feature","properties":{"sa2_name16":"Bundaberg Region - North","unemployment_rate":11.6667,"sa2_code16":"319011498"},"id":"natsem_social_indicators_unemployment_sa2_2016.319011498"},{"type":"Feature","properties":{"sa2_name16":"Bundaberg Region - South","unemployment_rate":9.84073,"sa2_code16":"319011499"},"id":"natsem_social_indicators_unemployment_sa2_2016.319011499"},{"type":"Feature","properties":{"sa2_name16":"Millbank - Avoca","unemployment_rate":9.56175,"sa2_code16":"319011500"},"id":"natsem_social_indicators_unemployment_sa2_2016.319011500"},{"type":"Feature","properties":{"sa2_name16":"Svensson Heights - Norville","unemployment_rate":11.9643,"sa2_code16":"319011501"},"id":"natsem_social_indicators_unemployment_sa2_2016.319011501"},{"type":"Feature","properties":{"sa2_name16":"Walkervale - Avenell Heights","unemployment_rate":11.5181,"sa2_code16":"319011502"},"id":"natsem_social_indicators_unemployment_sa2_2016.319011502"},{"type":"Feature","properties":{"sa2_name16":"Gayndah - Mundubbera","unemployment_rate":5.28651,"sa2_code16":"319021503"},"id":"natsem_social_indicators_unemployment_sa2_2016.319021503"},{"type":"Feature","properties":{"sa2_name16":"Gin Gin","unemployment_rate":13.9493,"sa2_code16":"319021504"},"id":"natsem_social_indicators_unemployment_sa2_2016.319021504"},{"type":"Feature","properties":{"sa2_name16":"Torquay - Scarness - Kawungan","unemployment_rate":13.5883,"sa2_code16":"319041520"},"id":"natsem_social_indicators_unemployment_sa2_2016.319041520"},{"type":"Feature","properties":{"sa2_name16":"Kingaroy","unemployment_rate":6.97781,"sa2_code16":"319021505"},"id":"natsem_social_indicators_unemployment_sa2_2016.319021505"},{"type":"Feature","properties":{"sa2_name16":"Kingaroy Region - North","unemployment_rate":11.1685,"sa2_code16":"319021506"},"id":"natsem_social_indicators_unemployment_sa2_2016.319021506"},{"type":"Feature","properties":{"sa2_name16":"Kingaroy Region - South","unemployment_rate":3.88756,"sa2_code16":"319021507"},"id":"natsem_social_indicators_unemployment_sa2_2016.319021507"},{"type":"Feature","properties":{"sa2_name16":"Monto - Eidsvold","unemployment_rate":6.29021,"sa2_code16":"319021508"},"id":"natsem_social_indicators_unemployment_sa2_2016.319021508"},{"type":"Feature","properties":{"sa2_name16":"Nanango","unemployment_rate":11.85,"sa2_code16":"319021509"},"id":"natsem_social_indicators_unemployment_sa2_2016.319021509"},{"type":"Feature","properties":{"sa2_name16":"North Burnett","unemployment_rate":0.0,"sa2_code16":"319021510"},"id":"natsem_social_indicators_unemployment_sa2_2016.319021510"},{"type":"Feature","properties":{"sa2_name16":"Cooloola","unemployment_rate":12.7364,"sa2_code16":"319031511"},"id":"natsem_social_indicators_unemployment_sa2_2016.319031511"},{"type":"Feature","properties":{"sa2_name16":"Gympie - North","unemployment_rate":11.8714,"sa2_code16":"319031512"},"id":"natsem_social_indicators_unemployment_sa2_2016.319031512"},{"type":"Feature","properties":{"sa2_name16":"Gympie - South","unemployment_rate":7.7271,"sa2_code16":"319031513"},"id":"natsem_social_indicators_unemployment_sa2_2016.319031513"},{"type":"Feature","properties":{"sa2_name16":"Craignish - Dundowran Beach","unemployment_rate":8.20236,"sa2_code16":"319041517"},"id":"natsem_social_indicators_unemployment_sa2_2016.319041517"},{"type":"Feature","properties":{"sa2_name16":"Pialba - Eli Waters","unemployment_rate":13.3485,"sa2_code16":"319041518"},"id":"natsem_social_indicators_unemployment_sa2_2016.319041518"},{"type":"Feature","properties":{"sa2_name16":"Point Vernon","unemployment_rate":12.6406,"sa2_code16":"319041519"},"id":"natsem_social_indicators_unemployment_sa2_2016.319041519"},{"type":"Feature","properties":{"sa2_name16":"Urangan - Wondunna","unemployment_rate":10.5565,"sa2_code16":"319041521"},"id":"natsem_social_indicators_unemployment_sa2_2016.319041521"},{"type":"Feature","properties":{"sa2_name16":"Burrum - Fraser","unemployment_rate":14.5399,"sa2_code16":"319051522"},"id":"natsem_social_indicators_unemployment_sa2_2016.319051522"},{"type":"Feature","properties":{"sa2_name16":"Granville","unemployment_rate":12.4542,"sa2_code16":"319051523"},"id":"natsem_social_indicators_unemployment_sa2_2016.319051523"},{"type":"Feature","properties":{"sa2_name16":"Maryborough (Qld)","unemployment_rate":13.9948,"sa2_code16":"319051524"},"id":"natsem_social_indicators_unemployment_sa2_2016.319051524"},{"type":"Feature","properties":{"sa2_name16":"Maryborough Region - South","unemployment_rate":13.1178,"sa2_code16":"319051525"},"id":"natsem_social_indicators_unemployment_sa2_2016.319051525"},{"type":"Feature","properties":{"sa2_name16":"Tinana","unemployment_rate":8.23045,"sa2_code16":"319051526"},"id":"natsem_social_indicators_unemployment_sa2_2016.319051526"}]}